{
   "ListOfMinistries":[
      {
         "ministryId":1,
         "ministryName":"Agriculture and Farmers Welfare",
         "ministrySchemesList":[
            {
               "schemeUiId":"M_001_S_001",
               "schemeName":"PM Kisan Samman Nidhi \n (PM-Kisan)",
               "schemeObj":"Under the PM Kisan Yojana, income support of Rs 6000 per annum is provided to all eligible farmer families across the country in three equal installments of Rs 2,000 each every four months. The scheme defines family as husband, wife and minor children. The fund of Rs 2,000 is directly transferred to the bank accounts of the farmers/farmer's family.",
               "schemeDesc":"The PM Kisan Yojana came into effect from December 1, 2018. It was launched by prime minister Narendra Modi-led government. The Pradhan Mantri Kisan Samman Nidhi Yojana (PM-Kisan Yojana) is a government scheme through which, all small and marginal farmers will get up to Rs 6,000 per year as minimum income support. This 75,000-crore scheme aims to cover 125 million farmers, irrespective of the size of their landholding in India.",
               "schemeEligiiblity":"Landholding farmers’ families with cultivable landholding in their names can apply under this scheme\nFarmers from both the urban and rural areas\nSmall and marginal farmers families",
               "schemeTargetGroup":"Farmers",
               "schemeMiscDetails":"How to register for PM Kisan Samman Nidhi\nFarmers have to approach the local revenue officer (patwari) or a nodal officer (nominated by the state government)\nThe Common Service Centres (CSCs) have also been authorized to do the registration of the farmers for the Scheme upon payment of fees. \n\nDocuments required to register under PM-Kisan Yojana\n \nAadhaar is mandatory.\n \nApart from Aadhaar, citizenship certificate, landholding papers and bank account details have to be submitted to the concerned authorities",
               "schemeDepartments":"Department of\nAgriculture, Cooperation and\nFarmers Welfare"
            },
            {
               "schemeUiId":"M_001_S_002",
               "schemeName":"PM Kisan Maandhan Yojana \n (PMKMY)",
               "schemeObj":"This scheme meant for old age protection and social security of Small and Marginal Farmers (SMF). All Small and Marginal Farmers having cultivable landholding up to 2 hectares falling in the age group of 18 to 40 years, whose names appear in the land records of States/UTs as on 01.08.2019 are eligible to get benefit under the Scheme.",
               "schemeDesc":"Under this scheme, the farmers would receive a minimum assured pension of Rs 3000/- per month after attaining the age of 60 years and if the farmer dies, the spouse of the farmer shall be entitled to receive 50% of the pension as family pension. Family pension is applicable only to spouse.\n\nOn the maturity of the scheme, an individual will be entitled to obtain a monthly pension of Rs. 3000/-. The pension amount helps pension holders to aid their financial requirements.\nThe applicants between the age group of 18 to 40 years will have to make monthly contributions ranging between Rs 55 to Rs 200 per month till they attain the age of 60.\nOnce the applicant attains the age of 60, he/ she can claim the pension amount. Every month a fixed pension amount gets deposited in the pension account of the respective individual.",
               "schemeEligiiblity":"For Small and Marginal Farmers\nEntry age between 18 to 40 years\nCultivable land up to 2 hectares as per land records of the concerned State/UT\n Farmer should possess\n Aadhaar card\nSavings Bank Account / PM- KISAN Account",
               "schemeTargetGroup":"Farmers",
               "schemeMiscDetails":"For Further details Refer Here: https://pmkmy.gov.in/scheme/pmkmy",
               "schemeDepartments":"Department of Agriculture, Cooperation and\nFarmers Welfare"
            },
            {
               "schemeUiId":"M_001_S_003",
               "schemeName":"PradhanMantri Annadata AAY Sanrakshan Abhiyan \n (PMAASHA)",
               "schemeObj":"This scheme is aimed towards ensuring remunerative prices to farmers for their produce, the government has taken an unprecedented step.",
               "schemeDesc":"Giving a major boost to the pro-farmer initiatives of the Government and in keeping with Government's commitment and dedication for Annadata. It will help to protect farmers' income which is expected to go long way towards the welfare of farmers. Government has already increased the MSP of Kharif crops by following the principle of 1.5 times the cost of production. It is expected that the increase in MSP will be translated to farmer's income by way of robust procurement mechanism in coordination with the State Governments.",
               "schemeEligiiblity":"All Farmers",
               "schemeTargetGroup":"Farmers",
               "schemeMiscDetails":"Three components \n 1. Price Support Scheme - physical procurement of pulses, oilseeds and copra will be done by Central Nodal\nAgencies NAFED, FCI. The procurement expenditure\nand losses will be borne by Central Government.\n 2. Price Deficiency Payment Scheme : This will cover all oilseeds for which MSP is notified and Centre will pay the difference between the MSP and actual\nselling/ model price to the\nfarmer. (no physical procurement of crops) \n3. Pilot of Private Procurement and Stockiest Scheme (PPSS): In the case of oilseeds, PPSS in select districts where a private player can procure crops at MSP when market prices  drop below MSP. The private player will then be compensated. States will have the option to roll out PPSSs in select district",
               "schemeDepartments":"Department of Agriculture,\nCooperation and\nFarmers Welfare   "
            }

         ]
      },
      {
         "ministryId":2,
         "ministryName":"Corporate Affairs",
         "ministrySchemesList":[
            {
               "schemeUiId":"M_010_S_001",
               "schemeName":"MCA21",
               "schemeObj":"MCA21 is an e-Governance initiative of Ministry of Company Affairs (MCA), Government of India that enables an easy and secure access of the MCA services to the corporate entities, professionals and citizens of India.\n he MCA21 application is designed to fully automate all processes related to the proactive enforcement and compliance of the legal requirements under the Companies Act, 1956, New Companies Act, 2013 and Limited Liability Partnership Act, 2008. This will help the business community to meet their statutory obligations.\n",
               "schemeDesc":"The MCA21 application offers the following.\n\nEnables the business community to register a company and file statutory documents quickly and easily.\nProvides easy access of public documents\nHelps faster and effective resolution of public grievances\nHelps registration and verification of charges easily\nEnsures proactive and effective compliance with relevant laws and corporate governance\nEnables the MCA employees to deliver best of breed services\n",
               "schemeEligiiblity":"NA",
               "schemeTargetGroup":"Bussiness owners",
               "schemeMiscDetails":"NA",
               "schemeDepartments":"NA"
            },
            {
               "schemeUiId":"M_010_S_002",
               "schemeName":"National CSR Data Portal",
               "schemeObj":"ArrayList<Scheme> schemesOfSelectedMinistry=new ArrayList<>();\n        Scheme scheme=new Scheme();\n        SQLiteDatabase db = myhelper.getWritableDatabase();\n        String[] columns = {myDbHelper.SCHEME_ID, myDbHelper.SCHEME_NAME,myDbHelper.SCHEMES_DESC,myDbHelper.SCHEMES_OBJECTIVE ,myDbHelper.SCHEME_ELIGIBILITY,myDbHelper.SCHEME_TARGET,myDbHelper.SCHEME_DEPARTMENT,myDbHelper.SCHEME_MISC, myDbHelper.SCHEMES_MINISTRY_ID,};\n        Cursor cursor = db.query(myDbHelper.SCHEMES_TABLE_NAME_ENG, columns, myDbHelper.SCHEMES_MINISTRY_ID + \"=?\", new String[] { String.valueOf(selectedMinistryId) }, null, null, null, null);\n\n        while (cursor.moveToNext()) {\n            scheme=new Scheme();\n            scheme.setSchemeId(cursor.getInt(cursor.getColumnIndex(myDbHelper.SCHEME_ID)));\n            scheme.setSchemeName(cursor.getString(cursor.getColumnIndex(myDbHelper.SCHEME_NAME)));\n            scheme.setSchemeObjective(cursor.getString(cursor.getColumnIndex(myDbHelper.SCHEMES_OBJECTIVE)));\n            scheme.setSchemeDescription(cursor.getString(cursor.getColumnIndex(myDbHelper.SCHEMES_DESC)));\n            scheme.setSchemeEligibility(cursor.getString(cursor.getColumnIndex(myDbHelper.SCHEME_ELIGIBILITY)));\n            scheme.setSchemeTargetGroup(cursor.getString(cursor.getColumnIndex(myDbHelper.SCHEME_TARGET)));\n            scheme.setSchemeDepartment(cursor.getString(cursor.getColumnIndex(myDbHelper.SCHEME_DEPARTMENT)));\n            scheme.setSchemeMiscDetails(cursor.getString(cursor.getColumnIndex(myDbHelper.SCHEME_MISC)));\n            scheme.setSchemeMinistryId(cursor.getInt(cursor.getColumnIndex(myDbHelper.SCHEMES_MINISTRY_ID)));\n            Log.d(\"tag\", \" selectedScheme before bundle 111111111 :\"+scheme.getSchemeObjective());\n            schemesOfSelectedMinistry.add(scheme);\n        }",
               "schemeDesc":"The National Corporate Social Responsibility Data Portal is an initiative by Ministry of Corporate Affairs, Government of India to establish a platform to disseminate Corporate Social Responsibility related data and information filed by the companies registered with it.\n\nThe Corporate Social Responsibility concept in India is governed by Section 135 of the Companies Act, 2013 and Rules made thereunder wherein the criteria has been provided for assessing the CSR eligibility of a company, Implementation and Reporting of their CSR Policies. India having the most elaborated CSR mechanism and implementation strategy has started its journey to set a benchmark in attaining sustainability goals and stakeholder activism in nation building.\n\nThe CSR ambit is getting bigger and for upcoming years it would turn as a unique knowledge base for analyzing and achieving sustainability goals as among various large economies India is a country which has assured by mandating CSR through its legislative action.",
               "schemeEligiiblity":"NA",
               "schemeTargetGroup":"Bussiness owners",
               "schemeMiscDetails":"The National Voluntary Guidelines (NVGs) on Social, Environmental and Economic Responsibilities of Business released by the Ministry of Corporate Affairs (MCA) in July 2011, is essentially a set of nine principles that offer Indian businesses an understanding and approach to inculcate responsible business conduct.\n\nThese nine principles are :\n\nconduct and govern themselves with ethics, transparency and accountability.\nprovide goods and services that are safe and that contribute to sustainability throughout their life cycle.\npromote the well-being of all employees.\nrespect the interests of, and be responsive towards all stakeholders, especially those who are disadvantaged, vulnerable and marginalized.\nrespect and promote human rights.\nprotect and make efforts to restore the environment.\nwhen engaged in influencing public and regulatory policy, they should do so in a responsible manner\nsupport inclusive growth and equitable development\nengage with and provide value to their customers and consumers in a responsible manner.",
               "schemeDepartments":"NA"
            },
            {
               "schemeUiId":"M_010_S_003",
               "schemeName":"Corporate Data Portal",
               "schemeObj":"The Corporate Data Portal would make available for public viewing a wealth of information on company filings, including annual financial statements, annual report and various event based filings.",
               "schemeDesc":"The portal aims at making all financial and non-financial information of companies available in user-friendly format to general public.\nIt will also also have facility to generate pre-defined reports and also customised reports\nThe portal will enable greater transparency and creation of tools for stronger Corporate Governance.",
               "schemeEligiiblity":"NA",
               "schemeTargetGroup":"Bussiness owners",
               "schemeMiscDetails":"NA",
               "schemeDepartments":"NA"
            }
         ]
      },
      {
         "ministryId":3,
         "ministryName":"AYUSH",
         "ministrySchemesList":[
            {
               "schemeUiId":"M_003_S_001",
               "schemeName":"National AYUSH Mission",
               "schemeObj":"1.To provide cost effective AYUSH Services, with a universal access through upgrading AYUSH Hospitals and Dispensaries, co-location of AYUSH facilities at Primary Health Centres (PHCs), Community Health Centres (CHCs) and District Hospitals (DHs).\n2.To strengthen institutional capacity at the state level through upgrading AYUSH educational institutions, State Govt. ASU&H Pharmacies, Drug Testing Laboratories and ASU & H enforcement mechanism.\n3.Support cultivation of medicinal plants by adopting Good Agricultural Practices (GAPs) so as to provide sustained supply of quality raw-materials and support certification mechanism for quality standards, Good Agricultural/Collection/Storage Practices.\n4.Support setting up of clusters through convergence of cultivation, warehousing, value addition and marketing and development of infrastructure for entrepreneurs.",
               "schemeDesc":"Department of AYUSH, Ministry of Health and Family Welfare, Government of India has launched National AYUSH Mission (NAM) during 12th Plan for im\u00ADplementing through States/UTs. The basic objective of NAM is to promote AYUSH medical systems through cost effective AYUSH services, strengthening of educational systems, facilitate the enforcement of quality control of Ayurveda, Siddha and Unani & Homoeopathy (ASU &H) drugs and sustainable availability of ASU & H raw-materials. It envisages flexibility of implementation of the programmes which will lead to substantial participation of the State Governments/UT. The NAM contemplates establishment of a National Mission as well as corresponding Missions in the State level. NAM is likely to improve significantly the Department’s outreach in terms of planning, supervision and monitoring of the schemes.\n\n",
               "schemeEligiiblity":"NA",
               "schemeTargetGroup":"NA",
               "schemeMiscDetails":"The Ministry of Ayurveda, Yoga & Naturopathy, Unani, Siddha, Sowa Rigpa and Homoeopathy, abbreviated as AYUSH \n Elements of the National AYUSH Mission:\n\tObligatory Components\n\t\tAYUSH Educational Institutions.\n\t\tAYUSH Services.\n\t\tMedicinal Plants Quality Control of ASU&H Drugs.\n\tFlexible Components\n\t\tAYUSH Wellness Centres comprising Yoga and Naturopathy.\n\t\tTele-medicine.",
               "schemeDepartments":"Department of AYUSH"
            },
            {
               "schemeUiId":"M_003_S_002",
               "schemeName":"Swasthya Raksha Mission",
               "schemeObj":"To organize Swasthya Rakshan OPDs, Swasthya Parikshan Camps and Health/ Hygiene awareness program.Assessment of health status and propagation of \nAyur vedic concept of pathyaapathya and extension of health care services \n Initiated through Central Council for Research in Ayurvedic Sciences (CCRAS),\nCentral Council for Research in Unani Medicine (CCRUM), Central Council for Research in Homoeopathy (CCRH) and\nCentral Council for Research in Siddha (CCRS) in selected districts/ villages",
               "schemeDesc":"1. To organize Swasthya Rakshan OPDs, Swasthya Parikshan Camps and hygiene awareness programme\n\n2. To create awareness about cleanliness of domestic surroundings and environment\n\n3. To provide medical aid and incidental support in the adopted Colonies and villages\n\n\n4. To document demographic information, food habits, hygiene conditions, seasons, lifestyle and disease prevalence\n\n5. To assess health status and propagation of ayurvedic concept of pathya-apathya and extension of health care services.\n\nIn order to achieve the above objectives, the following initiatives were undertaken so far.\n\n• Information, education and communication (IEC) material like banners, hoardings, posters and handouts were developed in Hindi, English and 07 regional languages.\n\n• Swasthya Rakshan OPDs were organized in each village on weekly basis for providing treatment for various disease conditions.\n\n• Swasthya Parikshan Camps organized on weekly basis.\n\n• A Survey was undertaken in the identified villages to identify prevalent diseases. Individual health screenings of people have been done.\n\n• Mass campaigns were organised with a focus on personal, environmental and social hygiene.",
               "schemeEligiiblity":"NA",
               "schemeTargetGroup":"NA",
               "schemeMiscDetails":"Swasthya Raksha Programme (SRP) of Ministry of AYUSH is effectively implemented at peripheral institutes / units of Central Council for Research in Siddha (CCRS) at Siddha Central Research Institute, Chennai (3 locations), Siddha Regional Research Institute, Puducherry (1 location), Siddha Regional Research Institute, Thiruvananthapuram (2 locations), Siddha Clinical Research Unit, Palayamkottai (2 locations), Siddha Clinical Research Unit, New Delhi (2 locations) and Palamalai hill (Tribal Hamlet) – Siddha medicinal plants garden, Mettur (1 location).",
               "schemeDepartments":"Department of AYUSH"
            },
            {
               "schemeUiId":"M_003_S_003",
               "schemeName":"Scheme for promoting Pharma covigilance of AYUSH Drugs",
               "schemeObj":"To develop the culture of documenting adverse effects and undertake safety monitoring of Ayurveda, Siddha, Unani and Homoeopathy drugs and \nSurveillance of misleading advertisements appearing in the print and electronic media. ",
               "schemeDesc":"The scheme intends to facilitate the establishment of three-tier network of \nNational Pharmacovigilance Centre (NPvCC), \nIntermediary Pharmacovigilance Centres (IPvCCs) and \nPeripheral Pharmacovigilance Centres (PPvCC). \nAll India Institute of Ayurveda, New Delhi, an autonomous body under the Ministry of AYUSH, has been designated as National Pharmacovigilance Centre for coordinating various activities of the initiative.",
               "schemeEligiiblity":"NA",
               "schemeTargetGroup":"NA",
               "schemeMiscDetails":"NA",
               "schemeDepartments":"Department of AYUSH"
            },
            {
               "schemeUiId":"M_003_S_004",
               "schemeName":"Traditional Knowledge Digital Library",
               "schemeObj":"This scheme is used to prevent exploitation and to protect Indian traditional knowledge from wrongful patents mainly at International Patent Offices",
               "schemeDesc":"The Traditional Knowledge Digital Library (TKDL) project, initiated in India in 2001, is a collaboration between the Council of Scientific and Industrial Research (CSIR), Ministry of Science and Technology, and the Department of Ayurveda, Yoga and Naturopathy, Unani, Siddha and Homeopathy (AYUSH), Ministry of Health and Family Welfare, of India.  It is being implemented at the CSIR.   The inter-disciplinary team involved in the creation of the TKDL for Indian Systems of Medicine included traditional medicine experts (Ayurveda, Unani, Siddha and Yoga), patent examiners, IT experts, scientists and technical officers.",
               "schemeEligiiblity":"NA",
               "schemeTargetGroup":"NA",
               "schemeMiscDetails":"About TKDL:\n\n1.The Traditional Knowledge Digital Library (TKDL) is an Indian digital knowledge repository of the traditional knowledge, especially about medicinal plants and formulations used in Indian systems of medicine.\n2.Set up in 2001, as a collaboration between the Council of Scientific and Industrial Research (CSIR) and the MINISTRY OF AYUSH.\n3.objective of the library is to protect the ancient and traditional knowledge of the country from exploitation through biopiracy and unethical patents, by documenting it electronically and classifying it as per international patent classification systems.\n4.Apart from that, the non-patent database serves to foster modern research based on traditional knowledge, as it simplifies access to this vast knowledge of remedies or practices.",
               "schemeDepartments":"Department of AYUSH"
            }
         ]
      },
      {
         "ministryId":4,
         "ministryName":"Ministry of commerce and industry",
         "ministrySchemesList":[
            {
               "schemeUiId":"M_007_S_001",
               "schemeName":"NIRVIK (Niryat Rin Vikas Yojana)",
               "schemeObj":"To achieve higher export credit disbursement, a new scheme NIRVIK is being launched which provides for high insurance cover, reduction in premium for small exporters and simplified procedures for claim settlements.",
               "schemeDesc":"Export Credit Guarantee Corporation of India (ECGC) has introduced ‘NIRVIK’ scheme to ease the lending process and enhance loan availability for exporters. The details of the scheme were shared by Union Minister of Commerce and Industry and Railways, Piyush Goyal on September 16, 2019 during a press conference. The scheme was announced by the Finance Minister Nirmala Sitharaman on September 14 as a part of measures to boost exports. Under the new ‘NIRVIK’ scheme, which is also called the Export Credit Insurance Scheme (ECIS), the insurance cover guaranteed will cover up to 90 percent of the principal and interest. The insurance cover will include both pre and post-shipment credit. The Export Credit Guarantee Corporation of India (ECGC) currently provides credit guarantee of up to 60 percent loss.",
               "schemeEligiiblity":"Small exporters ,Business owned by Indians  ,Bank limit requirement – It has been mentioned in the scheme details that the low premium rate will only be applicable for the exporter, who have bank account limits that do not cross the Rs. 80 crore mark",
               "schemeTargetGroup":"Exporters",
               "schemeMiscDetails":"For further details visit https://sarkariyojana.com/niryat-rin-vikas-yojna-govt-insurance-premium-rates-small-exporters/",
               "schemeDepartments":"Department ofcommerce and industry"
            },
            {
               "schemeUiId":"M_007_S_002",
               "schemeName":"Start-up India Scheme (START-UP)",
               "schemeObj":"To reduce the regulatory burden on Startups, there by allowing them to focus on their core business and keep compliance costs low.",
               "schemeDesc":"Entity registered with govt,headquartered in India up to 7 years from the date of its incorporation. For Biotech sector, it is 10 years. The annual turnover should also not exceed INR 25 crore in any preceding financial year. Enhanced infrastructure including incubation centres, tax benefits, easier compliance, faster exit mechanisms, easier IPR facilitation, credit guarantee fund, etc. An economic stimulus in the form a INR 10,000 crore Fund of Funds managed by SIDBI. Startup India Hub – single point of contact for the entire Startup ecosystem and enable knowledge exchange and access to funding.",
               "schemeEligiiblity":"DPIIT recognised startups that are within 5 years of incorporation",
               "schemeTargetGroup":"Entrepreneurs ",
               "schemeMiscDetails":"For Further details visit https://www.startupindia.gov.in/content/sih/en/startup-scheme.html",
               "schemeDepartments":"DPIIT"
            },
            {
               "schemeUiId":"M_007_S_003",
               "schemeName":"Make in india",
               "schemeObj":"The aim of Make in India is three fold.To increase the domestic manufacturing industry, thereby, causing a growth of GDP; To increase the number of available jobs, and thereby decreasing unemployment; To decrease Trade Deficit thereby, increasing Forex reserves and gaining financial security.",
               "schemeDesc":"The Make in India initiative was launched by Prime Minister in September 2014 as part of a wider set of nation-building initiatives. Devised to transform India into a global design and manufacturing hub, Make in India was a timely response to a critical situation. The primary objective of this initiative is to attract investments from across the globe and strengthen India’s manufacturing sector. It is being led by the Department for Promotion of Industry and Internal Trade (DPIIT), Ministry of Commerce and Industry, Government of India. The Make in India programme is very important for the economic growth of India as it aims at utilising the existing Indian talent base, creating additional employment opportunities and empowering secondary and tertiary sector. ",
               "schemeEligiiblity":"To be eligible under this scheme, a start-up must be incorporated as a Private Limited Company under Indian Companies Act, 2013, a Limited Liability Partnership (LLP) under Indian Limited Liability Partnership Act, 2008 or a partnership firm under the Indian Partnership Act, 1932. ",
               "schemeTargetGroup":"Manufacturers in india ",
               "schemeMiscDetails":"For further details visit www.makeinindia.com",
               "schemeDepartments":"DPIIT"
            },
            {
               "schemeUiId":"M_007_S_004",
               "schemeName":"Government E-Market Place (GEM) INITIATIVE",
               "schemeObj":"GeM aims to enhance transparency, efficiency and speed in public procurement. It provides the tools of e-bidding, reverse e-auction and demand aggregation to help governments achieve the best value for their money and hence, use taxpayers’ money efficiently. GeM also provides the buyers with an option to select only MSMEs and choose a seller from amongst them. This has helped buyers in significantly increasing share of MSME purchases in their overall procurement of goods and services.",
               "schemeDesc":"Government e-Marketplace (GeM) is a marque initiative launched by the government of india to usher an era of e-governance in the nation. India’s public procurrent spend stands at ~340 bn GBP (~15-20% of its annual GDP) and faces several inefficiencies owing to a complex policy landscape, manual consistent processes across central and state buying organizations and long lead times. Addressing these issues can unlock significant value and help channelize resources for various development schemes and projects.",
               "schemeEligiiblity":"Above Rs. 25,001/- and up to Rs. 5,00,000/- through the GeM Seller having lowest price amongst the available sellers, of at least three different manufacturers, on GeM, meeting the requisite quality, specification and delivery period",
               "schemeTargetGroup":"sellers and buyers ",
               "schemeMiscDetails":"For further details visit gem.gov.in",
               "schemeDepartments":"Department of Commerce"
            },
            {
               "schemeUiId":"M_007_S_005",
               "schemeName":"Trade Infrastructure for Export Scheme",
               "schemeObj":"The objective of the proposed scheme is to enhance export competitiveness by bridging gaps in export infrastructure, creating focused export infrastructure, first mile and last mile connectivity for export-oriented projects and addressing quality and certification measures.",
               "schemeDesc":"Union Ministry of Commerce and Industry launched the Trade Infrastructure for Export Scheme (TIES) in March, 2017. After delinking of the Assistance to States for Development of Export Infrastructure and Allied Activities (ASIDE) Scheme in 2015, the State Governments had been consistently requesting the support of the Centre in creation of export infrastructure. The Central Government funding will be in the form of grant-in-aid, normally not more than the equity being put in by the implementing agency or 50% of the total equity in the project. The grant in aid shall, normally, be subject to a ceiling of Rs 20 Cr for each infrastructure project.",
               "schemeEligiiblity":"The Central and State Agencies, including Export Promotion Councils, Commodities Boards, SEZ Authorities and Apex Trade Bodies recognised under the EXIM policy of Government of India; are eligible for financial support under this scheme.",
               "schemeTargetGroup":"Exporters",
               "schemeMiscDetails":"For further details visit http://dgft.gov.in/otherresource/trade-infrastructure-export-scheme-ties",
               "schemeDepartments":"Department of Commerce"
            },
            {
               "schemeUiId":"M_007_S_006",
               "schemeName":"Transport and Marketing Assistance (TMA)",
               "schemeObj":"The “Transport and Marketing Assistance” (TMA) for specified agriculture products scheme aims to provide assistance for the international component of freight and marketing of agricultural produce which is likely to mitigate disadvantage of higher cost of transportation of export of specified agriculture products due to trans-shipment and to promote brand recognition for Indian agricultural products in the specified overseas markets. The scheme would be suitably included in the Foreign Trade Policy (2015-20).",
               "schemeDesc":"The scheme could be availed by exporters from the 1st March 2019 and is valid until the 31st of March 2020. It is extended to all exporters of eligible agricultural products who are duly registered with the concerned Export Promotion Council as per the Foreign Trade Policy. The assistance would be rendered as per the notified rates for the export of specific agricultural products and is only applicable if the payments for the same are received in Free Foreign Exchange through normal banking channels. Products not covered under this scheme include live animals, milk, cream, animal origin products, curd, buttermilk, rice, wheat, tobacco, garlic, etc. ",
               "schemeEligiiblity":"All exporters, duly registered with relevant Export Promotion Council as per Foreign Trade Policy, of eligible agriculture products shall be covered under this scheme.",
               "schemeTargetGroup":"Exporters of certain agricultural products ",
               "schemeMiscDetails":"For further details visit https://dgft.gov.in/policies/online-filing-applications-claiming-assistance-under-transport-and-marketing-assistance-tma",
               "schemeDepartments":"Department of Commerce"
            },
            {
               "schemeUiId":"M_007_S_007",
               "schemeName":"Service Exports from India Scheme",
               "schemeObj":"Service Exports from India Scheme (SEIS) aims to promote export of services from India by providing duty scrip credit for eligible exports. Under the scheme, service providers, located in India, would be rewarded under the SEIS scheme, for all eligible export of services from India. In this article, we look at the Service Exports from India Scheme in detail. Service Exports from India Scheme was earlier termed as Served from India Scheme (SFIS).",
               "schemeDesc":"The Government has introduced the Service Exports from India Scheme (SEIS) w.e.f. 01.04.2015 under the Foreign Trade Policy (FTP), 2015-20 replacing the earlier scheme 'Served from India Scheme’ under the FTP, 2009-15. Under SEIS, the service providers of notified services are incentivized in the form of Duty Credit Scrips at the rate of 3 or 5% on their net foreign exchange earnings. These SEIS scrips are transferrable and can also be used for payment of a number of Central duties/taxes including the basic customs duty.",
               "schemeEligiiblity":"To be eligible, a service provider (Company / LLP / Partnership Firm) should have a minimum net free foreign exchange earnings of USD15000 in the preceding financial year to be eligible for duty credit scrips. For proprietorships or individual service providers, a minimum net foreign exchange earnings of USD10, 000 in the preceding financial year is required to be eligible for the scheme. Also, in order to claim reward under the SEIS scheme, the service provider shall have to have an active Import Export Code (IE Code) at the time of rendering such services for which rewards are claimed.",
               "schemeTargetGroup":"Exporters and service providers",
               "schemeMiscDetails":"For Further details visit https://www.servicesepc.org/seis/",
               "schemeDepartments":"Department of Commerce"
            },
            {
               "schemeUiId":"M_007_S_008",
               "schemeName":"Merchandise Exports from India Scheme ",
               "schemeObj":"Objective of Merchandise Exports from India Scheme (MEIS) as per Indian Foreign Trade Policy 2015-20 (FTP 2015-20) is to offset infrastructural inefficiencies and associated costs involved in export of goods/products, which are produced/manufactured in India, especially those having high export intensity, employment potential and thereby enhancing India’s export competitiveness.",
               "schemeDesc":"The Merchandise Exports from India Scheme (MEIS) was launched by the Government of India to boost the export of notified goods that are produced or manufactured in the country. The scheme has been introduced through the Foreign Trade Policy (FTP) and came into effect on 1 April 2015. The Ministry of Commerce and Industry is responsible for the implementation of the MEIS which is considered a major export promotion initiative by the Indian government. Under this scheme, over Rs.22,000 crore per year has been allocated by the Government of India for exports.",
               "schemeEligiiblity":"Highest rewards will be given for - packages and value-added products, agricultural and village industry products, labour intensive products, eco-friendly and green products, products with a large number of producers and exporters, industrial products from potential winning sectors, and hi-tech products.",
               "schemeTargetGroup":"Exporters",
               "schemeMiscDetails":"For Further details visit https://www.eepcindia.org/MEIS/about-MEIS-scheme.aspx",
               "schemeDepartments":"Department of Commerce"
            },
            {
               "schemeUiId":"M_007_S_009",
               "schemeName":"Revenue Insurance Scheme for Plantation Crops",
               "schemeObj":"Farmers suffer from the adverse weather conditions and fluctuating prices. Thus, to protect the interests of the farmers, the scheme was launched.The scheme is compulsory for growers registered with the respective Commodity Boards (CBs)",
               "schemeDesc":"Revenue Insurance Scheme for Plantation Crops (RISPC) is an insurance scheme available only to plantation crops, for which insurance can no longer be availed from PMFBY (Prime Minister Fasal Bima Yojana). The scheme has been launched to protect growers of tea, coffee, rubber, cardamom and tobacco by the Ministry of Commerce and Industry. It is improved form of the Price Stabilization Fund (PSF) Scheme, 2003 which was closed 2013. It was launched in 2016 and it is implemented on pilot basis in 7 states. The duration of the pilot scheme shall be one crop cycle commencing from the year 2016-17 which may spread over 2 years. In Feb. 2017, the scheme was approved for extension to other districts also.",
               "schemeEligiiblity":"Farmers having 10 ha. or less landholding can be benefitted. The scheme will be applicable to mature standing crops only.",
               "schemeTargetGroup":"Farmers",
               "schemeMiscDetails":"For Further details visit https://pib.gov.in/newsite/PrintRelease.aspx?relid=154456",
               "schemeDepartments":"Department of Commerce"
            },
            {
               "schemeUiId":"M_007_S_0010",
               "schemeName":"SWAYATT Initiative",
               "schemeObj":"To promote the concept of inclusiveness by boosting various categories of sellers and service providers. To take various proactive steps in order to facilitate training and registration of a specific group of manufacturers and sellers. To promote and develop women entrepreneurship. To encourage the participation of the Micro, Small and Medium Enterprises Sector and Startups in public procurement.",
               "schemeDesc":"Suresh Prabhu, the Union Minister of Commerce and Industry, launched the Start-ups, Women and Youth Advantage Through eTransactions/ SWAYATT to encourage various startups to be a part of the Government eMarketplace (GeM). The programme looks forward to creating an open and socially intrusive marketplace for every seller and service provider. This has been specifically dedicated to Women Entrepreneurs, Self-Help Groups [SHGs], Startups, Rural/ Urban artisans and Micro, Small and Medium Enterprises (MSMEs). It offers an opportunity for startups to reach out to government buyers.",
               "schemeEligiiblity":"The startups which are certified so by DPIIT (earlier know as DIPP) are eligible to register themselves on GeM portal.",
               "schemeTargetGroup":"Entrepreneurs and start-ups",
               "schemeMiscDetails":"For Further details visit https://pib.gov.in/newsite/PrintRelease.aspx?relid=188740",
               "schemeDepartments":"Department of Commerce"
            },
            {
               "schemeUiId":"M_007_S_0011",
               "schemeName":"'Scheme for IPR awareness – Creative India; Innovative India'",
               "schemeObj":"The Scheme aims at raising IPR awareness amongst students, youth, authors, artists, budding inventors and professionals to inspire them to create, innovate and protect their creations and inventions across India including Tier 1, Tier 2, Tier 3 cities as well as rural areas in the next 3 years. To conduct over 4000 IPR awareness workshops/seminars in academic institutions (schools and colleges) and the industry ,including MSMEs and Startups, as also IP training and sensitization programmes for enforcement agencies and the judiciary.",
               "schemeDesc":"The government recently released the National IPR policy to promote the IP regime. The policy will encourage creativity, innovation and entrepreneurship in India. It will check the theft of one person’s innovation by another. This is India’s first IPR policy. ‘Creative India, Innovative India’ is the tagline of the policy. This is to incentivize entrepreneurship, creativity and innovation and curb manufacturing and sale of counterfeits.",
               "schemeEligiiblity":"Field Organisation of Office DC MSME. Public and private sector organizations, industry associations, societies/cooperatives/firms/trusts and other bodies including NGOs, that are representing or working for MSME. Research/ technical & educational institutions, universities with a track record of assisting MSMEs etc.",
               "schemeTargetGroup":"4000 IP awareness workshops/seminars in academic institutions and the industry across India . 40 training programmes (Training of Trainers) to create a resource pool of persons for conducting IPR Awareness workshops/seminars . workshops with eminent International speakers on IP in the global context 2 Scheme for IPR Awareness | CIPAM ¬.  270 IP training and sensitization programmes for enforcement agencies and judiciary.",
               "schemeMiscDetails":"For Further details visit https://www.indiatoday.in/pti-feed/story/govt-launches-scheme-to-increase-awareness-about-ipr-994052-2017-07-07",
               "schemeDepartments":"DPIIT"
            },
            {
               "schemeUiId":"M_007_S_0012",
               "schemeName":"Niryat Bandhu Scheme",
               "schemeObj":"The objective of the Niryat Bandhu Scheme is to reach out to the new and potential exporters and mentor them to get into international trade and boost exports from India.",
               "schemeDesc":"Niryat Bandhu Scheme was launched in 2011 by the DGFT (Director General of Foreign Trade), department of Commerce, Ministry of Commerce and Industry for International Business mentoring. Under the scheme, officers of DGFT will be investing time and knowledge to mentor the interested individuals who want to conduct the business in a legal way.",
               "schemeEligiiblity":"To join the niryat Bandhu scheme and to avail the benefit of the courses available on the portal, you need to follow the following eligibility criteria given below: The courses can be availed only if you are an Indian citizen. You can avail the courses if you are a- Entrepreneurs, Exporters / Importers,Students.",
               "schemeTargetGroup":"Export and import",
               "schemeMiscDetails":"For Further details visit https://dgft.gov.in/schemes/niryat-bandhu-scheme",
               "schemeDepartments":"Department of Commerce"
            }
         ]
      },
      {
         "ministryId":5,
         "ministryName":"Ministry of Communication",
         "ministrySchemesList":[
            {
               "schemeUiId":"M_003_S_001",
               "schemeName":"Bharat net",
               "schemeObj":"Broadband\nconnectivity to\nentire India -rural\nand remote\nareas.\n2.5 lakh gram\npanchayats with\n100 MBPS\nBroadband\nHouse holds with 2-\n20Mbps in entire\nIndia.\nPreviously called as\nthe National\nOptical Fibre\nNetwork",
               "schemeDesc":"World’s largest: rural\nbroadband project\nFinanced from USOF\n(Universal Service\nObligation Fund- nodal\nagency)- established in 2002\nfor providing telegraph\nservices\nFirst phase- one lakh gram\npanchayats by 2017\nSecond Phase –to 2 lakh\ngram panchayats by 2019\nThird Phase – providing\nstate-of-art network using\nfibers between districts and\nblock with reduced\nredundancy by 2023.\nImplemented by Bharat\nBroadband Network\nLimited",
               "schemeEligiiblity":"NA",
               "schemeTargetGroup":"NA",
               "schemeMiscDetails":"Vision BharatNet is a project of national importance to establish, by 2017, a highly scalable network infrastructure accessible on a non-discriminatory basis, to provide on demand, affordable broadband connectivity of 2 Mbps to 20 Mbps for all households and on demand capacity to all institutions, to realise the vision of Digital India, in partnership with States and the private sector.\n\nThe entire project is being funded by Universal service Obligation Fund (USOF), which was set up for improving telecom services in rural and remote areas of the country. The objective is to facilitate the delivery of e-governance, e-health, e-education, e-banking, Internet and other services to the rural India.\n\n",
               "schemeDepartments":"Department of telecommunications (DoT)"
            },
            {
               "schemeUiId":"M_003_S_002",
               "schemeName":"National Broadband Mission",
               "schemeObj":"The government of India has launched National Broadband Mission (NBM) with an aim to provide an internet connection to all villages by 2022",
               "schemeDesc":"National Broadband Mission\n\n• The government will ensure to lay down an additional optical fiber cable route of 3 million kilometers. \n• Also, the density of the tower will also be increased from 0.42 to one tower per thousand population by 2024.\n• The National Broadband Mission was first mentioned by Prime Minister Narendra Modi in his speech from Red Fort on 15 August this year.\n• The fiberization of towers will increase to 70 percent, which is now 30 percent under this mission.\n• The mission will arrange 10% funds from the Universal Obligation Fund (USOF) and the remaining amount will be invested by industry and other stakeholders.",
               "schemeEligiiblity":"NA",
               "schemeTargetGroup":"NA",
               "schemeMiscDetails":"Importance of National Broadband Mission\n\nNational Broadband Mission is part of the National Digital Communications Policy, 2018. The project aims to provide a fast-track growth to digital communication and digital infrastructure in the country. The government believes that this project will bring digital empowerment and inclusion that can give affordable and universal access to broadband to all. Earlier, broadband services were reached up to 1,42,000 villages through BharatNet mission.",
               "schemeDepartments":"Department of telecommunications (DoT)"
            },
            {
               "schemeUiId":"M_003_S_003",
               "schemeName":"Pandit Deen Dayal Upadhyaya Sanchar Kaushal Vikas Pratisthan Yojana",
               "schemeObj":"Skill development of Youth in telecommunication technologies",
               "schemeDesc":"Skill training will be based on National Skill Qualification Framework (NSQF).\n\nMinistry will impart training to 10,000 people from 10 States/UTs in the first phase.\nStates like Uttar Pradesh, Bihar, Odisha, Punjab and Haryana will get benefitted in the first phase.\nFurther, the Department of Telecommunications (DoT) plans to established more than 1,000 Sanchar Kaushal Vikas Pratisthan in future.",
               "schemeEligiiblity":"NA",
               "schemeTargetGroup":"NA",
               "schemeMiscDetails":"For Further details https://dot.gov.in/circulars/pandit-deen-dayal-upadhyaya-sanchar-kaushal-vikas-pratisthan",
               "schemeDepartments":"Department of telecommunications (DoT)"
            },
            {
               "schemeUiId":"M_003_S_004",
               "schemeName":"Sampoorna Bima Gram Yojana",
               "schemeObj":"The Ministry of communications launched Sampoorna Bima Gram Yojana (SBG Yojana),With the aim of providing affordable life insurance services to people living in rural areas of the country through postal network",
               "schemeDesc":"SBG Yojana identifies at least one village (with a minimum of 100 households) in each of the revenue districts of the country and intends to cover all the households with a minmum of one Rural Postal Life Insurance (RPLI) in that village.\nIt covers all the villages under Saansad Adarsh Gram Yojana.\nThe benefits of PLI will no more be confined to government and semi-government employees only. It shall also be made available to professionals such as bankers, lawyers, architects, chartered accountants, management consultants, engineers, doctors etc. and also to the employees of listed companies of BSE (Bombay Stock Exchange) and NSE (National Stock Exchange).\nThe decision has been taken to enlarge the cover of social security and bring the maximum number of people under the protection of Postal Life Insurance (PLI).",
               "schemeEligiiblity":"All villages under sansad\nAdarsh Gram Yojana will be\nbrought under this. ",
               "schemeTargetGroup":"All villages under sansad\nAdarsh Gram Yojana will be\nbrought under this. ",
               "schemeMiscDetails":"Postal Life Insurance (PLI)\n\nPostal Life Insurance was introduced in 1884, and is one of the oldest life insurance schemes for benefit of government and semi-government employees. Initially, the upper limit of life insurance was fixed at Rs 4000, which has now been increased to Rs 50 lakh.\n\nIt covers employees of government-aided educational institutions, universities, credit co-operative societies , Central and state governments, Central and state public sector undertakings, joint ventures having a minimum of 10% Govt./PSU stake, nationalized banks, local bodies, autonomous bodies etc.\nThe facility of insurance is also extended to the officers and staff of the Para- military forces and Defence Services.\nApart from single insurance policies, a group insurance scheme for the extra departmental employees (Gramin Dak Sevaks) of the Department of Posts is also managed by Postal Life Insurance",
               "schemeDepartments":"Department of posts (DoP)"
            },
            {
               "schemeUiId":"M_003_S_005",
               "schemeName":"Deen Dayal SPARSH Yojana",
               "schemeObj":"Scholarship for promotion of Philately (collection of stamps) by students\nScholarship -Rs.6000/annum",
               "schemeDesc":"Under the scheme of SPARSH (Scholarship for Promotion of Aptitude & Research in Stamps as a Hobby), it is proposed to award annual scholarships to children of Standard VI to IX having good academic record and also pursuing Philately as a hobby through a competitive selection process in all postal circles. Briefing the media after the launch of the scheme, Shri Sinha said that under the scheme, it is proposed to award 920 scholarships to students pursuing Philately as a hobby.  Every Postal Circle will select a maximum of 40 scholarships representing 10 students each from Standard VI, VII, VIII & IX. The amount of Scholarship will be Rs. 6000/- per annum @ Rs. 500/- per month.",
               "schemeEligiiblity":"Student must be a student of a recognized school within India and the concerned school should have a Philately Club and the candidate should be a member of the Club",
               "schemeTargetGroup":"Students",
               "schemeMiscDetails":"The Minister said that to avail this scholarship, a child must be a student of a recognized school within India and the concerned school should have a Philately Club and the candidate should be a member of the Club. In case the school Philately Club hasn’t been established a student having his own Philately Deposit Account will also be considered. Every prospective school, which participates in the competition, would be assigned a Philately mentor to be chosen from amongst the renowned Philatelists. The Philately mentor would help in formation of the School level Philately Club, providing guidance to young and aspiring Philatelists on how to pursue the hobby and also helping the aspiring Philatelists on their Philately Projects etc.",
               "schemeDepartments":"Department of posts (DoP)"
            },
            {
               "schemeUiId":"M_003_S_006",
               "schemeName":"DARPAN Project ",
               "schemeObj":"Digitisation of post office To use post offices for financial transactions (financial inclusion through post offices) ",
               "schemeDesc":"Digital Advancement of Rural Post Office for A New India or DARPAN project was launched by Ministry of Communications is an Information Technology (IT) modernisation project aimed at realising financial inclusion of un-banked rural population.\n\nThe objective of the project is to improve quality of service, add value to services and achieve financial inclusion of un-banked rural population.  The project intends to provide low power technology solution to each branch postmaster (BPM) that will improve service delivery.",
               "schemeEligiiblity":"NA",
               "schemeTargetGroup":"NA",
               "schemeMiscDetails":"The IT modernization project intends to achieve the following:\n\n1.Wider reach to the Indian populace through more customer interaction channels\n2.Better customer service",
               "schemeDepartments":"Department of posts (DoP)"
            }
         ]
      },
      {
         "ministryId":6,
         "ministryName":"Ministry of Statistics and Programme Implementation ",
         "ministrySchemesList":[
            {
               "schemeUiId":"M_002_S_001",
               "schemeName":"Members of Parliament\nLocal Area Development\nScheme\n(MPLADS)",
               "schemeObj":"Members of Parliament to recommend works for creation of\ndurable community assets based on locally felt needs to be\ntaken up in their constituencies in the area of national\npriorities namelydrinking water,education, public health, sanitation,\nroads etc",
               "schemeDesc":"The Members of Parliament Local Area Development Scheme (MPLADS) is an ongoing Central Sector Scheme which was launched in 1993-94.  The Scheme enables the Members of Parliament to recommend works for creation of durable community assets based on locally felt needs to be taken up in their constituencies in the area of national priorities namely drinking water, education, public health, sanitation, roads etc.\n\nThe Ministry of Statistics and Programme Implementation has been responsible for the policy formulation, release of funds and prescribing monitoring mechanism for implementation of the Scheme.",
               "schemeEligiiblity":"NA",
               "schemeTargetGroup":"NA",
               "schemeMiscDetails":"Features\n1.The MPLADS is a Plan Scheme fully funded by Government of India. The annual MPLADS fund entitlement per MP constituency is Rs. 5 crore.\n2.MPs are to recommend every year, works costing at least 15 per cent of the MPLADS entitlement for the year for areas inhabited by Scheduled Caste population and 7.5 per cent for areas inhabited by S.T. population.\n3.In order to encourage trusts and societies for the betterment of tribal people, a ceiling of Rs. 75 lakh is stipulated for building assets by trusts and societies subject to conditions prescribed in the scheme guidelines.\n4.Lok Sabha Members can recommend works within their Constituencies and Elected Members of Rajya Sabha can recommend works within the State of Election (with select exceptions). Nominated Members of both the Rajya Sabha and Lok Sabha can recommend works anywhere in the country.\n5.All works to meet locally felt infrastructure and development needs, with an emphasis on creation of durable assets in the constituency are permissible under MPLADS as prescribed in the scheme guidelines. Expenditure on specified items of non durable nature are also permitted as listed in the guidelines.\n",
               "schemeDepartments":"Nil"
            }
         ]
      },
      {
         "ministryId":7,
         "ministryName":"Ministry of Steel",
         "ministrySchemesList":[
            {
               "schemeUiId":"M_048_S_001",
               "schemeName":"STEEL RESEARCH AND TECHNOLOGY MISSION OF INDIA",
               "schemeObj":"1. Spearhead R&D programs of national importance in iron & steel.\n2.Facilitate development of innovative, cutting edge technologies indigenously.\n3.Augment expertise and skill level through human resource interventions.\n4.Establish world class manufacturing capabilities through joint collaborative programs.\n5.Develop world class steel products for high end applications thereby minimizing imports.\n6.Enhance dissemination and interaction among the industry – academia – R&D organizations – MoS,GoI through development of strong IEC program.\n7.Pursue and manage collaborations and synergy amongst industry, national R&D laboratories and academic institutes as per national objectives and aspirations.\n8.Meet the National Steel Policy(NSP-2017) goals through strategic R&D interventions.\n9.Enhance R&D investments to 1% of turnover in a phased manner.",
               "schemeDesc":"\"To develop an industry – institution interface for making iron & steel industry globally competitive by utilizing expertise available in various academic and research institutes of national repute as well as by collaborating with international organizations in the field to meet NSP-2017 objective through cost effective, environment friendly, state of art technologies for optimum utilization of natural resources and strengthening design and equipment manufacturing capability in the country\".",
               "schemeEligiiblity":"NA",
               "schemeTargetGroup":"NA",
               "schemeMiscDetails":"NA",
               "schemeDepartments":"Nil"
            }
         ]
      },
      {
         "ministryId":8,
         "ministryName":"Ministry of Heavy Industries & Public Enterprises",
         "ministrySchemesList":[
            {
               "schemeUiId":"M_023_S_001",
               "schemeName":"National Electric Mobility Mission Plan \n(NEMMP)",
               "schemeObj":"NEMMP aims to achieve national fuel security by promoting hybrid and electric vehicles in the country, the government is targeting to achieve 6-7 million sales of electric and hybrid vehicles in India by 2020",
               "schemeDesc":"Government of India launched the National Electric Mobility Mission Plan (NEMMP) 2020 in 2013.\nVision:-\nTo encourage reliable, affordable and efficient xEVs that meet consumer performance and price expectations through Government - Industry collaboration for promotion and development of indigenous manufacturing capabilities, required infrastructure, consumer awareness and technology; thereby helping India to emerge as a leader in the xEV Two Wheeler and Four Wheeler market in the world by 2020, with total xEV sales of 6-7 million units thus enabling Indian automotive Industry to achieve global xEV manufacturing leadership and contributing towards National Fuel Security.",
               "schemeEligiiblity":"NA",
               "schemeTargetGroup":"NA",
               "schemeMiscDetails":"Target:-\nThere is an ambitious target to achieve 6-7 million sales of hybrid and electric vehicles year on year from 2020 onwards. Government aims to provide fiscal and monetary incentives to kick start this nascent technology. With the support from the Government, the cumulative sale is expected to reach 15-16 Million by 2020. It is expected to save 9500 Million Liters of crude oil equivalent to Rs. 62000 Cr. savings.",
               "schemeDepartments":"Department of Heavy Industries (DoHI)"
            },
            {
               "schemeUiId":"M_023_S_002",
               "schemeName":"Fame India Scheme ",
               "schemeObj":"The FAME(Faster Adoption and Manufacture of (Hybrid and) Electric Vehicles) was launched by the Ministry of Heavy Industries and Public Enterprises in 2015 to incentivize the production and promotion of eco-friendly vehicles including electric vehicles and hybrid vehicles",
               "schemeDesc":"Two phases of the scheme \n\nPhase I: started in 2015 and was completed on March 31st, 2019\nPhase II: started from April 1st, 2019, will be completed by March 31st, 2022\nSalient features of the scheme \n\n1.The scheme provides the incentive in the form of subsidies to manufacturers of  electric vehicles and infrastructure providers of electric vehicles. \n2.It is a part of the National Electric Mobility Plan\n3.Encouraging electric vehicles by providing subsidies is the main thrust of the scheme.\n4.The vehicles such as two wheelers, three wheelers, electric and hybrid cars and electric buses obtained the subsidy benefit of the scheme. It also covers electric and Hybrid technologies like Mild Hybrid, Strong Hybrid, Plug in Hybrid & Battery Electric Vehicles\n5.The focus areas under the FAME\n\t\tTechnology development \n\t\tDemand creation \n\t\tPilot projects \n\t\tCharging infrastructure\n6.Implementing agency: Department of Heavy Industry, Ministry of Heavy Industries & Public Enterprises",
               "schemeEligiiblity":"NA",
               "schemeTargetGroup":"NA",
               "schemeMiscDetails":"It is a part of the National\nElectric Mobility Plan\naddressing the issue of\nenvironmental pollution\nand fuel security\nUnder the FAME 2 scheme\nthe government will offer\nincentives for electric buses,\nthree-wheelers and fourwheelers to be used for\ncommercial purposes.\n",
               "schemeDepartments":"Department of Public Enterprises"
            }
         ]
      }
   ]
}

