{
   "ListOfMinistries":[
      {
         "ministryId":1,
         "ministryName":"Ministry of Agriculture",
         "ministrySchemesList":[
            {
               "schemeUiId":"M_0001_S_001",
               "schemeName":"PM Kisan Samman Nidhi (PM-Kisan)",
               "schemeObj":"To provide income support to all eligible land-holding farmers and their families. PM-KISAN scheme also aims to supplement the financial needs of the farmers in procuring various inputs to ensure proper crop health and appropriate yields, commensurate with the anticipated farm income. The scheme is expected to increase the coverage of PM-KISAN to around 14.5 crore beneficiaries. It aims to cover around 2 crores more farmers with an estimated expenditure of Rs. 87,217.50 crores that will be funded by the Central Government for the year 2019-20.",
               "schemeDesc":"Narendra Modi launched the PM-KISAN scheme on 24 February 2019 in Gorakhpur, Uttar Pradesh. Under this scheme, all small and marginal farmers will be provided with income support of Rs.6,000 per year in three instalments which will be deposited directly to their bank accounts. The total annual expenditure for this scheme is expected to be Rs.75,000 crore which will be financed by the Union Government in 2019-20. Pradhan Mantri Kisan Samman Nidhi is a central sector scheme under the government of India which provides income support to the farmers and their families. Beneficiaries under the scheme are to be identified by the respective State and Union Territory. The details of farmers are being maintained by the States/UTs either in electronic form or in manual register. To make integrated platform available in the country to assist in benefit transfer, a platform named PM Kisan Portal available at URL(http://pmkisan.nic.in) shall be launched for uploading the SMF details at a single webportal in a uniform Structure. The PM Kisan Portal has been conceptualised with the following objectives - To provide verified and single source of truth on SMF details at the portal. Timely assistance to the farmers in farm operation A unified e-platform for transferring of cash benefits into farmers bank account through PFMS integration. Location wise availability of benefited farmers list. Ease of monitoring across the country on fund transaction details.",
               "schemeEligiiblity":"Any small or marginal farmer should not fall under the following criteria to be eligible under the Pradhan Mantri Kisan Samman Nidhi Yojana. The farmers eligible under the scheme are required to produce the below-mentioned documents for their verification: Citizenship certificate. Landholding papers. Aadhaar card and Bank account details.",
               "schemeTargetGroup":"Farmers",
               "schemeMiscDetails":"Below are some of the categories of beneficiaries who are not eligible for benefit under this scheme: Any institutional land-holders. The farmer as well as any member of the family belonging to the following categories: Former and present holders of constitutional posts. Former and present Ministers/ State Ministers. Former or present members of LokSabha/ RajyaSabha/ State Legislative Assemblies/ State Legislative Councils. Former and present Mayors of Municipal Corporations. Former and present Chairpersons of District Panchayats. Any serving or retired officers as well as employees under the Central/ State Government Ministries /Offices/Departments. All retired pensioners who get a monthly pension of Rs.10,000/-or more and belonging to the above category. Any individual who paid their income tax in the last assessment year is not eligible under this scheme. Professionals like Doctors, Engineers, Lawyers, Chartered Accountants, and Architects registered with Professional bodies and carrying out profession by undertaking practices.",
               "schemeDepartments":"Department of Agriculture, Cooperation and Farmers Welfare"
            },
           {
               "schemeUiId":"M_0001_S_002",
               "schemeName":"PM Kisan Maandhan Yojana (PMKMY)",
               "schemeObj":"The Scheme shall secure the lives of 5 Crore Small and Marginal Farmers by providing a minimum pension of Rs 3000 per month to small traders and self – employed after attaining the age of 60 Years.",
               "schemeDesc":"The PM-KMY was launched by Agriculture Minister Narendra Singh Tomar in the national capital, which entitles eligible farmers for monthly pension of ₹3,000 per month. The Ministry of Agriculture and Farmers’ Welfare has roped in CSC, a special purpose vehicle under the Ministry of Electronics and IT, as exclusive “enrolling agency” for enrollment of subscribers. Mr. Tyagi said enrolment process is very simple. Any eligible farmer who wants to join the scheme can visit his nearest CSC along with his Aadhaar card and bank passbook or account details. Village Level Entrepreneurs who manage CSCs, will complete online registration process after taking all relevant details of farmers. After the authentication process is completed, the enrolled farmer will be informed and his PM-KMY Pension Card with a unique Pension Account Number will be generated. Farmers will have to make a monthly contribution of ₹55 to ₹200 depending on the age of entry in the pension fund till they reach the retirement age of 60 years. The central government will make an equal contribution of the same amount in the pension fund. Farmer’s spouse is also eligible to get a separate pension of ₹3,000 upon making separate contribution to the fund. In case of death of the farmer before the retirement date, the spouse may continue with the scheme. If the spouse does not wish to contribute, the total contribution made by the farmer along with interest will be paid to the spouse. The scheme has an outlay of Rs 10,774 crore for the next three years.",
               "schemeEligiiblity":"For Small and Marginal Farmers. Entry Age between 18 to 40 years. Cultivable land up to 2 hectares as per land records of the concerned State/UT.",
               "schemeTargetGroup":"The CSC e-Governance Services India, which manages over 3.5 lakh common service centres across the country, has set a target of enrolling 2 crore small and marginal farmers under the Pradhan Mantri Kisan Maan-Dhan Yojana by August 15.",
               "schemeMiscDetails":"As per the available data, there are about 9,06,791 Small & Marginal farmers. So far, 10674 farmers have enrolled in this scheme.",
               "schemeDepartments":"Department of Agriculture, Cooperation and Farmers Welfare"
            },
            {
               "schemeUiId":"M_0001_S_003",
               "schemeName":"Pradhan Mantri Annadata AAY Sanrakshan Abhiyan (PMAASHA)",
               "schemeObj":"The Scheme is aimed at ensuring remunerative prices to the farmers for their produce as announced in the Union Budget for 2018. The increase in MSP(Minimum Support Price) can improve farmer’s income by strengthening procurement mechanism in coordination with the State Governments.",
               "schemeDesc":"The Centre recently launched the Pradhan Mantri Annadata Aay SanraksHan Abhiyan (PM-AASHA) to ensure better prices for farm produce. The three different components of the scheme, it is said, will cover gaps in the procurement and compensation mechanism for crops and help boost farmers’ income. Components of PM-AASHA : (i)Price Support Scheme (PSS) : Under the PSS, Central nodal agencies will procure pulses, oilseeds and copra with proactive role of state governments. The Food corporation of India (FCI) and the National Agricultural Cooperative Marketing Federation of India (NAFED) will help implement the scheme. The procurement expenditure and losses due to procurement will be borne by Central Government as per norms. The government will procure 25% of the marketable surplus of farmers for eligible crops. The Centre has made a provision of about Rs 16,000 crores to be provided as bank guarantee for the agencies to procure from farmers. (ii)Price Deficiency Payment Scheme (PDPS) : Under the PDPS, the state will provide the difference between the prices prevailing in mandis and the MSP. All oil-seeds are to be covered under PDPS. This scheme is modelled on the Bhawantar Bhugtan Yojana that has been implemented by the Madhya Pradesh state government as well as Bhavantar Bharpai Yojana of Haryana Government. There will be no physical procurement of crops. (iii)Pilot of Private Procurement & Stockist Scheme (PPPS) : In lieu of PSS and PDPS, in certain pilot districts the PPPS will be tried out. Private agencies will procure oilseeds in coordination with the government. The selected private agency shall procure the commodity at MSP in the notified markets during the notified period from the registered farmers in consonance with the PPSS Guidelines, whenever the prices in the market fall below the notified MSP and whenever authorized by the state/UT government.",
               "schemeEligiiblity":"To get the benefit of the scheme, farmers must be registered within the stipulated time period. A portal is to be specifically developed for this purpose by the respective State/UT Government. The registration data of the farmers on the portal should be integrated with the registration data of other government procurement scheme for MSP crops including procurement done by FCI or its agencies. Besides, the State governments will also procure 25 per cent of the marketable surplus of farmers for eligible crops.",
               "schemeTargetGroup":"Farmers",
               "schemeMiscDetails":"It has been decided to give additional government guarantee of Rs.16,550 crore making it Rs. 45,550 crore in total. In addition to this, budget provision for procurement operations has also been increased and Rs. 15,053 crore is sanctioned for PM-AASHA implementation.",
               "schemeDepartments":"Department of Agriculture, Cooperation and Farmers Welfare"
            },
            {
               "schemeUiId":"M_0001_S_004",
               "schemeName":"National Agricultural Higher Educational Project (NAHEP)",
               "schemeObj":"The objective of the NAHEP for India is to support participating agricultural universities and ICAR in providing more relevant and higher quality education to Agricultural University students. In addition, a four year degree in Agriculture, Horticulture, Fisheries and Forestry has been declared a professional degree.",
               "schemeDesc":"Indian Council of Agricultural Research (ICAR) recently launched NATIONAL AGRICULTURAL HIGHER EDUCATION PROJECT (NAHEP). This project will be funded by the World Bank and the Indian Government on a 50:50 basis. Overall, the project aims to develop resources and mechanism for supporting infrastructure, faculty and student advancement, and providing means for better governance and management of agricultural universities, so that a holistic model can be developed to raise the standard of current agricultural education system that provides more jobs and is entrepreneurship oriented and on par with the global agriculture education standards. There are three components to the project: Support to agricultural universities by financing investments by participating AUs to improve the quality and relevance of agricultural education and research toward agricultural transformation. Investment in ICAR leadership in agricultural higher education. This component will finance the carrying out of institutional reforms within ICAR in order to enhance ICAR’s effectiveness. Project management and learning to strengthen ICAR’s management capacity for project implementation.  It would contribute to the achievement of four Sustainable Development Goals, namely: SDG 4: Inclusive and equitable quality education. SDG 8: Inclusive and sustainable economic growth, employment, and decent work for all. SDG 9: Building resilient infrastructure, promoting sustainable industrialization, and fostering innovation. SDG 13: Take urgent action to combat climate change and its impact. Other Initiatives for Agriculture Education.",
               "schemeEligiiblity":"NIL",
               "schemeTargetGroup":"NAHEP would target institutions that form the ICAR-AU System, consisting of State Agricultural Universities, Deemed Universities, Central Universities with Agricultural Faculty and Central Agricultural Universities.",
               "schemeMiscDetails":"The scheme promotes the involvement of agri-preneurs trained under the ACABC scheme in providing advisory and extension services to the farmers in agriculture and allied areas. To attract and sustain the interest of youth in agriculture education, ICAR has provided a stipend and Fellowship/ assistance under various programmes both at undergraduate (UG) and postgraduate (PG) level.",
               "schemeDepartments":"ICAR is an autonomous organization under dept. of Agri research and education"
            },
           {
               "schemeUiId":"M_0001_S_005",
               "schemeName":"Integrated Scheme for Agricultural Marketing",
               "schemeObj":"To enhance the creation of agricultural marketing infrastructure by providing backend support to the State, cooperative and private sector investments. To develop the creation of scientific storage capacity and to promote pledge financing to boost the farmer’s income. To promote Integrated Value Chains to provide vertical integration of farmers with primary processors. To use ICT as a vehicle extension to sensitise and orient farmers to respond to new challenges in agricultural marketing. To establish a nation-wide information network system for speedy collection and dissemination of market information and data on arrivals and prices for its efficient and timely utilisation by farmers and other stakeholders. To support the framing of grade standards and quality certification of agricultural commodities to assist farmers in advancing with profitable prices for their graded produce. To catalyse private investment to set up agribusiness projects and thereby provide an assured market to producers and strengthen backward linkages of agriculture projects with producers and their groups. To undertake and promote training, research, education, extension and consultancy in the agri marketing sector.",
               "schemeDesc":"The Government of India has approved the proposal of the Department of Agriculture and Cooperation for the continuation and integration of on-going Central Sector Schemes as Integrated Scheme for Agricultural Marketing (ISAM). The ISAM consists of the following sub schemes namely : 1) Agricultural Marketing Infrastructure: For the creation of Agricultural Marketing Infrastructure, Grameen Bhandaran Yojana (GBY) along with Scheme for Development/ Strengthening of Agricultural Marketing Infrastructure, Grading and Standardisation (AMIGS) are coordination. 2) Marketing Research and Information Network: The availability and dissemination of complete and accurate marketing information is the primary requirement for operational and pricing efficiency in the marketing system. 3) Strengthening of Agmark Grading Facilities: SAGF aims to help the DMI to implement the Agricultural Produce Act 1937 including the meeting expenditure for the purchase of equipment, renovation and repair works in the Agmark laboratories/ Regional and Sub-offices of DMI. 4) Agribusiness Development (ABD) through Venture Capital Assistance (VCA) and Project Development Facility (PDF): This facilitates in setting up of agribusiness ventures in association with every Financial Institutions that are notified by the Reserve Bank of India, where the ownership of the Central/ State Government is more than 50%. 5) Choudhary Charan Singh National Institute of Agricultural Marketing: The institution undertakes and promotes the study of applied and operational research in problem areas of agricultural marketing and to serve as a national level nodal point for co-ordination of several research studies and dissemination of technologies that are relevant to agricultural marketing across the nation.",
               "schemeEligiiblity":"State agency projects of those States/Union Territories that have undertaken reforms in their respective APMC(Agricultural Produce Market Committee) Acts to allow/permit (i) Direct Marketing, (ii) Contract Farming and (iii) agricultural produce markets in private and cooperative sectors, will be eligible for assistance under the sub-scheme.",
               "schemeTargetGroup":"The sub scheme will target to create 4000 marketing infrastructure projects and storage capacity of 230 lakh tonnes across the country.",
               "schemeMiscDetails":"The overall budgetary allocation for ISAM is Rs. 4548 Crores. The sub-scheme break up of the budget provision is Rs. 4000 Crores for AMI, Rs. 12 Crores for MRIN, Rs. 6 Crores for SAGF, Rs. 500 Crores for ABD and Rs. 30 Crores for NIAM.",
               "schemeDepartments":"Department of Agriculture, Cooperation and Farmers Welfare"
            },
            {
               "schemeUiId":"M_0001_S_006",
               "schemeName":"PM Fasal Bima Yojana(PMFBY)",
               "schemeObj":"Pradhan Mantri Fasal Bima Yojana (PMFBY) aims at supporting sustainable production in agriculture sector, - By providing financial support to farmers suffering crop loss/damage arising out of unforeseen events. Scheme is encouraging farmers to adopt innovative and modern agricultural practices. It stabilizing the income of farmers to ensure their continuance in farming. It ensuring flow of credit to the agriculture sector; which will contribute to food security, crop diversification and enhancing growth and competitiveness of agriculture sector besides protecting farmers from production risks.",
               "schemeDesc":"Pradhan Mantri Fasal Bima Yojna (PMFBY) was introduced in 2016, replacing all the existing yield insurance schemes in India. The following crops are covered under the scheme: Food crops (Cereals, Millets and Pulses), Oilseeds, Annual commercial / Annual horticultural crops. The scheme will be implemented on an ‘Area Approach Basis’ for each notified crop for widespread calamities. The unit of insurance could be demographically mapped with the region which has a homogeneous risk profile for the particular crop. With respect to risks pertaining to localized calamities and post-harvest losses on account of defined peril, the Unit of Insurance for loss assessment shall be the affected insured field of the individual farmer. Salient Features : The scheme is mandatory for the farmers who have availed loans. Farmers merely need to pay a unified premium of 2% for all Kharif crops, 1.5% for all Rabi crops and 5% for annual commercial and horticultural crops. Three levels of indemnity (70%, 80% and 90%) corresponding to crop risks in the area will be available for all crops. The premium rates to be paid by the farmers are considerably low and the remaining premium will be paid by the Government to provide the complete insured amount to the farmers against crop loss on account of natural calamities. Government subsidy has no upper limits. Removal of caps to provide complete compensation to the farmers. As an initiative to benefit the sector with the advances of technology, smart phones will be used to capture and upload data of crop cutting and remote sensing will be used to reduce the number of crop cutting experiences. The cost of using technology will be equally shared among the State/UT and Central Governments.",
               "schemeEligiiblity":"All farmers including sharecroppers and tenant farmers growing the notified crops in the notified areas are eligible for coverage. However, farmers should have insurable interest on the insured crops. The non-loanee farmers are required to submit necessary documentary evidence of land records prevailing in the State (Records of Right (RoR), Land possession Certificate (LPC) etc.)and/or applicable contract/agreement details (in case of sharecroppers/tenant farmers).",
               "schemeTargetGroup":"The PMFBY was created to target 50 percent of all farmers, with the promise of compensation in case of crop loss. The previous schemes saw low enrolment rates due to a lack of trust.",
               "schemeMiscDetails":"Since its implementation, the PMFBY has achieved 41-percent coverage of farmers. During its first year, 58 million farmers were enrolled in the PMFBY, a quantum jump from the 30 million insured in the previous year under the MNAIS. However, there has been a fall in the number of total farmer applicants from 58 million in 2016–17 to 47 million in 2017–18.",
               "schemeDepartments":"Department of Agriculture, Cooperation and Farmers Welfare"
            },
            {
               "schemeUiId":"M_0001_S_007",
               "schemeName":"Soil Health Card Scheme (SHC)",
               "schemeObj":"To improve soil quality and profitability of farmers. Employment generation for rural youth. To update information on soil analysis. To provide soil testing facilities to farmers at their doorstep.",
               "schemeDesc":"Soil Health Card Scheme was initiated by the Prime Minister of India for the welfare of the farmers. The scheme helps farmers know about the crops that can be planted depending on the soil based on scientific methods. By doing this, the farmers can get maximum yield while harvesting the crops. Under the scheme, based on analysis, the farmers are provided with a soil health card that determines the crops that can be cultivated in the particular soil and measures to develop the productivity of the crops. The features of the Soil Health Card are as follows : The scheme intends to cover 14 crore farmers. The scheme is implemented in all parts of the country. The card guides the farmers about the soil and the apt crop that can be cultivated. Soil Health Card contains the following details: The health of the soil. Functional characteristics of the soil. The water content and nutrients present in the soil. Additional properties of the soil. Measures to improve the defects of the soil. Benefits : The farmers will be notified about the soil type and they can plant crops accordingly. The authorities provide a report to the farmers once in 3 years after observing the soil regularly. This makes the farmers not to be concerned about the cultivation even if the soil changes due to natural factors. The farmers are also given advice by the experts to improve the productivity of the crops and the necessary methods that have to be practised in order to implement the changes. The Government sees that the same person is carrying out all the soil analysis so that there can be further changes that can be made if required. The farmers will be informed about the needed nutrients in the soil.",
               "schemeEligiiblity":"Under these, village youth and farmers up to 40 years of age are eligible to set up Soil Health Laboratories and undertake testing. 75% of laboratory costs are proposed to be funded by the Central and State Governments. The same provision applies to Self Help Groups, Farmers’ Cooperative Societies, Farmers Groups and Agricultural Producing Organisations.",
               "schemeTargetGroup":"During the next five years, it is proposed to cover four lakh villages under individual farm holding soil sampling & testing, organize 2.5 lakh demonstrations, setting up of 250 village level soil testing labs, strengthening 200 soil testing labs with Intensively Coupled Plasma (ICP) spectrophotometer and promotion of micro-nutrients in 2 lakh hectare area.",
               "schemeMiscDetails":"Under Phase-I (Years 2015 to 2017) 10.74 crore cards were distributed, while under the Phase-II 11.69 crore cards have been give away during the period 2017-19. So far 6,954 villages have been identified by the States in which against the target of 26.83 lakh samples / Soil Health Cards, 21.00 lakh samples have been collected, 14.75 lakh samples analysed and 13.59 lakh cards distributed to farmers. Apart from this, 2,46,979 demonstrations and 6,951 Farmer Melas approved to States.",
               "schemeDepartments":"Department of Agriculture, Cooperation and Farmers Welfare"
            },
            {
               "schemeUiId":"M_0001_S_008",
               "schemeName":"Pradhan Mantri Krishi Sinchayee Yojana (PMKSY)",
               "schemeObj":"The major objective of PMKSY is to achieve convergence of investments in irrigation at the field level, expand cultivable area under assured irrigation, improve on-farm water use efficiency to reduce wastage of water, enhance the adoption of precision-irrigation and other water saving technologies (More crop per drop), enhance recharge of aquifers and introduce sustainable water conservation practices by exploring the feasibility of reusing treated municipal waste water for peri-urban agriculture and attract greater private investment in precision irrigation system.",
               "schemeDesc":"Government of India introduced Pradhan Mantri Krishi Sinchayi Yojana in the Year 2015. PMKSY was formulated to expand cultivable area under assured irrigation, to reduce water wastage and to improve water use efficiency in agriculture. PMKSY is creating protective irrigation by harnessing rain water at micro level through Jal Sanchay and Jal Sinchan. PMKSY has been implemented with an outlay of Rs. 50,000 crore in five years (2015 to 2020). The net agricultural area of India is 200.8 million hectare, out of which only 95.8 million hectare i.e. 48% of area is covered under irrigation and 52% area is not covered under irrigation i.e. unirrigated area. Farmers in India majorly depending on rainfall for irrigation and it leads to less production output from farms. Components of PMKSY : Accelerated Irrigation Benefit Programme (AIBP). PMKSY – Har Khet Ko Pani. PMKSY – Per Drop More Crop. PMKSY – Watershed Development. Out of about 141 m.Ha of net area sown in the country, about 65 million hectare (or 45%) is presently covered under irrigation. Substantial dependency on rainfall makes cultivation in unirrigated areas a high risk, less productive profession. Empirical evidences suggest that assured or protective irrigation encourages farmers to invest more in farming technology and inputs leading to productivity enhancement and increased farm income.",
               "schemeEligiiblity":"A State will become eligible to access PMKSY fund only if it has prepared the District Irrigation Plans (DIP) and State Irrigation Plan (SIP), excepting for the initial year, and the expenditure in water resource development for agriculture sector in the year under consideration is not less than baseline expenditure.",
               "schemeTargetGroup":"PMKSY will focus on: Creation of new water sources; repair, restoration and renovation of defunct water sources; construction of water harvesting structures, secondary & micro storage, groundwater development, enhancing potentials of traditional water bodies at village level like Jal Mandir (Gujarat); Khatri, Kuhl (H.P.); Zabo (Nagaland); Eri, Ooranis (T.N.); Dongs (Assam); Katas, Bandhas (Odisha and M.P.) etc.",
               "schemeMiscDetails":"Farmers can apply for the scheme either in MIS system (online) or in offline mode. Subsidy is released to the beneficiary electronically through the mechanism of Direct Benefit Transfer (DBT). The subsidy payable to the beneficiary will be limited to an overall ceiling of 5 hectare per beneficiary.",
               "schemeDepartments":"Department of Agriculture, Cooperation and Farmers Welfare"
            },
           {
               "schemeUiId":"M_0001_S_009",
               "schemeName":"Neeranchal National Watershed Project",
               "schemeObj":"The Project Development Objective of Neeranchal Project is to support the Pradhan Mantri Krishi Sinchayee Yojana (PMKSY) in general and specifically the watershed Component to improve incremental conservation outcomes and ageicultural yields for communities in selected sites, and adoption of new processes and technologies into the broader programme in participating project States.",
               "schemeDesc":"World Bank assisted 'Neeranchal National Watershed Management Project' is being implemented from 2015-16 in nine States. The Project aims to support erstwhile lntegrated Watershed Management Project (IWMP) now Watershed Development Component of Pradhan Mantri Krishi Sinchyee Yojana (WDC-PMKSY) through technical assistance. Watershed development is critical to India’s development as vast stretches of agricultural land are in rain-fed regions, characterized by extensive land degradation, low rainfall, reduced agricultural productivity, and higher rates of poverty. Neeranchal is primarily designed to address the following concerns: Bring about institutional changes in watershed and rainfed agricultural management practices in India. Build systems that ensure watershed programmes and rainfed irrigation management practices are better focused, and more coordinated, and have quantifiable results. Devise strategies for the sustainability of improved watershed management practices in programme areas, even after the withdrawal of project support, through the watershed plus approach, support improved equity, livelihoods, and incomes through forwarding linkages, on a platform of inclusiveness and local participation. The project has helped farmers adopt new soil, water and crop management techniques to increase vegetative cover, reduce soil erosion, and improve agricultural yields.  It has facilitated access to real time weather forecasts and help farmers adopt climate-smart agricultural practices to mitigate climate change impacts. It has also improved rural livelihoods through training, better extension services, and strengthened forward linkages to markets.    ",
               "schemeEligiiblity":"The key competencies are: Minimum 8 years of demonstrated experience in working as social expert for large infrastructure projects, preferably with at least one watershed management project/program.",
               "schemeTargetGroup":"While Neeranchal will focus effort on 18 selected districts in 9 project states, the experiences gained and innovation developed will feed into the implementation of the WC-PMKSY in the 29 States of the country where PMKSY is being implementation. Neeranchal focus states cover approximately 60 percent of area under WC-PMKSY.",
               "schemeMiscDetails":"Neeranchal Project will be implemented in a phased sequence. ln the first operation phase the project will be initiated in 05 sub-watersheds (of approximately 5000 ha each) in each of two focal districts or 10 in each State. ln the second phase the lessons learned and approaches would be adopted in another 20 sub-watersheds in each district or 40 in each State.The project will be implemented from 2016-2017 to 2021-2022.",
               "schemeDepartments":"Department of Agriculture, Cooperation and Farmers Welfare"
            },
            {
               "schemeUiId":"M_0001_S_0010",
               "schemeName":"Kisan Credit Card (KCC)",
               "schemeObj":"To reach out to over 1 crore farmers and support their livelihood. To meet the short term credit requirements for cultivation of crops. Post harvest expenses. Produce Marketing loan. Consumption requirements of farmer household. Working capital for maintenance of farm assets and activities allied to agriculture, like dairy animals, inland fishery etc. Investment credit requirement for agriculture and allied activities like pump sets, sprayers, dairy animals etc.",
               "schemeDesc":"The Kisan Credit Card (KCC) scheme was introduced in 1998-99 to fulfil the financial requirements of the farmers at various stages of farming through institutional credit. The salient features of the scheme are: The eligible cultivator will receive a smart card (works as a debit card) along with the Kisan Credit Card. There is no limit for withdrawal in case of revolving credit and proper repayments. However, it is advisable to repay the withdrawals in 12 months in installments. The rate of interest is set by the respective banks. Nonetheless, the rate must range between 9- 14%. The annual reviewing of the credit card determines its validity. Consequently, the bank is in charge of this annual review function. It is possible to expand the credit limit by notifying bank on the cropping pattern changes, rise in operating charges, etc. Nonetheless, this is applicable only if the cultivator maintains a good record on the usage of credit card. The pattern of loans can be modified in case of natural disasters damaging the crops. Necessary documents for KCC application: The notification from Reserve bank of India (RBI) suggests the applicants provide documents as per their respective bank’s guidelines. Thereby, a set of general documents necessary is as follows: Application form, Identity proof copy (Aadhar card, PAN card, Voter ID, Driver’s license, etc.), Address proof, Land Documents, Passport size photo and Supporting documents such as Security PDC on request from the bank.",
               "schemeEligiblity":"Eligiblity Criteria: Are an individual farmer who is an owner-cultivator. Belong to a group and are joint borrowers. The group has to be owner-cultivators. Are a sharecropper, tenant farmer, or an oral lessee. Are a self-help group (SHG) or joint liability group (JLG) of sharecroppers, farmers, tenant farmers, etc. Minimum Age – 18 years. Maximum Age – 75 years. In case a borrower is a senior citizen (age more than 60 years), a co-borrower is mandatory where the co-borrower should be a legal heir.",
               "schemeTargetGroup":"Farmers",
               "schemeMiscDetails":"The Kisan Credit Card provides for personal accident insurance which farmers can opt for. Farmers will receive coverage of up to Rs.50,000 in the event of death and Rs.25,000 in the event of an accident resulting in disability. The premiums payable would be decided by the bank in conjunction with the insurance provider. This coverage is optional and farmers who choose to opt for it should meet the eligibility criteria as ascertained by the bank and insurance provider.",
               "schemeDepartments":"Department of Agriculture, Cooperation and Farmers Welfare"
            },
            {
               "schemeUiId":"M_0001_S_0011",
               "schemeName":"Unified Package Insurance Scheme",
               "schemeObj":"Unified Package Insurance Scheme (UPIS) aims at providing financial protection to citizens associated in agriculture sector, thereby ensuring food security, crop diversification and enhancing growth and competitiveness of agriculture sector besides protecting farmers from financial risks.",
               "schemeDesc":"Terming agriculture as “absolutely critical to the country’s economy”, union Finance Minister Arun Jaitley on launched Unified Package Insurance Scheme. This scheme has the the potential to reduce distress in the farm sector and would be rolled out in a “mission mode” from April 1 to cover Kharif crops. The importance of Unified Package Insurance Scheme : This scheme is designed to take care of the insurance needs of citizens associated in the agriculture sector. This scheme provides yield-based crop insurance to the farmer based on his ownership rights of property. The scheme covers both the personal assets of the farmer like the dwelling and its contents, the other assets which help him/her in earning his livelihoods such as Agricultural Pump Sets and Agriculture Tractor owned by the farmer. The Unified Package Insurance Scheme protects the farmer and his family members in case of the Accidental Death, accidental insurance protection of farmer’s school or college going children and provisioning of education fee to the student in case of death of the parents. The insurance under Unified Package Insurance Scheme will be issued for one year.Life insurance protection to the farmers and his family members. The insurance or sections covered under the Unified Package Insurance Scheme is listed as follows: Crop Insurance. Personal Accident Insurance. Building and Contents Insurance. Agriculture Pumpset Insurance (Upto 10 Horse Power). Agricultural Tractors Insurance. Student Safety Insurance. Life Insurance.",
               "schemeEligiiblity":"All farmers eligible for the crop insurance under PMFBY/WBCIS in the age of 18 to 70 years will be eligible to join in this scheme. Note:  In case of multiple saving bank accounts held by an individual, the person would be eligible to join the Personal Accident Insurance scheme through one savings bank account or usurped power or civil commotion or loot.",
               "schemeTargetGroup":"Farmers",
               "schemeMiscDetails":"While the farmers’ premium would be 2 percent for Kharif food grain and oilseeds, it would be 1.5 percent for Rabi crops, and in the event of a crop failure, the farmers would be paid more.The government plans to cover 50 percent of the farmers in the country, mostly those dependent on rain-fed agriculture, and this would be a significant step to making India an “insured and pensioned society”",
               "schemeDepartments":"Department of Agriculture, Cooperation and Farmers Welfare"
            },
           {
               "schemeUiId":"M_0001_S_0012",
               "schemeName":"Interest Subvention Scheme",
               "schemeObj":"The scheme, operational over 2018-19 and 2019-20, aims at encouraging both manufacturing and service enterprises to increase productivity and provides incentives to MSMEs for onboarding on GST platform, which helps in formalization of economy while reducing the cost of credit.",
               "schemeDesc":"With a view to ensuring availability of agriculture credit {including loans taken against Kisan Credit Card (KCC)} at a reasonable cost/at a reduced rate of 7% per annum to farmers, the Government of India, is implementing an interest subvention scheme of 2% for short term crop loans up to Rs.3.00 lakh. The scheme is implemented through public sector banks and private sector banks {reimbursement through Reserve Bank of India (RBI)}, Regional Rural Banks and Cooperatives {reimbursement through National Bank for Agriculture and Rural Development (NABARD)}. Currently, besides 2% interest subvention, the farmers, on prompt repayment of crop loans on or before the due date, are also provided 3% additional interest subvention.  Thus, in case of prompt payee farmers the short term crop loans are provided at an effective interest rate of 4% per annum. The benefit of interest subvention is extended for a period of up to six months (post-harvest) to small and marginal farmers having KCC on loan against negotiable warehouse receipts with the purpose of preventing distress sale of produce.  In terms of the extant Interest Subvention Scheme on short-term crop loans, loans are made available to the farmer at 7% per annum and on prompt repayment an incentive of 3% is credited to the farmer’s account. While the benefit of interest subvention is passed on upfront to the borrower farmer by banks, the reimbursement of audited claims received from banks through Reserve Bank of India in respect of Commercial Banks and NABARD in respect of Cooperative Banks and Regional Rural Banks is made by Government of India on the basis of available budgetary resources.",
               "schemeEligiiblity":"As per the extant policy crop loans upto Rs.3.00 lakh per farmer provided by District Central Co-operative Banks and Primary Agricultural Co-operative Societies at 7% per annum are eligible for refinance (through State Cooperative Banks/District Central Co-operative Banks) from National Bank for Agriculture and Rural Development (NABARD) out of Short Term Cooperative Rural Credit (STCRC) fund allocated by Government of India every year.",
               "schemeTargetGroup":"Farmers",
               "schemeMiscDetails":"The Union Cabinet had in 2018 approved changes in the basis of classifying micro, small and medium enterprises from ‘investment in plant & machinery/equipment’ to ‘annual turnover’.  Under the new definition, a micro enterprise was defined as a unit where the annual turnover does not exceed Rs 5 crore; a small enterprise would have turnover of more than Rs 5 crore but not exceeding Rs 75 crore; and a medium enterprise was defined as a unit where the annual turnover is more than Rs 75 crore but not exceeding Rs 250 crore.",
               "schemeDepartments":"Department of Agriculture, Cooperation and Farmers Welfare"
            },
            {
               "schemeUiId":"M_0001_S_0013",
               "schemeName":"Krishi Vigyan Kendras",
               "schemeObj":"To organize on and off campus training programmes for farmers, rural women, youth, and officers of the Department of Agriculture to make them aware about the latest technologies in agriculture. To organize short and long term vocational training courses on vegetable, floriculture, beekeeping, dairying, mushroom, organic farming  and protective cultivation etc. for rural youth for self-employment. To arrange front-line demonstrations and  on-farm trials at farmer’s fields  on improved technologies  and refinement of  existing technology so as to suit the need of the farmer.",
               "schemeDesc":"Krishi Vigyan Kendras is acting as innovative institutions for imparting vocational training to the Farmers and school dropouts. Activities: Planning and conducting survey of the operational area in order to prepare the resource inventory with special reference to identifying the training needs of the farming community. Planning and conducting production- oriented, need-based short and long duration training courses both on campus as well as in the villages for various target groups with priority on the weaker and the poor. Developing and organizing non-formal educational programmes by way of field days, farm visits, farmers fair, radio talk, Farm Science clubs etc. as the follow up information support to training courses. Organizing farm science clubs, both in rural schools and in villages in order to induce in younger generation a liking for and an interest for agricultural and allied sciences and scientific farming through supervised projects. Developing and maintaining the campus farms and demonstration units on scientific lines as the facilities for providing work experience to the trainees as also disseminating the latest technical know how. Providing practical facilities of the Kendra to the teachers and the students of the vocational agriculture of the higher secondary schools. Imparting some general education to rural illiterates and school drop-outs in order to make them not only good farmers but also better citizens. Providing added training facilities in the areas for home making and nutrition education for rural community. Gradually enlarging the training facilities to encompass other important areas such as home crafts , cottage industries etc. consistent to the requirements of the Integrated rural Development in collaboration with concerned organization.Implementing all such schemes of the ICAR and other related organizations which intend to strengthen the training programmes of the Kendra.",
               "schemeEligiiblity":"Practicing farmers, school dropouts and field level extension functionaries.",
               "schemeTargetGroup":"Farmers",
               "schemeMiscDetails":"On the basis of India-2002, there were 578 rural districts spread over the country and has further been raised to 602 districts as per the latest data available on the internet report of NIC. In view of continuous increase in the number of districts, it is agreed to have one KVK in each district by the end of Xth plan. Realising the importance of technology assessment, refinement and transfer, the Planning Commission has allocated Rs. 500 crores specifically for the establishment of new KVKs during Xth plan period. ",
               "schemeDepartments":"Department of Agricultural Research and Education"
            },
            {
               "schemeUiId":"M_0001_S_0014",
               "schemeName":"MeraGaon- MeraGaurav",
               "schemeObj":"The objectives of MG-MG are as follows: To promote the direct interface of scientists with the farmers to hasten the lab to land process. To ensure that farmers benefit from best farm practices by providing required information, knowledge and advisories on regular basis by adopting villages. To create awareness among farmers about the organisations and their programmes and schemes as well as government policies related to the farming sector. To imbibe a sense of ownership among the agricultural scientists of the country.",
               "schemeDesc":"An initiative has been taken by Indian Council of Agricultural Research, New Delhi to promote direct interface of Scientists with the farmers in the name of Mera Gaon Mera Gaurav (MGMG) Programme to faster the process of lab to land technology dissemination. The scheme envisages scientists to select villages and provide information to the farmers on technical and other related aspects. However, for easy accessibility villages to be adopted within a radius of 50-100 km from their place of working, preferably reasonable within one hour travel. It includes scientist functioning at the various centres and institutes of the Indian Council of Agriculture Research (ICAR) and working with state agricultural universities. They may function with the help of KVKs and Agriculture Technology Management Agency (ATMA). Agriculture Technology Management Agency (ATMA) aims at : The registered office of the ATMA shall be located at district collectorate premises. To identify location specific needs of farming community. To set up priorities for sustainable agricultural development with a Farming Systems Approach. To draw plans for production based system activities to be undertaken by farmers/ultimate users. To execute plans through line departments, training institutions, NGOs, farmers organizations and allied institutions. To coordinate efforts being made by various line departments, NGOs, farmers organizations and allied institutions to strengthen research extension-farmers linkages in the district and to promote collaboration and coordination between various State funded technical departments. To facilitate the empowerment of farmers/products through assistance for mobilization, organization into associations, cooperatives etc. for their increased participation in planning, marketing, technology dissemination and agro-processing etc. To facilitate market interventions for value addition to farm produce.",
               "schemeEligiiblity":"All the ICAR Institutes and State Agricultural Universities including Horticulture, Home Science, Agricultural Engineering, Veterinary, Animal Sciences and Fisheries Universities located in the country have to implement MG-MG.",
               "schemeTargetGroup":"Farmers",
               "schemeMiscDetails":"Since MG-MG does not have separate budget, the ICAR Institutes and Universities have to provide financial support for meeting the minimum requirements like transportation etc.",
               "schemeDepartments":"Department of Agriculture, Cooperation and Farmers Welfare"
            },
            {
               "schemeUiId":"M_0001_S_0015",
               "schemeName":"National Mission on Agricultural Extension and Technology (NMAET)",
               "schemeObj":"The objective of the Scheme is to make the extension system farmer-driven and farmer-accountable by way of new institutional arrangements for technology dissemination. It aims to restructure and strengthen agricultural extension to enable delivery of appropriate technology and improved agronomic practices to farmers.",
               "schemeDesc":"National Mission on Agricultural Extension and Technology (NIMAET) was launched by UPA government in 2014 with an objective to spread farm extension services and mechanization. The Mission has four components : 1) Sub-Mission on Agricultural Extension (SMAE): Sub-Mission on Agricultural Extension focuses on creating awareness and enhancing the use of appropriate technologies in the agricultural sector and all the allied industries. The profits made in the past will be consolidated and strengthened with the help of increased penetration of extension functionaries.2) Sub-Mission on Seed and Planting Material (SMSP):  Adopting quality seeds is the most effective method in terms of costs, and for increasing agricultural production and productivity. The Sub-Mission on Seed and Planting Material (SMSP) includes interventions that will cover the entire concept of seed chain starting from nucleus seed, supply to farmers for sowing, to providing support for infrastructure to form an enabling environment for the development of the agricultural sector. 3) Sub-Mission on Agricultural Mechanisation (SMAM): There is a strong relationship between the availability of farm power and agricultural productivity. Hence, the Sub-Mission on Agricultural Mechanisation focuses on farm mechanisation. 4) Sub-Mission on Plant Protection and Plant Quarantine (SMPP): This is included in the NMAET to increase agricultural production by keeping the crops disease-free with the help of scientific and environment-friendly techniques through the promotion of Integrated Pest Management. Strengthening and Modernisation of Pest Management Approach aim at this vital aspect of Plant Protection and also covers regulatory requirements of pesticides.",
               "schemeEligiiblity":"NIL",
               "schemeTargetGroup":"Farmers",
               "schemeMiscDetails":"The Mission will have a total outlay of Rs. 13073.08 crore, with Government of India’s share of Rs. 11390.68 crore and State share of Rs.1682.40 crore.",
               "schemeDepartments":"Department of Agriculture, Cooperation and Farmers Welfare"
            },
           {
               "schemeUiId":"M_0001_S_0016",
               "schemeName":"Strengthening & Modernization of Pest Management Approach in The Country (SMPMA)",
               "schemeObj":"Minimize the crop losses caused by pests and diseases. Encourage farmers to use various ecologically sustainable pest management approaches rather than relying only on chemical pesticides. Promote use of bio-pesticides & bio-control agents in plant pest management. Conserve the diverse Agro- ecosystem for build-up of various natural enemies for plant pests. Create awareness amongst farmers on: (i) Safe and judicious use of chemical pesticides and (ii) To follow the label claims and instructions on dose and use as approved by CIB&RC. Survey and surveillance for pest and diseases with main emphasis to forewarn the farmers on the potential epidemics of plant pests.",
               "schemeDesc":"Government of India, Ministry of Agriculture, Department of Agriculture & Co-Operation (DAC) has launched a scheme “Strengthening and Modernization of Pest Management Approach in India” since 1991-92 by adopting Integrated Pest Management (IPM) as cardinal principle and main plank of plant protection strategy in overall crop production programme. Under the ambit of IPM programme, the Govt. of India has established 31 Central IPM Centres in 28 States and one UT. “Strengthening and Modernization of Pest Management Approach in India” is a centralsector scheme having following main components: Integrated Pest Management,  Locust Warning Organization (LWO), Implementation of Insecticides Act(IIA), Techno-legal Cell and Setting up of a National Pesticide Reference Repository (NPRR). Activities: Popularizing IPM approach among farming community. Conducting regular pest surveillance and monitoring to assess pest/disease situation. Rearing biological control agents for their field use and conservation of naturally occurring bio-agents. Promotion of bio-pesticides and neem based pesticides as alternative to chemical pesticides. To play a catalytic role in spread of innovative IPM skills to extension workers, land farmers equally to resource-poor and resource-rich states. Human Resource Development in IPM by imparting training to master trainers, extension workers and farmers through farmers field schools (FFSs). HRD programme (short duration) courses of two days and five days for Pesticides. Dealers/NGOs/Graduates/Post-graduates/Private Entrepreneurs and progressive farmers. Season Long Training (SLT) programme on major agricultural/horticultural crops.",
               "schemeEligiiblity":"NIL",
               "schemeTargetGroup":"Farmers",
               "schemeMiscDetails":"Basic aim of FFS(Farmers Field Schools) is to train the farmers on the latest IPM technology so that they are able to take decision in pest management operation. In FFSs the farmers are also trained about the judicious use of pesticides on their crops so that the crop can be grown with minimum use of pesticides.",
               "schemeDepartments":"Department of Agriculture, Cooperation and Farmers Welfare"
            },
            {
               "schemeUiId":"M_0001_S_0017",
               "schemeName":"Rashtriya Krishi Vikas Yojana Raftaar (RKVYRAFTAAR)",
               "schemeObj":"To strengthen the farmers’ efforts through the creation of required pre and postharvest agri-infrastructure that increases access to quality inputs, storage, market facilities, etc. and enables farmers to make informed choices. To provide autonomy, flexibility to States to plan and execute schemes as per local/ farmers‟ needs. To promote value chain addition linked production models that will help farmers increase their income as well as encourage production/productivity To mitigate the risk of farmers with a focus on additional income generation activities – like integrated farming, mushroom cultivation, beekeeping, aromatic plant cultivation, floriculture, etc.  To attend national priorities through several sub-schemes.  To empower youth through skill development, innovation, and Agri entrepreneurship based agribusiness models that attract them to agriculture.",
               "schemeDesc":"RKVY scheme was initiated in 2007 by National Development Council under Ministry of Agriculture and Farmers’ Welfare as an umbrella scheme for ensuring holistic development of agriculture and allied sectors by allowing states to choose their own agriculture and allied sector development activities as per the district/state agriculture plan. The scheme has come a long way since its inception and has been implemented across two plan periods (11th and 12th). Till 2013-14, the scheme was implemented as an Additional Central Assistance (ACA) to State Plan Scheme with 100% central assistance. It was converted into a Centrally Sponsored Scheme in 2014-15 also with 100% central assistance. Since 2015-16, the funding pattern of the scheme has been altered in the ratio of 60:40 between Centre and States (90:10 for North Eastern States and Himalayan States). For Union Territories the funding pattern is 100 % central grant. Under the scheme, 50% of the annual outlay will be for setting up farm infrastructure and assets, 30% for value-addition linked production projects and 20% will be flexi- funds for projects in tune with local needs. The emphasis will also be on involving youth in agriculture through various incentives so that it will provide jobs in rural areas and help in achieving the target of doubling farmers’ income by 2022. Sub-schemes under RKVY-RAFTAAR: Bringing Green Revolution to Eastern India (BGREI), Crop Diversification Program (CDP), Reclamation of Problem Soil (RPS), Foot & Mouth Disease – Control Program (FMD-CP), Saffron Mission, Accelerated Fodder Development Prorgamme (AFDP) and Beekeeping.",
               "schemeEligiiblity":"Eligibility Criteria and Inter-State Allocation of Funds: RKVY-RAFTAAR will continue to be implemented as a Centrally Sponsored Scheme in the ratio of 60: 40 (Government of India and State Share respectively) except in the case of northeastern and hilly states where the sharing pattern is 90:10. For UTs the grant is 100% as Central share.",
               "schemeTargetGroup":"Farmers",
               "schemeMiscDetails":"NIL",
               "schemeDepartments":"Department of Agriculture, Cooperation and Farmers Welfare"
            },
            {
               "schemeUiId":"M_0001_S_0018",
               "schemeName":"Pandit DeenDayal Upadhyay UnnatKrishi Shiksha Yojana",
               "schemeObj":"The scheme seeks to: Set up skilled Human Resource at the village level to address the needs connected with organic farming and sustainable agriculture. Provide professional support to the rural habitats in the field of organic farming, natural farming, rural economy and sustainable agriculture. Extend other support activities of the scheme at the village level through established farmer training centers.",
               "schemeDesc":"Pandit Deen Dayal Upadhyay Unnat Krishi Shiksha Yojana was launched in the year 2016 with the objective of promoting agricultural education in terms of cow-based economy, natural farming and organic farming. Scope of Implementation: A total of 100 centers across the country would be engaged in implementing the scheme with a fund of Rs.5.35 crore. These centers were selected on the basis of their knowledge, skill, ability and experience connected with organic and natural farming. A team of coordinators numbering to four has been appointed for coordinating the various activities of the scheme. Some of these activities include the provision of training on issues connected with organic farming, natural farming and cow-based economics as per the designed modules, the selection of beneficiaries in consultation with nodal agencies, ensuring the welfare of the participants, etc. The Themes in Brief: The scheme is based on the themes of cow-based economy, natural farming and organic farming. Here’s a brief account of each of these themes: Cow-Based Economy: With respect to agriculture, Indian cow breeds are proven to possess genetic capacity that produces better quality milk. The milk so produced contains a higher level of CLA (Conjugated Linoleic Acid) which is anti-carcinogenic.  Natural Farming: Natural farming eliminates energy/production costs, fertilizer and other input costs, improves underground water level without contamination, helps conserving moisture and protects the crops from the effects of climate change. Organic Farming: The methodology is primarily aimed at cultivating the land and raising crops in such a way as to ensure the health and life of the soil. It involves the use of organic wastes and other biological materials along with beneficial microbes.",
               "schemeEligiiblity":"Criteria for Selecting Farmers - The designated Centers may select the farmers for this initiative, subject to the conditions that: The farmers must be assessed in terms of their interest in organic farming, natural farming and cow-based economy prior to their selection. Priority must be attached to the farmers who are currently practising organic farming, natural farming or cow-based economy. Farmers of all communities must be given a fair representation. The selection shouldn’t involve any gender discrimination.",
               "schemeTargetGroup":"Farmers",
               "schemeMiscDetails":"The particulars of the Budget are as stated below: Particulars and Allocated Amount (in INR): Food and Refreshments-Rs. 41,250. Honorarium-Rs. 15,000. TA/DA of Participants-Rs. 15,000. Contingencies-Rs. 15,000. Miscellaneous-Rs. 15,000. Total Rs. 1,01,250.",
               "schemeDepartments":"Department of Agricultural Research and Education"
            },
            {
               "schemeUiId":"M_0001_S_0019",
               "schemeName":"Attracting and Retaining Youth in Agriculture (ARYA) Project",
               "schemeObj":"To attract and empower the Youth in Rural Areas to take up various Agriculture, allied and service sector enterprises for sustainable income and gainful employment in selected districts. To enable the Farm Youth to establish network groups to take up resource and capital intensive activities like processing, value addition and marketing. To demonstrate functional linkage with different institutions and stakeholders for convergence of opportunities available under various schemes/program for sustainable development of youth.",
               "schemeDesc":"The new scheme ARYA has recently been launched by the Indian Council of Agricultural Research (ICRA). Under the ARYA scheme, the state government will attract rural youth in agricultural activities by making them skilled and make the state self-dependent in agriculture. This program is planned to be implemented through Krishi Vigyan Kendras (KVK-Farm science centres) in 25 states of our country. Each KVK would train about 200 to 300 youth in taking up agriculture’s allied and supplementary activities such as poultry farming, dairying, fisheries, goat rearing, mushroom production and other similar activities which keep the rural youth attached to agriculture, either directly or indirectly. At KVKs also one or two enterprise units will be established so that they serve as entrepreneurial training units for farmers. The purpose is to establish economic models for youth in the villages so that youths get attracted in agriculture and overall rural situation is improved. Finally, the trained young entrepreneurs would be assisted in preparing project reports for seeking bank loans. Activities performed by Trained Youth : Identify the barren land on respective villages and promote farmers to grow pulse on them. To promote farmers to grow something else after harvesting paddy. To inspire farmers to use fertilisers as per Soil Health Card. To propagate the use of neem coated urea. To promote farmers for agriculture of rabbi. To inspire farmers for Prime Minister Crop Insurance Scheme. To register farmers on Farmer Portal. To provide farmers new technology by telephoning Kisan Call Center. To promote seed treatment.",
               "schemeEligiiblity":"Each KVK will involve about 200 youths below the age of 35. This provides additional opportunities to the unemployed rural youth in primary and secondary agriculture and related enterprises.",
               "schemeTargetGroup":"Youths in Rural Areas. Generate additional employment opportunities to absorb under employed and unemployed rural youth in secondary agriculture and service related activities in rural areas.",
               "schemeMiscDetails":"Under the scheme, Agriculture Technology Management and Training (ATMA) will provide training to the rural youth. From each village, 2 youths will be selected and trained on how to make proper use of barren and uncultivated land.",
               "schemeDepartments":"Department of Agricultural Research and Education"
            },
         ]
      },
         ]
      },

