{
   "ListOfMinistries":[
      {
         "ministryId":1,
         "ministryName":"இரசாயனங்கள் மற்றும் உரங்கள் அமைச்சு",
         "ministrySchemesList":[
        {
               "schemeUiId":"M_004_S_001",
               "schemeName":"NBS - ஊட்டச்சத்து அடிப்படையிலான மானிய திட்டம்",
               "schemeObj":"விவசாய வளர்ச்சியைத் தக்க வைத்துக் கொள்ளவும், மண்ணுக்கு சீரான ஊட்டச்சத்து பயன்பாட்டை உறுதிசெய்யவும் போதுமான அளவு பி & கே சட்டபூர்வமான கட்டுப்பாட்டு விலையில் விவசாயிகளின் வசம் இருப்பதை உறுதி செய்வதே இத்திட்டத்தின் நோக்கமாகும். உரங்களின் சீரான பயன்பாட்டை உறுதி செய்தல், விவசாய உற்பத்தித்திறனை மேம்படுத்துதல், உள்நாட்டு உரத் தொழிலின் வளர்ச்சியை ஊக்குவித்தல் மற்றும் மானியத்தின் சுமையை குறைத்தல் ஆகியவற்றை இது நோக்கமாகக் கொண்டுள்ளது.",
               "schemeDesc":"2010 ஆம் ஆண்டில், அரசாங்கம் என்.பி.எஸ்ஸைத் துவக்கியது, இதன் கீழ் ஒவ்வொரு தரத்திலும் மானிய பாஸ்பேடிக் மற்றும் பொட்டாசிக் (பி & கே) உரங்களுக்கு ஒரு குறிப்பிட்ட அளவு மானியம் வழங்கப்படுகிறது. இப்போது யூரியாவுக்கும், அவற்றில் உள்ள ஊட்டச்சத்து உள்ளடக்கத்தின் அடிப்படையில் மானியம் வழங்கப்படும். யூரியாவின் மொத்த நுகர்வு சுமார் 30 மெட்ரிக் டன் ஆகும், அதில் 5 மெட்ரிக் இறக்குமதி செய்யப்படுகிறது. என்.பி.எஸ் கொள்கையின் கீழ், வருடாந்திர அடிப்படையில் நிர்ணயிக்கப்பட்ட ஒரு குறிப்பிட்ட அளவு மானியம் அதன் ஊட்டச்சத்து உள்ளடக்கத்தைப் பொறுத்து மானியமிக்க பாஸ்பேடிக் & பொட்டாசிக் (பி & கே) உரங்களின் ஒவ்வொரு தரத்திலும் வழங்கப்படுகிறது. பி & கே உரங்களின் குறைந்தபட்ச சில்லறை விலை (எம்ஆர்பி) திறந்து விடப்பட்டுள்ளது மற்றும் உற்பத்தியாளர்கள் / இறக்குமதியாளர்கள் / சந்தைப்படுத்துபவர்கள் பி & கே உரங்களின் எம்ஆர்பியை நியாயமற்ற அளவில் சரிசெய்ய அனுமதிக்கப்படுகிறார்கள். பி & கே உரங்களின் சர்வதேச மற்றும் உள்நாட்டு விலைகள், பரிமாற்ற வீதம் மற்றும் நாட்டில் சரக்கு நிலை ஆகியவற்றைக் கருத்தில் கொண்டு எம்ஆர்பி முடிவு செய்யப்படும். பி & கே உரங்களின் 22 தரங்கள், அதாவது டிஏபி, எம்ஏபி, டிஎஸ்பி, எம்ஓபி, அம்மோனியம் சல்பேட், எஸ்எஸ்பிஎண்ட் 16 தரங்களின் என்.பி.கே.எஸ் (நைட்ரஜன் (என்), பாஸ்பேட் (பி), பொட்டாஷ் (கே) மற்றும் சல்பர் (எஸ்) .சிறந்த உரங்கள் என்.பி.எஸ். கொள்கை. இந்தியாவின் யூரியா உற்பத்தியில் 80% எரிவாயு அடிப்படையிலானது. யூரியாவின் விலை 2010 ஏப்ரல் 1 முதல் 10 சதவீதம் அதிகரிக்கப்பட்டது. அதன் பிறகு 2012 அக்டோபரில், யூரியா அடிப்படையிலான உரங்களின் விலையை உயர்த்த அரசாங்கம் ஒப்புக்கொண்டது யூரியா விலையின் கடைசி அதிகரிப்பு இதுதான். இந்த அதிகரிப்பு மூலம், யூரியாவை அடிப்படையாகக் கொண்ட உரங்கள் இப்போது டன்னுக்கு 5,360 ரூபாய் செலவாகும், இது பொட்டாஷ் மற்றும் பாஸ்பேட் உரங்களை விட மிகவும் மலிவானது, இது டன்னுக்கு 24,000 ரூபாய் செலவாகும்.",
               "schemeEligiiblity":"NUP - 2015 இன் படி, முந்தைய கொள்கைகளின் போது நிர்ணயிக்கப்பட்ட 25 எரிவாயு அடிப்படையிலான யூரியா அலகுகளுக்கான முன்னமைக்கப்பட்ட ஆற்றல் விதிமுறைகள் மாற்றியமைக்கப்பட்டுள்ளன, மேலும் அவை ஒவ்வொரு குழுவிற்கும் 2015 ஜூன் 1 முதல் நிர்ணயிக்கப்பட்ட திருத்தப்பட்ட எரிசக்தி விதிமுறைகளின் அடிப்படையில் சலுகை விகிதத்தைப் பெற மார்ச் 31, 2018 வரை தகுதியுடையவை.",
               "schemeTargetGroup":"யூரியா அலகுகளுக்கு 2018-19ஆம் ஆண்டில் அடைய வேண்டிய இலக்கு எரிசக்தி நுகர்வு விதிமுறைகள் வழங்கப்பட்டுள்ளன. குரூப் -1 ஐப் பொறுத்தவரை, 2018-19 ஆம் ஆண்டிற்கான இலக்கு எரிசக்தி விதிமுறைகள் 5.5 ஜி கால் / எம்டி ஆகும் (டாடா கெமிக்கல்ஸ் லிமிடெட்-பாப்ராலாவைத் தவிர, தற்போதுள்ள என்.பி.எஸ் -3 இன் முன்பே அமைக்கப்பட்ட எரிசக்தி நுகர்வு விதிமுறை அதாவது 5.417 ஜி கால் / எம்டி தொடரும்). குழு -2 மற்றும் குழு -3 க்கு, 2018-19 ஆம் ஆண்டிற்கான இலக்கு எரிசக்தி நுகர்வு விதிமுறைகள் முறையே 6.2 ஜி கால் / எம்டி மற்றும் 6.5 ஜி கால் / எம்டி ஆகும்.",
               "schemeMiscDetails":"தற்போது, ​​நாட்டில் 30 யூரியா அலகுகள் உள்ளன, அவற்றில் 27 யூரியா அலகுகள் இயற்கை எரிவாயுவைப் பயன்படுத்துகின்றன (உள்நாட்டு எரிவாயு / எல்.என்.ஜி அல்லது இரண்டையும் பயன்படுத்துகின்றன) மற்றும் மீதமுள்ள மூன்று யூரியா அலகுகள் நாப்தாவை தீவனமாகப் பயன்படுத்துகின்றன. யூரியாவின் எம்ஆர்பி இந்திய அரசால் சட்டரீதியாக நிர்ணயிக்கப்பட்டுள்ளது, தற்போது இது ரூ. 5360 / - ஒரு எம்டிக்கு (மத்திய / மாநில வரிகளைத் தவிர), இதில் ரூ. 180 / எம்டி தனியார் வர்த்தகர்கள் / பொதுத்துறை நிறுவனங்களுக்கான டீலர் விளிம்பாக & ரூ. 200 / எம்டி மற்றும் கூட்டுறவு நிறுவனங்களுக்கு ரூ. 50 / எம்டி சில்லறை விற்பனையாளர்களுக்கு ரசீதை ஒப்புக்கொள்வதற்கும், எம்.எஃப்.எம்.எஸ் (ஐ.எஃப்.எம்.எஸ்) இல் உள்ள பங்குகளை கூடுதல் ஊக்கத்தொகையாக அறிவிப்பதற்கும். வேம்பு பூசப்பட்ட யூரியாவில் உர உற்பத்தி நிறுவனங்களால் 5% (ஒரு எம்டிக்கு ரூ. 5360 / -) கூடுதல் எம்ஆர்பி வசூலிக்கப்படுகிறது. பண்ணை வாசலில் உரங்களின் விநியோக விலைக்கும், விவசாயி செலுத்த வேண்டிய எம்ஆர்பிக்கும் உள்ள வேறுபாடு, உர உற்பத்தியாளர் / இறக்குமதியாளருக்கு மானியமாக இந்திய அரசால் வழங்கப்படுகிறது.",
               "schemeDepartments":"உரங்கள் துறை"
            },
            {
               "schemeUiId":"M_004_S_002",
               "schemeName":"பிரதான் மந்திரி ஜான் ஆஷாதிபரி யோஜனா",
               "schemeObj":"அனைவருக்கும், குறிப்பாக ஏழைகள் மற்றும் பின்தங்கியவர்களுக்கு, மலிவு விலையில் தரமான மருந்துகளை 'ஜான் ஆஷாதி மெடிக்கல் ஸ்டோர்' மூலம் பிரத்தியேக விற்பனை நிலையங்கள் மூலம் வழங்குவதன் மூலம், சுகாதாரத்துறையில் பாக்கெட் செலவினங்களைக் குறைக்க வேண்டும்.",
               "schemeDesc":"செப்டம்பர் 2015 இல், 'ஜன ஆஷாதி திட்டம்' 'பிரதான் மந்திரி ஜான் ஆஷாதி யோஜனா' (பி.எம்.ஜே.ஏ) என புதுப்பிக்கப்பட்டது. நவம்பர், 2016 இல், இந்த திட்டத்திற்கு மேலும் உத்வேகம் அளிப்பதற்காக, அது மீண்டும் 'பிரதான் மந்திரி பாரதிய ஜனசாதி பரியோஜனா' (பி.எம்.பி.ஜே.பி) என மறுபெயரிடப்பட்டது .பிரதன் மந்திரி பாரதிய ஜனசாதி பரியோஜனா (பி.எம்.பி.ஜே.பி) மருந்துத் துறையால் தரமான மருந்துகளை வழங்கும் ஒரு பிரச்சாரம் மக்களுக்கு மலிவு விலையில். பொதுவான மருந்துகளை வழங்க PMBJP கடைகள் அமைக்கப்பட்டுள்ளன, அவை குறைந்த விலையில் கிடைக்கின்றன, ஆனால் அவை விலையுயர்ந்த பிராண்டட் மருந்துகளாக தரம் மற்றும் செயல்திறனில் சமமானவை. இந்திய அரசாங்கத்தின் மருந்தியல் துறை, வேதியியல் மற்றும் உரங்கள் அமைச்சகம், நிர்வாக கட்டுப்பாட்டின் கீழ் செயல்பட்டு வரும் இந்திய பணியக பி.எஸ்.யுக்கள் (பிபிபிஐ) என்ற பதிவு செய்யப்பட்ட சமூகத்தின் மூலம் இந்த திட்டம் செயல்படுத்தப்படுகிறது. இந்த திட்டத்தின் தயாரிப்பு கூடை இப்போது 800 க்கும் மேற்பட்ட மருந்துகள் மற்றும் 154 அறுவைசிகிச்சைகள் மற்றும் நுகர்பொருட்களை அனைத்து முக்கிய சிகிச்சை வகைகளான தொற்று எதிர்ப்பு, ஒவ்வாமை எதிர்ப்பு, நீரிழிவு நோய், இருதய, புற்றுநோய் எதிர்ப்பு, இரைப்பை-குடல் மருந்துகள் போன்றவற்றை உள்ளடக்கியது. PMBJP நாடு முழுவதும் அதன் PMBJP கேந்திரங்கள் மூலம் பொதுவான மருந்துகளை விற்பனை செய்வதன் மூலம் சுகாதாரப் பகுதியில் உள்ள நோயாளிகளுக்கு 50-90% சேமிப்பு கிடைத்துள்ளது. எடுத்துக்காட்டாக, செட்ரைசின் 10 மி.கி 10 டேப்லெட்டுகளின் சராசரி சந்தை விலை ரூ. 15.30 ஆகவும், PMBJP இன் செட்ரைசின் 10 மி.கி 10 டேப்லெட்டுகளின் விலை ரூ. 1.84. எனவே,% சேமிப்பு 87.97 ஆகும்.",
               "schemeEligiiblity":"மருத்துவர்கள் மற்றும் பதிவுசெய்யப்பட்ட மருத்துவ பயிற்சியாளர்களைத் தவிர வேறு தனிப்பட்ட விண்ணப்பதாரர்கள், கட்டாயமாக பி. பார்மா மற்றும் டி. பார்மா டிகிரி பெற்ற நபர்களாக இருக்க வேண்டும். PMBJK க்கு விண்ணப்பிக்கும் எந்தவொரு நிறுவனமும் பி. பார்மா / டி. பார்மா பட்டம் பெற்றவர்களை பணியமர்த்த வேண்டும் மற்றும் விண்ணப்பங்களை சமர்ப்பிக்கும் நேரத்தில் அதற்கான ஆதாரங்களை தயாரிக்க வேண்டும். மருத்துவக் கல்லூரிகள் உள்ளிட்ட அரசு மருத்துவமனை வளாகங்களில், விருப்பமான நிறுவனம் தன்னார்வ தொண்டு நிறுவனங்கள் / தொண்டு நிறுவனங்கள் என புகழ்பெற்றதாக இருக்கும், ஆனால் தனிநபர்களும் தகுதி பெறுவார்கள்.",
                "schemeTargetGroup":"எஸ்சி / எஸ்டி / வேறுபட்ட திறன் கொண்ட பலவீனமான பிரிவுகளைச் சேர்ந்த விண்ணப்பதாரர்களுக்கு ரூ. 50,000 / - முன்கூட்டியே ரூ. 2.5 லட்சம். வடகிழக்கு மாநிலங்கள், நக்சல் பாதிக்கப்பட்ட பகுதிகள் மற்றும் பழங்குடியினர் பகுதிகளுக்கு, ஊக்க விகிதம் 15% ஆக இருக்கும், இது மாத உச்சவரம்புக்கு ரூ. 15,000 / - மொத்த வரம்பு ரூ. 2.5 லட்சம்.",
               "schemeMiscDetails":"PMBJP இன் கீழ், நாடு முழுவதும் 3,000 PMBJP கேந்திரங்களைத் திறக்கும் இலக்கு 08.12.2017 அன்று அடையப்பட்டது, மேலும் 15.11.2018 நிலவரப்படி, நாட்டின் 35 மாநிலங்கள் / யூனியன் பிரதேசங்களில் 4,410 PMBJP கேந்திரங்கள் செயல்படுகின்றன.",
               "schemeDepartments":"மருந்துகள் துறை"
            },
              {
               "schemeUiId":"M_004_S_003",
               "schemeName":"சுவிதா",
               "schemeObj":"நாட்டில் 3,600 ஜநௌஷாதிி கேந்திரங்களில் பெண்களுக்கு ஆக்சோ-மக்கும் சானிட்டரி நாப்கின்களை ரூ .2.5 / பேட் விலையில் வழங்க இலக்கு. அனைவருக்கும் கட்டுப்படியாகக்கூடிய மற்றும் தரமான சுகாதார சேவையை வழங்கும் அரசாங்கத்தின் பார்வையின் கீழ் இது தொடங்கப்பட்டது. இது மலிவு, சுகாதாரம் மற்றும் சுகாதார நாப்கின்களை எளிதில் பயன்படுத்துவது மற்றும் அகற்றுவதை உறுதி செய்யும்",
               "schemeDesc":"இந்தியாவில் மாதவிடாய் 35,50,00,000 க்கும் அதிகமான பெண்கள் உள்ளனர், ஆனால் பாதுகாப்பான மற்றும் சுகாதாரமான மாதவிடாய் ஆரோக்கியத்தை அணுகுவது எப்போதுமே ஒரு பிரச்சினையாகவே உள்ளது. இவர்களில் 82% பெண்கள் சுகாதார நாப்கின்களைப் பயன்படுத்துவதில்லை மற்றும் பழைய துணி, கந்தல், வைக்கோல், சாம்பல், மணல் போன்ற மாற்றுப் பொருட்களைப் பயன்படுத்துவதில்லை. இந்தியாவில் 29,11,00,000 பெண்கள் சுகாதார துடைக்கும் அணுகல் இல்லை. இதை எதிர்கொள்ளும் முயற்சியாக, அரசாங்கம் தனது ஜான் ஆஷாதி கேந்திராக்களில் இருந்து விற்கப்படும் சானிட்டரி நாப்கின்களின் விலையை தற்போது ரூ .2.50 லிருந்து ஒரு ரூபாய்க்கு குறைப்பதாக அறிவித்தது, மேலும் உலக மாதவிடாய் சுகாதார தினத்தினால் (மே 28, 2018). மக்கும் தன்மை கொண்ட 'சுவிதா' எனப்படும் சானிட்டரி நாப்கின்கள் ஒவ்வொரு திண்டுக்கும் ரூ 1 மானிய விலையில் கிடைக்கும். சுவிதா நாப்கினில் சிறப்பு சேர்க்கை சேர்க்கப்பட்டுள்ளது, இது ஆக்ஸிஜனைப் பயன்படுத்தி அதை அப்புறப்படுத்திய பின் வினைபுரியும் போது அதை மக்கும் தன்மை கொண்டது. மானியத்திற்கு முன்பு, அவை நான்கு பேக்குகளுக்கு ரூ .10 க்கு விற்கப்பட்டன. சுவிதா என்ற பிராண்ட் பெயரில் உள்ள இந்த நாப்கின்கள் நாடு முழுவதும் 5,500 ஜன ஆஷாதி கேந்திரங்களில் கிடைக்கும். இந்த முயற்சி சரியான திசையில் ஒரு பெரிய படியாக இருந்தாலும், பெண்களின் மாதவிடாய் ஆரோக்கியத்தை மேம்படுத்துவதைப் பற்றிய நிகழ்வைத் தொடங்குவது பற்றி ஏதோ. மகளிர் தினத்தை (2018) முன்னிட்டு பிரதான் மந்திரி பாரதிய ஜனசாதி பரியோஜனா (பி.எம்.பி.ஜே.பி) இன் கீழ் 100 சதவீத மக்கும் சுகாதார துடைக்கும் துடைப்பான ‘சுவிதா’ தொடங்குவதற்கான அரசாங்கத்தின் முடிவை நிபுணர்கள் பாராட்டினர். சுவிதா சானிட்டரி நாப்கின்கள் மலிவு விலையில் ரூ. இந்தியாவின் ஏழ்மையான பெண்களுக்கு ‘ஸ்வச்ச்தா, ஸ்வஸ்தியா மற்றும் சுவிதா’ (தூய்மை, சுகாதாரம் மற்றும் வசதி) ஆகியவற்றை உறுதி செய்வதற்காக இந்தியா முழுவதும் 3200 க்கும் மேற்பட்ட ‘ஜனவுஷாதி கேந்திரங்கள்’ என்ற இடத்தில் ஒரு திண்டுக்கு 2.50 ரூபாய்.",
               "schemeEligiiblity":"NIL",
               "schemeTargetGroup":"பெண்கள்",
               "schemeMiscDetails":"2015-16 தேசிய குடும்ப சுகாதார கணக்கெடுப்பின்படி, 15 வயது முதல் 24 வயது வரையிலான பெண்களில் சுமார் 58% பெண்கள் உள்நாட்டில் தயாரிக்கப்பட்ட நாப்கின்கள் மற்றும் டம்பான்களைப் பயன்படுத்துகின்றனர். மேலும், நகர்ப்புறங்களில் சுமார் 78% பெண்கள் மாதவிடாய் காலத்தில் சுகாதார பாதுகாப்பு முறைகளைப் பயன்படுத்துகின்றனர்; கிராமப்புறங்களில் 48% பெண்களுக்கு மட்டுமே சுத்தமான சுகாதார நாப்கின்கள் கிடைக்கின்றன. பெரும்பாலான பெண்கள் மாதவிடாயின் போது சுகாதாரமற்ற தயாரிப்புகளைப் பயன்படுத்துகிறார்கள், அதாவது மர சவரன், இழைகள் மற்றும் பூஞ்சை தொற்று ஏற்படக்கூடிய பழைய அழுக்கு உடைகள், இனப்பெருக்க பாதை நோய்த்தொற்று, சிறுநீர் பாதை நோய்த்தொற்று, கர்ப்பப்பை வாய்ப் புற்றுநோய் மற்றும் பெண்கள் கருவுறாமைக்கு ஆளாக நேரிடும்.",
               "schemeDepartments":"மருந்துகள் துறை"
            },
             {
               "schemeUiId":"M_004_S_004",
               "schemeName":"பார்மா ஜான் சமதன் திட்டம்",
               "schemeObj":"மக்களிடையே விழிப்புணர்வை ஏற்படுத்துதல். மருந்துகளின் விலையில் பணவீக்கத்தை நிறுத்த. போலி (உண்மையானது அல்ல) மருந்துகள் பரவுவதைத் தடுக்கவும். நுகர்வோர் மற்றும் மருந்துத் துறை ஆகிய இரண்டிற்கும் உதவ. சாமானியருக்கு அதிகாரம் அளித்தல். தரம், கிடைக்கும் தன்மை, கட்டுப்படியாகக்கூடிய மருந்தியல் துறையின் தூண்களை வலிமையாக்க",
               "schemeDesc":"இந்தத் திட்டம் நுகர்வோரின் குறைகளைத் தீர்ப்பதற்கான வலை இயக்கப்பட்ட அமைப்பாகும். இது மருந்துகளின் கிடைக்கும் தன்மை மற்றும் விலை நிர்ணயம் தொடர்பாக விரைவான மற்றும் பயனுள்ள புகார் நிவாரண முறையை ஏற்படுத்தியுள்ளது. மருந்துகள் (விலைக் கட்டுப்பாடு) உத்தரவு 2013 ஐ திறம்பட செயல்படுத்துவதன் மூலம் நுகர்வோரின் நலன்களைப் பாதுகாப்பதற்கான வலுவான மின்-ஆளுமைக் கருவியாக இது செயல்படும். பார்மா ஜான் சமதன் திட்டம் இந்திய அரசின் 'டிஜிட்டல் இந்தியா'வின் ஒரு பகுதியாகும். இது ஒரு வலை- மருந்துகளின் விலை மற்றும் கிடைக்கும் தன்மை தொடர்பான நுகர்வோரின் குறைகளை நிவர்த்தி செய்வதற்கான செயல்படுத்தப்பட்ட அமைப்பு. இது மார்ச் 2015 இல் தொடங்கப்பட்டது. இது (தேசிய மருந்து விலை ஆணையம்) உருவாக்கியது. NPPA என்பது இரசாயனங்கள் மற்றும் உரங்கள் அமைச்சின் கீழ் உள்ள மருந்துத் துறையின் அதிகாரமாகும். ‘தேடல் மருந்து விலை’ என்ற ஆன்லைன் தேடல் கருவி மூலம் மருந்தின் எம்ஆர்பியை தேட ஆன்-லைன் சேவையை பி.ஜே.எஸ் வழங்குகிறது. எந்தவொரு உப்பு அல்லது சூத்திரத்திற்கும் மாற்று பிராண்டுகள் மற்றும் அவற்றின் விலைகளைக் கண்டறிய இந்த பயன்பாடு நுகர்வோருக்கு உதவுகிறது. எந்தவொரு நபரும் பின்வரும் வகைகளின் கீழ் புகார் அளிக்கலாம்: மருந்துகளின் அதிக விலை நிர்ணயம், மருந்துகள் கிடைக்காதது அல்லது பற்றாக்குறை, NPPA இன் முன் விலை ஒப்புதல் இல்லாமல் புதிய மருந்துகளை விற்பனை செய்தல் மற்றும் நல்ல மற்றும் போதுமான காரணமின்றி எந்தவொரு மருந்தையும் விற்பனை செய்ய மறுப்பது. எந்தவொரு புகாரிலும் 48 மணி நேரத்திற்குள் NPPA நடவடிக்கை எடுக்கும். அதன் ரசீது. தேசிய மருந்து விலை ஆணையம், மருந்துத் துறை, ரசாயனங்கள் மற்றும் உரங்கள் அமைச்சகம் பாரா 19 இன் கீழ் நிர்ணயிக்கப்பட்ட திட்டமிடப்பட்ட மருத்துவம், புதிய மருந்து மற்றும் மருந்து ஆகியவற்றின் அதிகபட்ச சில்லறை விலை (எம்ஆர்பி) தேடுங்கள்.",
               "schemeEligiiblity":"NPPA இன் மொபைல் பயன்பாடு (தேடல் மருந்து விலை), விலை கட்டுப்பாட்டின் கீழ் உள்ள திட்டமிடப்பட்ட மருந்துகளின் விலைகள் குறித்த தகவல்களை நுகர்வோருக்கு வழங்கும். ‘தேடல் மருந்து விலை’ என்பது மருந்து வாங்கும் நேரத்தில் உடனடியாக திட்டமிடப்பட்ட மருந்துகளின் விலையை சரிபார்க்க ஒரு ஆன்லைன் தேடல் கருவியாகும். கருவி திட்டமிடப்பட்ட மருந்துகளின் எம்ஆர்பியைக் குறிக்கும் (வாட் உட்பட). அங்கீகரிக்கப்பட்ட விலை வரம்பிற்குள் மருந்துகள் விற்கப்படுகிறதா என்பதை சரிபார்க்கவும், மருந்து நிறுவனம் / வேதியியலாளரால் அதிக விலை நிர்ணயம் செய்யப்படுவதைக் கண்டறியவும் இந்த பயன்பாடு நுகர்வோருக்கு உதவும்.",
               "schemeTargetGroup":"ஒரு ஆதாரத்தின் படி, NPPA தொடங்கப்பட்டதிலிருந்து மொத்தம் 295 வழக்குகள் பதிவு செய்யப்பட்டுள்ளன, மேலும் மருந்து விலை கட்டுப்பாட்டாளர் இதுவரை அனைத்து வழக்குகளையும் தீர்த்து வைத்துள்ளார். நோயாளிகள் அல்லது நுகர்வோர் அதிக விலை நிர்ணயம் செய்ததற்காக மொத்தம் 12 புகார்கள் பதிவு செய்யப்பட்டன, 134 புகார்கள் நுகர்வோர் மருந்துகள் பற்றாக்குறையால் பதிவு செய்யப்பட்டன. விற்பனை செய்ய மறுத்ததற்காக இந்த ‘பார்மா ஜான் சமதன்’ திட்டத்தின் கீழ் மேலும் 147 புகார்கள் என்.பி.பி.ஏ.யில் பதிவு செய்யப்பட்டுள்ளன, விலை ஒப்புதல் இல்லாமல் இரண்டு வழக்குகள் பதிவு செய்யப்பட்டுள்ளன",
               "schemeMiscDetails":"மேலும் பல தகவல்களுக்கு  ",
               "schemeDepartments":"மருந்துகள் துறை"  
             },
             {
               "schemeUiId":"M_004_S_005",
               "schemeName":"பிளாஸ்டிக் பூங்கா திட்டம்",
               "schemeObj":"நவீன, ஆராய்ச்சி மற்றும் மேம்பாட்டு வழிநடத்தும் அளவீடுகளின் தழுவல் மூலம் கீழ்நிலை பிளாஸ்டிக் செயலாக்கத் துறையில் போட்டித்திறன், பாலிமர் உறிஞ்சுதல் திறன் மற்றும் மதிப்பு கூட்டல் ஆகியவற்றை அதிகரிக்க. அலகு மற்றும் உற்பத்தியின் கூடுதல் இயலாமை மூலம் பிளாஸ்டிக் துறையில் முதலீடுகளை அதிகரித்தல், மதிப்பு கூட்டல் மற்றும் ஏற்றுமதியை அதிகரிப்பதற்கான தரமான உள்கட்டமைப்பு மற்றும் பிற வசதிகளை உருவாக்குதல். கழிவு மேலாண்மை மற்றும் மறுசுழற்சி ஆகியவற்றின் புதுமையான முறைகள் மூலம் சுற்றுச்சூழல் நிலையான வளர்ச்சியை அடைவதற்கு. வளங்கள் மற்றும் பொருளாதாரங்களை மேம்படுத்துவதன் காரணமாக எழும் நன்மைகள் காரணமாக மேலே குறிப்பிடப்பட்ட நோக்கங்களை அடைய ஒரு கிளஸ்டர் மேம்பாட்டு அணுகுமுறையை பின்பற்றுவது.",
               "schemeDesc":"பிளாஸ்டிக் பூங்காக்களை அமைப்பதற்கான நிதியுதவியை இந்திய அரசு (கோஐ) வழங்கும், கீழ்நிலை பிளாஸ்டிக் பதப்படுத்தும் தொழில்களை மேம்படுத்துவதற்கு திட்டமிடப்பட்டுள்ளது என்று இரசாயன மற்றும் உர அமைச்சகம் தெரிவித்துள்ளது. வேதியியல் மற்றும் பெட்ரோ கெமிக்கல்ஸ் திணைக்களத்தால் செயல்படுத்தப்படவுள்ள இத்திட்டம், தொழில்களுக்கு உள்கட்டமைப்பு மற்றும் பொதுவான வசதிகளை வழங்கும் ‘சிறப்பு நோக்க வாகனம்’ (எஸ்.பி.வி) அமைக்க திட்டமிட்டுள்ளது. அத்தகைய SPV ஐ அமைக்கும் மாநில அரசு அல்லது அதன் நிறுவனம், அதில் பங்கு பங்களிப்பை கட்டாயமாக கொண்டிருக்க வேண்டும். SPV க்கும் அதன் உறுப்பினர்களுக்கும் இடையிலான பங்கு சந்தா ஒப்பந்தங்கள் செயல்படுத்தப்பட வேண்டும். உறுப்பினர்களின் பங்களிப்பு நிலத்தின் விலை உட்பட மொத்த பங்குகளில் குறைந்தது 20% ஆக இருக்க வேண்டும். திட்ட செலவில் 50% அளவிற்கு GoI ஒரு உதவித் தொகையை வழங்கும், இந்த நோக்கத்திற்காக அமைக்கப்படும் SPV ஒன்றுக்கு ரூ .40 கோடிக்கு மிகாமல். SPV இல் மீதமுள்ள பங்களிப்பு மாநில அரசு, அதன் முகவர் நிலையங்கள், பயனாளிகள் தொழில்கள் அல்லது நிதி நிறுவனங்களிலிருந்து கடன் பெறும். வேதியியல் மற்றும் பெட்ரோ கெமிக்கல்ஸ் துறையில் ஒரு திட்ட வழிநடத்தல் குழு (எஸ்.எஸ்.சி) திட்ட ஒப்புதல் நேரத்தில் தீர்மானிக்கப்பட வேண்டிய மைல்கற்களை அடையாளம் காண்பது மற்றும் அத்தகைய ஒவ்வொரு மைல்கல்லையும் நிர்ணயிக்கும் நேர வரம்புகளின் அடிப்படையில் நிதி வெளியீடு இருக்கும்.",
               "schemeEligiiblity":"ஒரு சிறப்பு நோக்கம் வாகனம் (SPV) மூலம் செயல்படுத்த உத்தேசிக்கப்பட்ட திட்டங்கள், ஒரு திட்டத்திற்கு ரூ .40.00 கோடிக்கு மிகாமல் திட்ட செலவில் 50% வரை பிளாஸ்டிக் பூங்காக்கள் அமைக்கும் திட்டத்தின் கீழ் நிதியுதவி பெற தகுதியுடையவை. சிறப்பு நோக்க வாகனம் (SPV ) பிளாஸ்டிக் துறை அல்லது துணைத் துறையை பிரதிநிதித்துவப்படுத்தும் பயனர் நிறுவனங்களுடன் இணைந்து மாநில அரசு அல்லது மாநில தொழில்துறை மேம்பாட்டுக் கழகம் போன்ற ஏதேனும் ஒரு நிறுவனத்தால் உருவாக்கப்பட்டது.",
               "schemeTargetGroup":"வழக்கமான பிளாஸ்டிக் பூங்காவின் பின்வரும் கூறுகளுக்கு இந்த மானியம் பயன்படுத்தப்பட வேண்டும்: உள்கட்டமைப்பு, கட்டிடங்கள், உபகரணங்கள், நிர்வாகம், கட்டுமான மேலாண்மை, விழிப்புணர்வு திட்டம்.",
               "schemeMiscDetails":"பிளாஸ்டிக் செயலாக்கத் தொழிலுக்கு அர்ப்பணிக்கப்பட்ட பொதுவான வசதிகளுக்கு குறைந்தபட்சம் 25% மானியம் வழங்கப்படும். 25% நிதியை தன்மை, முன்மாதிரி மற்றும் மெய்நிகராக்கம், அடைகாத்தல், பயிற்சி, அழிவில்லாத பொருள், சோதனை, கிடங்கு, பிளாஸ்டிக் மறுசுழற்சி, கருவி வடிவமைப்பு, பிளாஸ்டிக் துறையின் ஆராய்ச்சி மற்றும் மேம்பாட்டுக்கு பயன்படுத்தலாம். திட்ட செலவில் 5% நிர்வாக மற்றும் தலைமை நிர்வாக அதிகாரியின் சம்பளம் உட்பட SPV இன் பிற நிர்வாக ஆதரவுகளுக்கு வழங்கப்படும். சிவில் பணிகளை நிறைவேற்றுவதற்காக பொறியாளர்கள், கட்டட வடிவமைப்பாளர்கள், கட்டுமான மேலாண்மை மற்றும் பிற நிபுணர்களை ஈடுபடுத்த திட்ட செலவில் 5% வழங்கப்படும். மென்மையான முன்முயற்சிகளுக்கான உதவி ஒரு திட்டத்திற்கு ரூ .50 லட்சத்திற்கு மிகாமல் மென்மையான தலையீடுகளின் செலவில் 75% ஆகும்.",
               "schemeDepartments":"கெமிக்கல்ஸ் மற்றும் பெட்ரோ கெமிக்கல்ஸ் துறை"   
             },
         ]
      },
         ]
      },
   