{
   "ListOfMinistries":[
      {
         "ministryId":1,
         "ministryName":"Ministry of Chemicals and Fertilizers",
         "ministrySchemesList":[
            {
               "schemeUiId":"M_004_S_001",
               "schemeName":"NBS – Nutrient Based Subsidy Scheme",
               "schemeObj":"The scheme aims at ensuring that sufficient quantity of P&K is at the farmer’s disposal at statutory controlled prices so that agricultural growth can be sustained and balanced nutrient application to the soil can be ensured. It aims at ensuring balanced use of fertilizers, improving agricultural productivity, promoting the growth of the indigenous fertilizer industry and also reducing the burden of subsidy.",
               "schemeDesc":"In 2010, the government had launched the NBS under which a fixed amount of subsidy is provided on each grade of subsidised phosphatic and potassic (P&K) fertilisers. Now for urea too, the subsidy will be based on the nutrient content present in them. The total consumption of urea is around 30 MT, out of which 5 MT is imported. Under the NBS Policy, a fixed amount of subsidy decided on annual basis isprovided on each grade of the subsidized Phosphatic & Potassic (P&K) fertilizersdepending upon its nutrient content.Minimum Retail Price (MRP) of P&K fertilizers has been left open and the manufacturers/importers/ marketers are allowed to fix MRP of P&K fertilizers atreasonable level. MRP will be decided taking into account the international and domestic prices ofP&K fertilizers, exchange rate, and inventory level in the country. 22 grades of P&K fertilizers namely DAP, MAP, TSP, MOP, Ammonium Sulphate, SSPand 16 grades of NPKS (Nitrogen (N), Phosphate (P), Potash (K) and Sulphur (S).complex fertilizers are covered under the NBS Policy. As much as 80% of India’s production of urea is gas-based. The price of Urea was increased by 10 per cent from 1st April 2010. After that in October 2012, the government agreed to hike the prices of urea-based fertilizers by Rs. 50 per tonne. This was the last increase in Urea Price. With this increase, urea-based fertilizers will now cost Rs. 5,360 per tonne, still a lot cheaper than potash and phosphate fertilizers, which cost Rs. 24,000 per tonne.",
               "schemeEligiiblity":"As per NUP – 2015, the preset energy norms for the 25 gas based urea units fixed during earlier policies have been mopped up and they are eligible to get the concession rate on the basis of revised energy norms fixed for each group from 1st June, 2015 to 31St March.",
               "schemeTargetGroup":"The urea units have been given target energy consumption norms to be achieved in the year 2018-19. For Group-I, target energy norms for the year 2018-19 is 5.5 G Cal/MT (except Tata Chemicals Limited-Babrala for which existing pre-set energy consumption norm of NPS-III i.e. 5.417 G Cal/MT will continue).  For Group-II and Group-III, the target energy consumption norms for the year 2018-19 have been 6.2 G Cal/MT and 6.5 G Cal/MT respectively.",
               "schemeMiscDetails":"At present, there are 30 urea units in the country out of which 27 urea units use Natural Gas (using either domestic gas/LNG or both) and remaining three urea units use Naphtha as feedstock. The MRP of urea is statutorily fixed by the Government of India and at present it is Rs. 5360/- per MT (exclusive of the Central/State Taxes), which includes Rs. 180/MT as dealer margin for private traders/PSUs & Rs. 200/MT for Co-operatives and Rs. 50/MT to retailers for acknowledging the receipt and reporting the stock in mFMS (iFMS) as additional incentive. An extra MRP of 5 % (of Rs. 5360/- per MT) is charged by fertilizer manufacturing entities on Neem Coated Urea. The difference between the delivered cost of fertilizers at farm gate and MRP payable by the farmer is given as subsidy to the fertilizer manufacturer/importer by the Government of India.",
               "schemeDepartments":"Department Of Fertilisers"
            },
            {
               "schemeUiId":"M_004_S_002",
               "schemeName":"PradhanMantri Jan AushadhiPari yojana",
               "schemeObj":"Making quality medicines available at affordable prices for all, particularly the poor and disadvantaged, through exclusive outlets 'Jan Aushadhi Medical Store', so as to reduce out of pocket expenses in healthcare.",
               "schemeDesc":"In September 2015, the 'Jan Aushadhi Scheme' was revamped as 'Pradhan Mantri Jan Aushadhi Yojana' (PMJAY). In November, 2016, to give further impetus to the scheme, it was again renamed as 'Pradhan Mantri Bhartiya Janaushadhi Pariyojana' (PMBJP).Pradhan Mantri Bhartiya Janaushadhi Pariyojana (PMBJP) is a campaign launched by the Department of Pharmaceuticals to provide quality medicines at affordable prices to the masses. PMBJP stores have been set up to provide generic drugs, which are available at lesser prices but are equivalent in quality and efficacy as expensive branded drugs. The Scheme is being implemented through an registered society namely Bureau of Pharma PSUs of India (BPPI) which is working under the administrative control of Department of Pharmaceuticals, Ministry of Chemicals & Fertilizers, Government of India. The Product Basket of the scheme now covers more than 800 medicines and 154 surgicals & consumables in all major therapeutic categories such as Anti-infectives, Anti-allergics, Anti-diabetics, Cardiovasculars, Anti-cancers, Gastro-intestinal medicines, etc. PMBJP has resulted in 50-90% savings to patients in the area of healthcare by selling generic medicines through its PMBJP Kendras across the country. For example, the average market price of Cetrizine 10 mg 10 Tablets is Rs. 15.30 while the PMBJP’s price of Cetrizine 10 mg 10 Tablets is Rs. 1.84. Hence, % saving is 87.97.",
               "schemeEligiiblity":"Individual applicants other than doctors and registered medical practitioners, should mandatorily be persons having B. Pharma and D. Pharma Degrees. Any organization applying for a PMBJK will have to employ B. Pharma / D. Pharma degree holders and produce proof of the same at the time of submitting applications. In govt hospital premises including medical colleges, the preferred agency would be reputed NGOs/Charitable organizations but individuals would also be eligible.",
               "schemeTargetGroup":"The applicants belonging to weaker sections like SC/ST/Differently abled are provided medicines worth Rs. 50,000/- in advance within the incentive of Rs. 2.5 lakhs. For north eastern states, naxal affected areas and tribal areas, the rate of incentive will be 15% subject to a monthly ceiling of Rs. 15,000/- upto a total limit of Rs. 2.5 lakhs.",
               "schemeMiscDetails":"Under PMBJP, the target of opening of 3,000 PMBJP Kendras across the country was achieved on 08.12.2017 and as on 15.11.2018, 4,410 PMBJP Kendras are functional in 35 States/Union Territories of the country.",
               "schemeDepartments":"Department Of Pharmaceuticals"
            },
            {
               "schemeUiId":"M_004_S_003",
               "schemeName":"SUVIDHA",
               "schemeObj":"Aim to provide women with oxo-biodegradable sanitary napkins at a meagre cost of Rs 2.5/pad across 3,600 Janaushadhi Kendras in the country. It was launched under government’s vision of providing Affordable and Quality Healthcare for All. It will ensure affordability, hygiene as well as ease of use and disposal of sanitary napkins.",
               "schemeDesc":"India has over 35,50,00,000 menstruating women, but access to safe and hygienic menstrual health has always been an issue that has rarely been addressed. 82% of these women don't use sanitary napkins and use alternative materials such as an old cloth, rags, hay, ash, sand. That's 29,11,00,000 women in India who don't have access to sanitary napkins. In an effort to counter this, the government announced that it would slash the price of sanitary napkins sold from its Jan Aushadhi Kendras to just Re 1 per piece from Rs 2.50 currently and will be available in country by World Menstrual Hygiene Day (May 28, 2018). The sanitary napkins, called 'Suvidha', which are biodegradable, will be available at a subsidized price of Re 1 for each pad. SUVIDHA napkin has special additive added in it, which makes it biodegradable when it reacts with oxygen after it is used and discarded. Before the subsidy, they were sold for Rs 10 for a pack of four. These napkins under the brand name Suvidha will be available at 5,500 Jan Aushadhi Kendras across the country. While the initiative is a huge step in the right direction, something about the launch of  the event which was about improving women's menstrual health. Experts lauded the government’s decision to launch ‘Suvidha’, the 100 per cent biodegradable sanitary napkin, under the Pradhan Mantri Bhartiya Janaushadhi Pariyojana (PMBJP) on the occasion of Women’s Day (2018). Suvidha sanitary napkins are sold at an affordable price of Rs. 2.50 per pad, at over 3200 ‘Janaushadhi Kendras’ across India to ‘ensure ‘Swachhta, Swasthya and Suvidha’ (cleanliness, health and convenience) for the underprivileged women of India.",
               "schemeEligiiblity":"NIL",
               "schemeTargetGroup":"Womens",
               "schemeMiscDetails":"According to the National Family Health Survey 2015-16, about 58% of women aged between 15 years and 24 years use locally prepared napkins and tampons. Further, about 78% women in urban areas use hygienic methods of protection during menstrual period; while only 48% women in rural areas have access to clean sanitary napkins. Majority of women use unhygienic products during menstruation, such as wood shavings, fibres, and old dirty clothes that may cause fungal infections, Reproductive Tract Infection, Urinary Tract Infection, cervical cancer and also make women vulnerable to infertility.",
               "schemeDepartments":"Department Of Pharmaceuticals"
             },
             {
               "schemeUiId":"M_004_S_004",
               "schemeName":"Pharma Jan Samadhan Scheme",
               "schemeObj":"To create awareness among the people. To stop inflation in the cost of drugs. Prevent spread of spurious (not genuine) medication. To help both consumers as well as pharma industry. Empowering the common man. To make strong the pillars of pharma industry which are- Quality, Availability, Affordability.",
               "schemeDesc":"The scheme is a web enabled system for redressal of consumers’ grievances. It has put in place a speedy and effective complaint redressal system with respect to availability and pricing of medicines. It would serve as a robust e-governance tool for protection of consumers’ interests through effective implementation of the Drugs (Price Control) Order 2013.The pharma Jan Samadhan Scheme is a part of Government of India’s ‘Digital India’ It is a web-enabled system for redressal of consumers’ grievances relating to pricing and availability of medicines. It was launched in March 2015. It is created by (National Pharmaceutical Pricing Authority). NPPA is an authority of Department of Pharmaceuticals under the Ministry of Chemicals and Fertilizers. PJS provides the on-line service to search MRP of the medicine through the online search tool ‘Search Medicine Price’. The app helps consumers to discover alternate brands and their prices for any given salt or formulation. Any person can lodge complaint under the following types: over-pricing of medicines, non-availability or shortage of medicines, sale of new medicines without prior price approval of NPPA and, refusal of supply for sale of any medicine without good and sufficient reason. NPPA will initiate action on any complaint within 48 hrs. of its receipt. Search Maximum Retail Price (MRP) of Scheduled Medicine, new drug & drug for which price fixed under Para 19 by the National Pharmaceutical Pricing Authority, Department of Pharmaceuticals, Ministry of Chemicals and Fertilizers.",
               "schemeEligiiblity":"The Mobile App of NPPA (Search Medicine Price) , will provide information to consumers on prices of scheduled medicines, which are under price regulation. ‘Search Medicine Price’ is an online search tool for checking prices of scheduled medicines instantly at the time of purchase of the medicine. The tool will indicate the MRP of the scheduled medicines (inclusive of VAT). This app will facilitate consumers to verify whether medicines are being sold within the approved price range and also to detect any case of overpricing by pharmaceutical company/chemist.",
               "schemeTargetGroup":"NIL",
               "schemeMiscDetails":"According to a source, a total of 295 cases have been registered with the NPPA since its launch and the drug price regulator has disposed off all the cases so far.  A total of 12 complaints were registered by the patients or consumers for overpricing, while 134 complaints were registered by the consumers for shortage of medicines.  Another 147 complaints have been registered with the NPPA under this ‘Pharma Jan Samadhan’ scheme for refusal to sell and two cases were registered for without price approval.",
               "schemeDepartments":"Department Of Pharmaceuticals"  
             },
             {
               "schemeUiId":"M_004_S_005",
               "schemeName":"Plastic Park Scheme",
               "schemeObj":"To increase the competitiveness, polymer absorption capacity and value addition in the downstream plastic processing industry through adaptation of modern, research and development led measurers. To increase investments in the plastic sector through additions incapacity of unit and production, creating quality infrastructure and other facilitation to secure value addition and increase in exports. For achieving environmentally sustainable growth through innovative methods of waste management and recycling. To adopt a cluster development approach to achieve the above-mentioned objectives owing to its benefits arising due to the optimization of resources and economies of scale.",
               "schemeDesc":"The Government of India (GoI) will provide funding for setting up plastic parks, being planned for the promotion of downstream plastic processing industries, according to the Ministry of Chemicals and Fertilizers. The scheme, to be implemented by the Department of Chemicals and Petrochemicals, envisages setting up of a ‘Special Purpose Vehicle’ (SPV), which would provide infrastructure and common facilities for the industries. State Government or its agency, which would set up such SPV, will have to mandatorily have equity participation in it. “Share subscription agreements between the SPV and its members will have to be executed. The contribution of the members will have to be at least 20% of the total equity, including the cost of the land. GoI would provide a grant-in-aid to the extent of 50% of the project cost, not exceeding Rs 40 crore per SPV to be set up for the purpose. “The remaining contribution in the SPV will be from the State Government, its agencies, beneficiary industries or loan from financial institutions. The release of funds will be based on identification of milestones and time limits set for each such milestone to be decided at the time of the project approval by a Scheme Steering Committee (SSC) in the Department of Chemicals and Petrochemicals.",
               "schemeEligiiblity":"The projects proposed to be implemented by a Special Purpose Vehicle (SPV) will be eligible for funding under the Scheme for Setting up of Plastic Parks up to 50 % of the project cost not exceeding Rs 40.00 Crore per project.The special purpose vehicle (SPV) formed by the State Government or any of the agencies such as State Industrial Development Corporation in association with user enterprises representing the plastic sector or sub-sector.",
               "schemeTargetGroup":"The grant should be used for following components of typical Plastic Park: Infrastructure, Buildings, Equipment, Administration, Construction management, Awareness Programme.",
               "schemeMiscDetails":"A minimum of 25% of the grant will be provided for common enabling facilities dedicated to the plastics processing industry. The 25% of the funds can be used for the characterization, prototyping and virtualization, incubation, training, non-destructive material, testing, warehousing, plastic recycling, tooling design, Research and development of the plastics industry. 5 % of the project cost will be provided to administration and other management supports of SPV including the salary of CEO. 5 % of the project cost will be granted for engaging engineers, architects, construction management and other experts for the execution of civil works. Assistance for soft initiatives will be an extent of 75 % of the cost of soft interventions not exceeding Rs 50 lakhs per project.",
               "schemeDepartments":"Department Of Chemicals & Petrochemicals"   
             },
         ]
      },
         ]
      },

