{
   "ListOfMinistries":[
      {
         "ministryId":1,
         "ministryName":"Ministry of Civil Aviation",
         "ministrySchemesList":[
            {
               "schemeUiId":"M_005_S_001",
               "schemeName":"UDAN – RCS",
               "schemeObj":"The primary objective of RCS is to facilitate / stimulate regional air connectivity by making it affordable. Promoting affordability of regional air connectivity is envisioned under RCS by supporting airline operators through (1) concessions by Central Government, State Governments (reference deemed to include Union Territories as well, unless explicitly specified otherwise) and airport operators to reduce the cost of airline operations on regional routes / other support measures and (2) financial (viability gap funding or VGF) support to meet the gap, if any, between the cost of airline operations and expected revenues on such routes.",
               "schemeDesc":"UDAN is a regional connectivity scheme spearheaded by the Government of India (GoI). The full form of UDAN is ‘Ude Desh ka Aam Nagarik’ and aims to develop smaller regional airports to allow common citizens easier access to aviation services. Under the scheme, airports already developed by the Airport Authority of India will be given higher priority for the Viability Gap Funding. The airports not part of the list but are located in the priority areas will be given priority next, followed by airports located in other areas. The following are its salient features: The scheme duration is for 10 years, Airlines participating in UDAN are selected through a competitive bidding process. The Central government will provide the following: Subsidy to cover Value Gap funding (VGF) for participating airlines, Concessional GST on tickets booked using the scheme, Codesharing for flights under the policy. State Governments will extend the following measures:GST reduction to 1% for 10 years, Coordination with oil companies to facilitate refuelling facilities, Provide land for airport and ancillary development, Trained security personnel, Utilities at subsidised rates, 20% of VGF. Airport operators such as AAI will provide the following concessions: No parking, landing and storage charges at participating airports, Nil TNLC (Terminal Navigation Landing Charges), Allow ground handling by the airline selected through the bidding process, RNCF (Route Navigation and Facilitation Charges) will be discounted to 42.4% of normal rates by the Airports Authority of India.",
               "schemeEligiiblity":"In order to be eligible for support under this Scheme: A proposal shall either be for an individual RCS Route (“Individual Route Proposal”) or for a set of connected routes (“Network Proposal”). Operations under the Scheme will be permitted through fixed wing aircraft (including sea planes) and helicopters, provided that operations through helicopters will be permitted only among the States of Jammu and Kashmir, Himachal Pradesh & Uttarakhand, North Eastern Region of India, Andaman and Nicobar Islands and Lakshadweep Islands. Operations under the Scheme shall be permitted by airline operators having valid Air Operator Permit (AOP) issued by DGCA. DGCA may also examine, from time to time, permitting operations under the Scheme using foreign registered aircraft and may issue appropriate guidelines / directions in this regard.",
               "schemeTargetGroup":"The Civil Aviation Ministry aims to operationalize around 1000 routes and develop more than 100 airports in the next five years. The Ministry aims to achieve this by focusing on operationalizing routes in the priority areas.",
               "schemeMiscDetails":"For futher details visit https://www.civilaviation.gov.in/en",
               "schemeDepartments":"Department of Civil Aviation"
            },
            {
               "schemeUiId":"M_005_S_002",
               "schemeName":"DigiYatra",
               "schemeObj":"Enhance passenger experience and provide a simple and easy experience to all air travelers. Achieve better throughput through existing infrastructure using “Digital Framework”. Result in lower cost operations. Digitize current manual processes and to bring better efficiencies. Enhance security standards and improve current system performance. Rollout of “Digi Yatra” system with a digital “ID” backed by a strong verifiable government issued identity like AADHAAR, passport & others, enabling a seamless travel experience for Passengers at all airports across India.",
               "schemeDesc":"The Ministry of Civil Aviation is adding a Digital experience for Air Travellers through DigiYatra Platform. The 'DigiYatra' is an industry-led initiative co-ordinated by the Ministry in line with the Prime Minister Shri Narendra Modi's Digital India's vision to transform the nation into a digitally empowered society. Digi Yatra - Digital processing of passengers at the airports. Passengers will be automatically processed based on facial recognition system at check points like; Entry point check, Entry in to Security Check, Aircraft Boarding, Additionally this will also facilitate self-Bag Drop and Check-in, using facial recognition to identify pax and data recall. Digi Yatra will facilitate paperless travel and avoid identity check at multiple points. Digi Yatra Central platform will be operational by end of February, 2019. Bangalore and Hyderabad will be ready with pilot implementation by end of Feb 2019. AAI intend to roll out the programme initially at Kolkata, Varanasi, Pune and Vijayawada, by April 2019.",
               "schemeEligiiblity":"DigiYatra will have a centralised registration system for passengers. Passenger can create Digi Yatra ID in a central system by providing details such as Name, Email ID,  Mobile Number and Details of Identity (Voter Id, Driving License, Aadhar etc). On submission Digi Yatra Id will be created. Pax can quote this number while booking the ticket. Pax data including Digi Yatra ID will be passed on to departure airport by the airlines. On first travel, the Pax has to go to registration kiosk at the airport for validating the ID. In case of Aadhar the verification will be online. In case of other ID CISF will manually verify. On successful verification the photo of pax will be added to Digi Yatra profile in central system.",
               "schemeTargetGroup":"The new process shall cater to all Passengers at any airport in India, be it Indian citizens (With or without Digi Yatra ID) or foreign nationals. The process shall simplify & ease the Passenger process equally for different Passenger types: First time and frequent flyers in India, Group travelers and families, Foreign citizens or tourists.",
               "schemeMiscDetails":"For futher details visit https://www.india.gov.in/spotlight/digi-yatra-new-digital-experience-air-travellers",
               "schemeDepartments":"Department of Civil Aviation"
            },
            {
               "schemeUiId":"M_005_S_003",
               "schemeName":"International UDAN",
               "schemeObj":"The objective of the UDAN (international) scheme is to enhance international air connectivity between Indian states and select international destinations through the provision of financial support to airlines. It is the next step after the positive domestic impact of UDAN. The scheme will involve a State Government led effort wherein State Govts will propose the list of routes to be connected. Presently, the state of Assam and Andhra Pradesh have come forward to participate under the scheme and have identified the (eight) routes.",
               "schemeDesc":"The aviation ministry has released the draft for international air connectivity scheme — UDAN (international) — for consultation with stakeholders. From Guwahati, the draft proposes a per seat subsidy of Rs 2,370 to Dhaka; Rs 2,710 to Kathmandu; 4,400 to Bangkok; Rs 4,770 to Yangon; Rs 7,350 to Kuala Lumpur and Rs 7,880 to Singapore. The government has identified eight international routes for extending its subsidised UDAN (ude desh ka aam nagrik) scheme to neighbouring countries and ensure affordable flying for the masses. Six routes are from Guwahati to Dhaka, Kathmandu, Yangon, Kuala Lumpur, Singapore and Bangkok. And two routes are from Vijayawada to Singapore and Dubai. The policy for UDAN (international) will soon be finalised and then sources say the same may be kicked off by the year-end. The [UDAN international] scheme is to be made operational only for states, which demonstrate their commitment to implement and provide the requisite support for promoting operations under the scheme.",
               "schemeEligiiblity":"In order to be eligible for support under this Scheme: Operations under the Scheme will be permitted through fixed wing aircraft only with passenger seating capacity of equal to or more than 70 seats. Bidding under the Scheme shall be permitted only by the airline operators which are eligible to qualify as designated airline(s) of India (as per the applicable rules) as on 31 March 2019[GA2]. The Selected Airline shall be obligated to commence IAC Flight operations on an IAC Route, within a period of 180 days from the issuance of Letter of Award unless any extension is granted by the Implementing Agency. MoCA may examine, from time to time, the abovementioned eligibility conditions and may issue appropriate guidelines/ clarifications in this regard. In the event that an IAC Route is proposed for bidding under the Scheme such that it satisfies the condition as provided  on the first day of a proposal window in which an application is made and subsequently at any stage during the bidding process, an airline operator commences operation on such route without  Enhancing international air connectivity availing any support/concession under the Scheme, such route shall not be considered for award under the Scheme.",
               "schemeTargetGroup":"The international connectivity targets people with disposable incomes who are looking to undertake air travel for the purpose of tourism.",
               "schemeMiscDetails":"For futher details visit https://www.aai.aero/en/rcsudan/udan-international/2440",
               "schemeDepartments":"Department of Civil Aviation"
             },
             {
               "schemeUiId":"M_005_S_004",
               "schemeName":"NABH Nirman Scheme",
               "schemeObj":"Aims to increase the number of Airports and their capacity to handle traffic. The three key aspects of NABH Nirman are: fair and equitable land acquisition, long-term master plan for airport and regional development and balanced economics for all stakeholders.",
               "schemeDesc":"NABH (NextGen Airports for Bharat) Nirman is an initiative to expand airport capacity. This initiative is taken by the ministry of “Civil Aviation’ in the year 2018. This new scheme aims to increase the number of airports and their capacity to handle traffic. The theme of the conclave is “Flying for All”. Aviation Conclave brings into focus new aviation business to India, in particular, drones systems, manufacturing of aircraft in India, financing and leasing of aircraft from India by Indian and foreign airlines, transforming Indian airports into next-gen aviation hubs, and unleashing the air cargo potential by integrating every village of India in global value chains.Indian civil aviation industry is undergoing an expansion, driven by factors such as low-cost carriers (LCCs), modern airports, Foreign Direct Investment (FDI) in domestic airlines, advanced information technology (IT) interventions and a strong focus on regional connectivity. Growth in aviation is also increasing demand for MRO (maintenance, repair, and overhaul) facilities. Greater focus is given on infrastructure development – increasing liberalization - Open Sky Policy; AAI driving modernization of airports and Air & Navigation Systems.",
               "schemeEligiiblity":"The airport concessionaires would also be eligible to seek tariff revision after a period of five years, again to be determined on the basis of their revenue inflows and inflation.",
               "schemeTargetGroup":"It proposes to expand it and increase the traffic handling capacity of airports by more than five times the airport capacity to handle a billion trips a year. The project aims for construction of 100 new airports in the next 10 years, by investing Rs 2 trillion.",
               "schemeMiscDetails":"For futher details visit https://www.civilaviation.gov.in/",
               "schemeDepartments":"Department of Civil Aviation"  
             },
         ]
      },
         ]
      },

