{
   "ListOfMinistries":[
      {
         "ministryId":1,
         "ministryName":"சிவில் விமான போக்குவரத்து அமைச்சகம்",
         "ministrySchemesList":[
        {
               "schemeUiId":"M_005_S_001",
               "schemeName":"உதான் - ஆர்.சி.எஸ்",
               "schemeObj":"ஆர்.சி.எஸ் இன் முதன்மை நோக்கம் பிராந்திய விமான இணைப்பை மலிவுபடுத்துவதன் மூலம் எளிதாக்குவது / தூண்டுவது. (1) மத்திய அரசு, மாநில அரசுகள் (யூனியன் பிரதேசங்களையும் உள்ளடக்கியதாகக் கருதப்படும் குறிப்பு, வெளிப்படையாக குறிப்பிடப்படாவிட்டால்) மற்றும் விமான நிலைய ஆபரேட்டர்கள் விமான நடவடிக்கைகளின் செலவைக் குறைக்க விமான நிலைய ஆபரேட்டர்களை ஆதரிப்பதன் மூலம் பிராந்திய விமான இணைப்பின் மலிவு விலையை ஊக்குவித்தல் ஆர்.சி.எஸ். பிராந்திய வழிகள் / பிற ஆதரவு நடவடிக்கைகள் மற்றும் (2) விமான நடவடிக்கைகளின் செலவு மற்றும் அத்தகைய வழித்தடங்களில் எதிர்பார்க்கப்படும் வருவாய்களுக்கு இடையில் ஏதேனும் இருந்தால், இடைவெளியைச் சந்திக்க நிதி (நம்பகத்தன்மை இடைவெளி நிதி அல்லது விஜிஎஃப்) ஆதரவு.",
               "schemeDesc":"உதான் என்பது இந்திய அரசு (கோஐ) தலைமையிலான பிராந்திய இணைப்புத் திட்டமாகும். உதானின் முழு வடிவம் ‘உதே தேஷ் கா ஆம் நகரிக்’ மற்றும் பொதுவான குடிமக்களுக்கு விமான சேவைகளை எளிதாக அணுக அனுமதிக்கும் வகையில் சிறிய பிராந்திய விமான நிலையங்களை உருவாக்குவதை நோக்கமாகக் கொண்டுள்ளது. இத்திட்டத்தின் கீழ், இந்திய விமான நிலைய ஆணையம் ஏற்கனவே உருவாக்கிய விமான நிலையங்களுக்கு நம்பகத்தன்மை இடைவெளி நிதிக்கு அதிக முன்னுரிமை வழங்கப்படும். விமான நிலையங்கள் பட்டியலின் ஒரு பகுதியாக இல்லை, ஆனால் முன்னுரிமை பகுதிகளில் அமைந்துள்ளன, அடுத்து முன்னுரிமை அளிக்கப்படும், அதைத் தொடர்ந்து மற்ற பகுதிகளில் உள்ள விமான நிலையங்கள். பின்வருபவை அதன் முக்கிய அம்சங்கள்: திட்டத்தின் காலம் 10 ஆண்டுகள், உதானில் பங்கேற்கும் விமான நிறுவனங்கள் போட்டி ஏலச்சீட்டு செயல்முறை மூலம் தேர்ந்தெடுக்கப்படுகின்றன. மத்திய அரசு பின்வருவனவற்றை வழங்கும்: பங்கேற்கும் விமானங்களுக்கான மதிப்பு இடைவெளி நிதி (விஜிஎஃப்), மானியம், திட்டத்தைப் பயன்படுத்தி முன்பதிவு செய்யப்பட்ட டிக்கெட்டுகளில் சலுகை ஜிஎஸ்டி, கொள்கையின் கீழ் விமானங்களுக்கான குறியீடு பகிர்வு. மாநில அரசுகள் பின்வரும் நடவடிக்கைகளை விரிவுபடுத்துகின்றன: 10 ஆண்டுகளுக்கு ஜிஎஸ்டி குறைப்பு, எரிபொருள் நிரப்பும் வசதிகளை எளிதாக்க எண்ணெய் நிறுவனங்களுடன் ஒருங்கிணைத்தல், விமான நிலையம் மற்றும் துணை மேம்பாட்டுக்கு நிலம் வழங்குதல், பயிற்சி பெற்ற பாதுகாப்பு பணியாளர்கள், மானிய விலையில் பயன்பாடுகள், விஜிஎப்பில் 20%. AAI போன்ற விமான நிலைய ஆபரேட்டர்கள் பின்வரும் சலுகைகளை வழங்கும்: பங்கேற்கும் விமான நிலையங்களில் பார்க்கிங், தரையிறக்கம் மற்றும் சேமிப்புக் கட்டணங்கள் இல்லை, நில் டி.என்.எல்.சி (டெர்மினல் நேவிகேஷன் லேண்டிங் கட்டணங்கள்), ஏலச்சீட்டு செயல்முறை மூலம் தேர்ந்தெடுக்கப்பட்ட விமான நிறுவனத்தால் தரையில் கையாள அனுமதிக்கவும், ஆர்.என்.சி.எஃப் (பாதை ஊடுருவல் மற்றும் வசதி கட்டணங்கள் ) இந்திய விமான நிலைய ஆணையத்தால் சாதாரண விகிதங்களில் 42.4% தள்ளுபடி செய்யப்படும்.",
               "schemeEligiiblity":"இந்தத் திட்டத்தின் கீழ் ஆதரவைப் பெறுவதற்கு: ஒரு முன்மொழிவு ஒரு தனிப்பட்ட ஆர்.சி.எஸ் பாதைக்கு (“தனிப்பட்ட பாதை முன்மொழிவு”) அல்லது இணைக்கப்பட்ட பாதைகளின் தொகுப்பிற்கு (“நெட்வொர்க் முன்மொழிவு”) இருக்கும். ஜம்மு-காஷ்மீர், இமாச்சலப் பிரதேசம் மற்றும் உத்தரகண்ட், இந்தியாவின் வடகிழக்கு மண்டலம், அந்தமான் மற்றும் நிக்கோபார் ஆகிய மாநிலங்களில் மட்டுமே ஹெலிகாப்டர்கள் மூலம் இயக்க அனுமதிக்கப்பட்டால், திட்டத்தின் கீழ் செயல்பாடுகள் நிலையான சிறகு விமானங்கள் (கடல் விமானங்கள் உட்பட) மற்றும் ஹெலிகாப்டர்கள் மூலம் அனுமதிக்கப்படும். தீவுகள் மற்றும் லட்சத்தீவு தீவுகள். டி.ஜி.சி.ஏ வழங்கிய செல்லுபடியாகும் ஏர் ஆபரேட்டர் அனுமதி (ஏஓபி) கொண்ட விமான ஆபரேட்டர்களால் திட்டத்தின் கீழ் செயல்பாடுகள் அனுமதிக்கப்படும். டி.ஜி.சி.ஏ அவ்வப்போது ஆய்வு செய்யலாம், வெளிநாட்டு பதிவு செய்யப்பட்ட விமானங்களைப் பயன்படுத்தி திட்டத்தின் கீழ் செயல்படுவதை அனுமதிக்கிறது மற்றும் இது தொடர்பாக பொருத்தமான வழிகாட்டுதல்கள் / திசைகளை வழங்கலாம்.",
               "schemeTargetGroup":"அடுத்த ஐந்து ஆண்டுகளில் சுமார் 1000 வழித்தடங்களை இயக்குவதற்கும் 100 க்கும் மேற்பட்ட விமான நிலையங்களை உருவாக்குவதற்கும் சிவில் விமான போக்குவரத்து அமைச்சகம் இலக்கு வைத்துள்ளது. முன்னுரிமை பகுதிகளில் பாதைகளை இயக்குவதில் கவனம் செலுத்துவதன் மூலம் இதை அடைய அமைச்சகம் இலக்கு கொண்டுள்ளது.",
               "schemeMiscDetails":"மேலும் பல தகவல்களுக்கு https://www.civilaviation.gov.in/en",
               "schemeDepartments":"சிவில் விமானத் துறை"
            },
            {
               "schemeUiId":"M_005_S_002",
               "schemeName":"டிஜியாத்ரா",
               "schemeObj":"பயணிகள் அனுபவத்தை மேம்படுத்தவும், அனைத்து விமான பயணிகளுக்கும் எளிய மற்றும் எளிதான அனுபவத்தை வழங்கவும். “டிஜிட்டல் கட்டமைப்பை” பயன்படுத்தி இருக்கும் உள்கட்டமைப்பு மூலம் சிறந்த செயல்திறனை அடையலாம். குறைந்த செலவு நடவடிக்கைகளில் முடிவு. தற்போதைய கையேடு செயல்முறைகளை டிஜிட்டல் மயமாக்குங்கள் மற்றும் சிறந்த செயல்திறனைக் கொண்டுவருங்கள். பாதுகாப்பு தரங்களை மேம்படுத்தவும், தற்போதைய கணினி செயல்திறனை மேம்படுத்தவும். வலுவான சரிபார்க்கக்கூடிய அரசாங்கத்தின் ஆதரவுடன் டிஜிட்டல் “ஐடி” கொண்ட “டிஜி யாத்ரா” அமைப்பின் வெளியீடு ஆதார், பாஸ்போர்ட் மற்றும் பிற போன்ற அடையாளங்களை வெளியிட்டது, இது இந்தியா முழுவதும் உள்ள அனைத்து விமான நிலையங்களிலும் பயணிகளுக்கு தடையற்ற பயண அனுபவத்தை அளிக்கிறது.",
               "schemeDesc":"சிஜி விமான போக்குவரத்து அமைச்சகம் டிஜியாட்ரா பிளாட்ஃபார்ம் மூலம் விமான பயணிகளுக்கு டிஜிட்டல் அனுபவத்தை சேர்க்கிறது. பிரதம மந்திரி ஸ்ரீ நரேந்திர மோடியின் டிஜிட்டல் இந்தியாவின் தொலைநோக்குடன் தேசத்தை டிஜிட்டல் அதிகாரம் பெற்ற சமுதாயமாக மாற்றுவதற்கான அமைச்சின் ஒருங்கிணைப்புடன் 'டிஜியாத்ரா' ஒரு தொழில் தலைமையிலான முயற்சி. டிஜி யாத்திரை - விமான நிலையங்களில் பயணிகளின் டிஜிட்டல் செயலாக்கம். போன்ற சோதனைச் சாவடிகளில் முக அங்கீகார முறையின் அடிப்படையில் பயணிகள் தானாகவே செயலாக்கப்படுவார்கள்; நுழைவு புள்ளி சரிபார்ப்பு, பாதுகாப்பு சோதனை, விமான போர்டிங், கூடுதலாக இது சுய-பை டிராப் மற்றும் செக்-இன் ஆகியவற்றை எளிதாக்கும், பேக்ஸ் மற்றும் டேட்டா ரீகால் ஆகியவற்றை அடையாளம் காண முக அங்கீகாரத்தைப் பயன்படுத்துகிறது. டிஜி யாத்திரை காகிதமில்லா பயணத்தை எளிதாக்கும் மற்றும் பல புள்ளிகளில் அடையாள சரிபார்ப்பைத் தவிர்க்கும். டிஜி யாத்திரை மத்திய தளம் 2019 பிப்ரவரி இறுதிக்குள் செயல்படும். பெங்களூரு மற்றும் ஹைதராபாத் ஆகியவை பிப்ரவரி 2019 இறுதிக்குள் பைலட் செயல்படுத்தலுடன் தயாராக இருக்கும். ஏஏஐ இந்த திட்டத்தை ஆரம்பத்தில் கொல்கத்தா, வாரணாசி, புனே மற்றும் விஜயவாடாவில் ஏப்ரல் 2019 க்குள் வெளியிட உத்தேசித்துள்ளது.",
               "schemeEligiiblity":"டிஜியாட்ரா பயணிகளுக்கான மையப்படுத்தப்பட்ட பதிவு முறையைக் கொண்டிருக்கும். பெயர், மின்னஞ்சல் ஐடி, மொபைல் எண் மற்றும் அடையாள விவரங்கள் (வாக்காளர் ஐடி, ஓட்டுநர் உரிமம், ஆதார் போன்றவை) போன்ற விவரங்களை வழங்குவதன் மூலம் பயணிகள் ஒரு மைய அமைப்பில் டிஜி யாத்திரை ஐடியை உருவாக்க முடியும். சமர்ப்பிக்கும் போது டிஜி யாத்திரை ஐடி உருவாக்கப்படும். டிக்கெட் முன்பதிவு செய்யும் போது பேக்ஸ் இந்த எண்ணை மேற்கோள் காட்டலாம். டிஜி யாத்ரா ஐடி உள்ளிட்ட பேக்ஸ் தரவு விமான நிலையங்களால் புறப்படும் விமான நிலையத்திற்கு அனுப்பப்படும். முதல் பயணத்தில், ஐடியை சரிபார்க்க பாக்ஸ் விமான நிலையத்தில் பதிவு கியோஸ்க்கு செல்ல வேண்டும். ஆதார் என்றால் சரிபார்ப்பு ஆன்லைனில் இருக்கும். பிற ஐடி விஷயத்தில் சிஐஎஸ்எஃப் கைமுறையாக சரிபார்க்கும். வெற்றிகரமான சரிபார்ப்பில், பேக்ஸின் புகைப்படம் மத்திய அமைப்பில் உள்ள டிஜி யாத்திரை சுயவிவரத்தில் சேர்க்கப்படும்.",
               "schemeTargetGroup":"புதிய செயல்முறை இந்தியாவின் எந்தவொரு விமான நிலையத்திலும் உள்ள அனைத்து பயணிகளையும் பூர்த்தி செய்யும், அது இந்திய குடிமக்கள் (டிஜி யாத்திரை ஐடியுடன் அல்லது இல்லாமல்) அல்லது வெளிநாட்டினர். இந்த செயல்முறை வெவ்வேறு பயணிகள் வகைகளுக்கு சமமாக பயணிகள் செயல்முறையை எளிதாக்குகிறது மற்றும் எளிதாக்கும்: இந்தியாவில் முதல் முறையாக மற்றும் அடிக்கடி பறப்பவர்கள், குழு பயணிகள் மற்றும் குடும்பங்கள், வெளிநாட்டு குடிமக்கள் அல்லது சுற்றுலா பயணிகள்.",
               "schemeMiscDetails":"மேலும் பல தகவல்களுக்கு https://www.india.gov.in/spotlight/digi-yatra-new-digital-experience-air-travellers",
               "schemeDepartments":"சிவில் விமானத் துறை "
            },
              {
               "schemeUiId":"M_005_S_003",
               "schemeName":"சர்வதேச உதான்",
               "schemeObj":"உதான் (சர்வதேச) திட்டத்தின் நோக்கம், இந்திய மாநிலங்களுக்கிடையில் சர்வதேச விமான இணைப்பை மேம்படுத்துவதும், விமானங்களுக்கு நிதி உதவி வழங்குவதன் மூலம் சர்வதேச இடங்களைத் தேர்ந்தெடுப்பதும் ஆகும். UDAN இன் நேர்மறையான உள்நாட்டு தாக்கத்திற்குப் பிறகு இது அடுத்த கட்டமாகும். இந்தத் திட்டத்தில் மாநில அரசு தலைமையிலான முயற்சி இருக்கும், அதில் இணைக்கப்பட வேண்டிய பாதைகளின் பட்டியலை மாநில அரசுகள் முன்மொழிகின்றன. தற்போது, ​​அஸ்ஸாம் மாநிலம் மற்றும் ஆந்திரா இந்த திட்டத்தின் கீழ் பங்கேற்க முன்வந்து (எட்டு) வழிகளை அடையாளம் கண்டுள்ளன.",
               "schemeDesc":"சர்வதேச விமான இணைப்புத் திட்டத்திற்கான வரைவை விமான போக்குவரத்து அமைச்சகம் வெளியிட்டுள்ளது - உதான் (சர்வதேசம்) - பங்குதாரர்களுடன் கலந்தாலோசிப்பதற்காக. குவஹாத்தியில் இருந்து, வரைவு டாக்காவிற்கு ஒரு இருக்கைக்கு 2,370 ரூபாய் மானியத்தை முன்மொழிகிறது; காத்மாண்டுவுக்கு ரூ .2,710; பாங்காக்கிற்கு 4,400; யாங்கோனுக்கு ரூ .4,770; கோலாலம்பூருக்கு ரூ .7,350, சிங்கப்பூருக்கு ரூ .7,880. அதன் மானிய விலையில் உள்ள உதான் (உதே தேஷ் கா ஆம் நாக்ரிக்) திட்டத்தை அண்டை நாடுகளுக்கு விரிவுபடுத்துவதற்கும், மக்களுக்கு மலிவு விலையில் பறப்பதை உறுதி செய்வதற்கும் எட்டு சர்வதேச வழிகளை அரசாங்கம் அடையாளம் கண்டுள்ளது. குவஹாத்தியிலிருந்து டாக்கா, காத்மாண்டு, யாங்கோன், கோலாலம்பூர், சிங்கப்பூர் மற்றும் பாங்காக் ஆகிய ஆறு வழிகள் உள்ளன. மேலும் விஜயவாடாவிலிருந்து சிங்கப்பூர் மற்றும் துபாய் வரை இரண்டு வழிகள் உள்ளன. UDAN (சர்வதேச) க்கான கொள்கை விரைவில் இறுதி செய்யப்படும், பின்னர் ஆண்டு இறுதிக்குள் இது தொடங்கப்படலாம் என்று வட்டாரங்கள் கூறுகின்றன. [உதான் சர்வதேச] திட்டம் மாநிலங்களுக்கு மட்டுமே செயல்பட வேண்டும், இது திட்டத்தின் கீழ் செயல்பாடுகளை மேம்படுத்துவதற்கு தேவையான ஆதரவை வழங்குவதற்கும் வழங்குவதற்கும் தங்கள் உறுதிப்பாட்டை நிரூபிக்கிறது.",
               "schemeEligiiblity":"இந்தத் திட்டத்தின் கீழ் ஆதரவைப் பெறுவதற்கு: திட்டத்தின் கீழ் செயல்பாடுகள் நிலையான சாரி விமானங்கள் மூலம் 70 இடங்களுக்கு சமமான அல்லது அதற்கு மேற்பட்ட பயணிகள் அமரக்கூடிய திறன் கொண்டதாக மட்டுமே அனுமதிக்கப்படும். 31 மார்ச் 2019 [GA2] நிலவரப்படி இந்தியாவின் நியமிக்கப்பட்ட விமான நிறுவனங்களாக (பொருந்தக்கூடிய விதிகளின்படி) தகுதி பெற தகுதியுள்ள விமான இயக்குநர்களால் மட்டுமே திட்டத்தின் கீழ் ஏலம் எடுக்க அனுமதிக்கப்படும். தேர்ந்தெடுக்கப்பட்ட விமான நிறுவனம், ஐஏசி பாதையில் ஐஏசி விமானப் பணிகளைத் தொடங்க கடமைப்பட்டிருக்கும், விருது கடிதம் வழங்கப்பட்டதிலிருந்து 180 நாட்களுக்குள், செயல்படுத்தல் ஏஜென்சியால் எந்தவொரு நீட்டிப்பும் வழங்கப்படாவிட்டால். MoCA அவ்வப்போது, ​​மேற்கூறிய தகுதி நிலைமைகளை ஆராயலாம் மற்றும் இது தொடர்பாக பொருத்தமான வழிகாட்டுதல்கள் / விளக்கங்களை வெளியிடலாம். திட்டத்தின் கீழ் ஏலம் எடுக்க ஒரு ஐஏசி பாதை முன்மொழியப்பட்டால், அது ஒரு முன்மொழிவு சாளரத்தின் முதல் நாளில் வழங்கப்பட்ட நிபந்தனையை பூர்த்திசெய்கிறது, அதில் ஒரு விண்ணப்பம் செய்யப்படுகிறது, பின்னர் ஏலம் எடுக்கும் போது எந்த கட்டத்திலும், ஒரு விமான ஆபரேட்டர் தொடங்குகிறார் திட்டத்தின் கீழ் எந்தவொரு ஆதரவையும் / சலுகையையும் பெறாத சர்வதேச விமான இணைப்பை மேம்படுத்தாமல் அத்தகைய பாதையில் செயல்படுவது, அத்தகைய பாதை திட்டத்தின் கீழ் விருதுக்கு கருதப்படாது.",
               "schemeTargetGroup":"சுற்றுலாவின் நோக்கத்திற்காக விமான பயணத்தை மேற்கொள்ள விரும்பும் செலவழிப்பு வருமானம் உள்ளவர்களை சர்வதேச இணைப்பு குறிவைக்கிறது.",
               "schemeMiscDetails":"மேலும் பல தகவல்களுக்கு  https://www.aai.aero/en/rcsudan/udan-international/2440",
               "schemeDepartments":"சிவில் விமானத் துறை"
            },
             {
               "schemeUiId":"M_005_S_004",
               "schemeName":"NABH நிர்மன் திட்டம்",
               "schemeObj":"விமான நிலையங்களின் எண்ணிக்கையையும் போக்குவரத்தை கையாளும் திறனையும் அதிகரிக்க இலக்கு. NABH நிர்மனின் மூன்று முக்கிய அம்சங்கள்: நியாயமான மற்றும் சமமான நிலம் கையகப்படுத்தல், விமான நிலையத்திற்கான நீண்டகால முதன்மை திட்டம் மற்றும் பிராந்திய மேம்பாடு மற்றும் அனைத்து பங்குதாரர்களுக்கும் சமச்சீர் பொருளாதாரம்.",
               "schemeDesc":"NABH (பாரதத்திற்கான நெக்ஸ்ட்ஜென் விமான நிலையங்கள்) விமான நிலைய திறனை விரிவுபடுத்துவதற்கான ஒரு முயற்சி நிர்மன். இந்த முயற்சி 2018 ஆம் ஆண்டில் “சிவில் ஏவியேஷன்” அமைச்சினால் எடுக்கப்பட்டுள்ளது. இந்த புதிய திட்டம் விமான நிலையங்களின் எண்ணிக்கையையும் போக்குவரத்தை கையாளும் திறனையும் அதிகரிப்பதை நோக்கமாகக் கொண்டுள்ளது. மாநாட்டின் தீம் “அனைவருக்கும் பறப்பது”. ஏவியேஷன் கான்க்ளேவ் இந்தியாவுக்கு புதிய விமான வணிகத்தை மையமாகக் கொண்டுவருகிறது, குறிப்பாக, ட்ரோன்கள் அமைப்புகள், இந்தியாவில் விமானங்களை உற்பத்தி செய்தல், இந்திய மற்றும் வெளிநாட்டு விமான நிறுவனங்களால் இந்தியாவில் இருந்து விமானங்களை நிதியளித்தல் மற்றும் குத்தகைக்கு விடுதல், இந்திய விமான நிலையங்களை அடுத்த ஜென் விமான மையங்களாக மாற்றுவது மற்றும் காற்றை கட்டவிழ்த்து விடுதல் இந்தியாவின் ஒவ்வொரு கிராமத்தையும் உலகளாவிய மதிப்பு சங்கிலிகளில் ஒருங்கிணைப்பதன் மூலம் சரக்கு திறன். இந்திய சிவில் விமானத் தொழில் விரிவாக்கத்திற்கு உட்பட்டுள்ளது, இது குறைந்த கட்டண கேரியர்கள் (எல்.சி.சி), நவீன விமான நிலையங்கள், உள்நாட்டு விமான நிறுவனங்களில் அந்நிய நேரடி முதலீடு (எஃப்.டி.ஐ), மேம்பட்ட தகவல்கள் தொழில்நுட்பம் (தகவல் தொழில்நுட்பம்) தலையீடுகள் மற்றும் பிராந்திய இணைப்பில் வலுவான கவனம். விமானத்தின் வளர்ச்சியும் எம்.ஆர்.ஓ (பராமரிப்பு, பழுது பார்த்தல் மற்றும் பழுதுபார்ப்பு) வசதிகளுக்கான தேவையை அதிகரித்து வருகிறது. உள்கட்டமைப்பு மேம்பாட்டில் அதிக கவனம் செலுத்தப்படுகிறது - அதிகரிக்கும் தாராளமயமாக்கல் - திறந்த வான கொள்கை; விமான நிலையங்கள் மற்றும் ஏர் & நேவிகேஷன் சிஸ்டங்களின் AAI ஓட்டுநர் நவீனமயமாக்கல்.",
               "schemeEligiiblity":"விமான நிலைய சலுகையாளர்கள் ஐந்து வருட காலத்திற்குப் பிறகு கட்டண திருத்தம் பெற தகுதியுடையவர்களாக இருப்பார்கள், மீண்டும் அவர்களின் வருவாய் வரத்து மற்றும் பணவீக்கத்தின் அடிப்படையில் தீர்மானிக்கப்படுவார்கள்.",
               "schemeTargetGroup":"ஆண்டுக்கு ஒரு பில்லியன் பயணங்களைக் கையாள விமான நிலையங்களின் போக்குவரத்தை கையாளும் திறனை ஐந்து மடங்கிற்கும் மேலாக அதிகரிக்கவும், விமான நிலையங்களின் போக்குவரத்து கையாளுதல் திறனை அதிகரிக்கவும் இது முன்மொழிகிறது. ரூ. 2 டிரில்லியன் முதலீடு செய்வதன் மூலம் அடுத்த 10 ஆண்டுகளில் 100 புதிய விமான நிலையங்களை நிர்மாணிப்பதே இத்திட்டத்தின் நோக்கமாகும்",
               "schemeMiscDetails":"மேலும் பல தகவல்களுக்கு  https://www.civilaviation.gov.in/",
               "schemeDepartments":"சிவில் விமானத் துறை"  
             },
         ]
      },
         ]
      },
   