{
   "ListOfMinistries":[
      {
         "ministryId":1,
         "ministryName":"Ministry of Coal",
         "ministrySchemesList":[
            {
               "schemeUiId":"M_006_S_001",
               "schemeName":"SHAKTHI (Scheme for Harnessing and Allocating Koyala (Coal) Transparently in India)",
               "schemeObj":"The main objectives of this policy are to make coal available to all the Thermal Power Plants of the country in a transparent and objective manner and at the same time ensure that the benefits of linkage coal are transferred to the end consumers.",
               "schemeDesc":"The government has designed coal linkage policy that allocates coal among different coal using thermal power plants, with the active guidance of coal assigned state governments.SHAKTI is the new methodology approved by the government to centralise the process of allocating coal to thermal power plants.According to the SHAKTI policy, power companies will have to get their Power Purchase Agreement (PPAs) amended within 45 days to factor in the lowered cost of coal attained after bids.The Policy would provide coal linkages to power plants which lacks fuel supply agreements (FSAs) through coal auctions.The new coal linkage policy for power plants will help producers ensure fuel supplies in an organised manner.Coal available to all Power Plants in transparent and objective manner.Auction to be made the basis of linkage allocations to IPPs; cheaper and affordable Power for all.The Stress on account of non-availability of linkages to Power Sector Projects shall be overcome. Good for the Infrastructure and banking Sector.PPA holders to reduce tariff for linkage; Direct benefit of reduced tariff to Discom/consumers. ",
               "schemeEligiiblity":"Thermal Power plants (part of 78000MW) that could not be comissioned by Financial year 2015 shall now be eligible for coal drawl if the plants are comissioned before Financial year 2022.",
               "schemeTargetGroup":"NIL",
               "schemeMiscDetails":"For 2018-19, a target of 13.67 lakh metre of drilling has been envisaged.And against this 13.60 lakh metre of drilling has been carried upto the month of march,2019 against the target of 13.67 lakh metre, which is 99% of the target.",
               "schemeDepartments":"Department of Coal"
            },
            {
               "schemeUiId":"M_006_S_002",
               "schemeName":"Coal Mine Surveillance and Management System (CMSMS)",
               "schemeObj":"Its objective is reporting, monitoring and taking suitable action on unauthorised coal mining activities. The basic platform used in the system is of Ministry of Electronics & Information Technology’s (MeiTY) map which provides village level information. The leasehold boundary of all coal mines are displayed on this map.  The system uses satellite data to detect changes by which unauthorised mining activity extending beyond allotted lease area to take suitable action. It also uses information provided by responsible citizens using smartphones using Khan Prahari mobile app.",
               "schemeDesc":"Union Minister of Coal, Railways, Finance & Corporate Affairs, Shri Piyush Goyal launched the Coal Mine Surveillance & Management System (CMSMS) and Mobile Application ‘Khan Prahari’ developed by CMPDI, Ranchi a Subsidiary of CIL and Bhaskarcharya Institute of Space Application and Geo-informatics (BISAG) at a ceremony at, New Delhi.Shri Piyush Goyal said that  illegal mining is a serious problem in the country today, particularly in the areas where coal mining is carried out. Illegal coal mining not only causes a loss to the nation’s resources but is also harmful to the environment. He said that Ministry of Coal is committed to take suitable actions to try to reduce and stop such activities to the extent possible. It is understood that coal is a main source of livelihood for many poor families residing in coal belts, but their sustenance should not be totally dependent on illegal coal mining. It is not only about saving national resources but also about improving the quality of life of those people, he added.The Minister said that Ministry of Coal has taken a major initiative in this direction by developing a Web GIS application called ‘Coal Mine Surveillance & Management System (CMSMS) and a mobile app called ‘Khan Prahari’. The Minister also said that this was a step towards utilizing space science as envisioned by Hon’ble Prime Minister, Shri Narendra Modi for peaceful activities. The Minister further stated that the launch of the Coal Mine Surveillance Management System and “Khan Prahari” on Swami Vivekananda’s death anniversary today is a fitting tribute to him because Swamiji stood for highest levels of integrity.",
               "schemeEligiiblity":"Eligiblity to draw coal for medium term PAA's. Timeline/Status: Coal caompanies enabled to supply coal.",
               "schemeTargetGroup":"The decision is intended to optimize functioning of the Commission and for fulfilling desired objectives of welfare and development of the target group.",
               "schemeMiscDetails":"Government sets 2 million tonnes daily sales target for Coal India Limited.Of the 85 mines already allotted, 23 have already started production and the Coal Ministry expects 20 more mines to begin production in the current financial year ending March 2019 or early in the next fiscal.",
               "schemeDepartments":"Department of Coal"
            },
            {
               "schemeUiId":"M_006_S_003",
               "schemeName":"Khan-Prahari",
               "schemeObj":"The ‘Khan Prahari’ app is for reporting any activity taking place related to illegal coal mining like rat hole mining, pilferage etc. One can upload geo-tagged photographs of the incident along with textual information directly to the system.",
               "schemeDesc":"Illegal coal mining activity can be reported to the concerned authorities through mobile app from the respective place of incidents in the coalfield area with 100 mtrs buffer. One can upload geo-tagged photographs of the incident along with textual information directly to the system. Hence, both satellite data and human information will be used to capture information on the unauthorised mining activities. Once reported, the information will be automatically directed to the nodal officers to take suitable action on those activities. The complainant can also track his complaint through the system. The identity of the complainant shall not be revealed.",
               "schemeEligiiblity":"Anyone can download the app from Google Play Store.",
               "schemeTargetGroup":"NIL",
               "schemeMiscDetails":"The two apps that are launched will not only detect the illegal coal mining activity, but will also provide information on the land reclamation that is carried out. And this monitoring of land reclamation is an extremely important part of our work.Of course, now every citizen will have a right and an opportunity to share with us any instances of illegal mining. We can even share it with all the Members of Parliament some of whom often raise this question or come to us with complaints of illegal mining and encourage more and more people to become whistleblowers, to tell us if any illegal activity is going on in their area.",
               "schemeDepartments":"Department of Coal"
             },
             {
               "schemeUiId":"M_006_S_004",
               "schemeName":"UTTAM (Unlocking Transparency By Third Party Assessment Of Mined Coal) app",
               "schemeObj":"The app has been designed with an aim to transform the citizens as stakeholders in the coal ecosystem.The app seeks to monitor the process of Third Party Sampling of coal and coal dispatches across all the CIL subsidiaries.It facilitates a bidirectional channel between Coal India Limited and a common citizen. It aims to ensure transparency and efficiency in the coal quality monitoring process and brings coal governance closer to people.",
               "schemeDesc":"Piyush Goyal, the Union Minister for Railways and Coal, has launched UTTAM App for Coal Quality Monitoring. UTTAM stands for – Unlocking Transparency by Third Party Assessment of Mined Coal (uttam.coalindia.in). The app is developed by the Ministry of Coal and Coal India Limited (CIL). The purpose of the app is to provide an app for all citizens and coal consumers to monitor the process of Third Party Sampling of coal across CIL subsidiaries. UTTAM App ensures accountability, transparency, effectiveness and efficiency in coal ecosystem. It provides a platform for monitoring of sampling and coal dispatches. The App is designed with an aim to make the citizens a stakeholder in the coal ecosystem. UTTAM is an example of leveraging technology to facilitate a bidirectional channel between Coal India Limited and a common citizen. It ensures transparency and efficiency in the coal quality monitoring process and brings coal governance closer to people.The app provides coverage of Third Party Sampling which includes information on production, dispatch and quantity sampled of coal. It has interactive map based view to provide holistic coverage of coal quality across subsidiaries on quality parameters such as declared Gross Calorific Value (GCV), and coverage parameters such as location and quantity sampled.",
               "schemeEligiiblity":"Have been made eligible for signing of FSAs.",
               "schemeTargetGroup":"The information provided by app will help citizens and coal consumers to compare and assess coal quality.",
               "schemeMiscDetails":"The target for all India production of Coal in the Annual Plan 2017-18 was 730.10 MT. Of this, the production of public sector companies, that is, Coal India Ltd. (CIL) was 600 MT and the Singareni Collieries Co. Ltd. (SCCL) was 62 MT. The target for Lignite production by NLC India Limited (NLCIL) was 26.49 MT for AP 2017-18. During the year 2017-18, CIL & SCCL produced 567.36 MT and 62.01 MT of coal respectively. ",
               "schemeDepartments":"Department of Coal"  
             },
         ]
      },
         ]
      },

