{
   "ListOfMinistries":[
      {
         "ministryId":1,
         "ministryName":"நிலக்கரி அமைச்சு",
         "ministrySchemesList":[
        {
               "schemeUiId":"M_006_S_001",
               "schemeName":"சக்தி (இந்தியாவில் வெளிப்படையாக கோயலாவை (நிலக்கரி) பயன்படுத்துவதற்கும் ஒதுக்குவதற்கும் திட்டம்)",
               "schemeObj":"இந்த கொள்கையின் முக்கிய நோக்கங்கள் நாட்டின் அனைத்து வெப்ப மின் நிலையங்களுக்கும் நிலக்கரியை வெளிப்படையான மற்றும் புறநிலை முறையில் கிடைக்கச் செய்வதும், அதே நேரத்தில் இணைப்பு நிலக்கரியின் நன்மைகள் இறுதி நுகர்வோருக்கு மாற்றப்படுவதை உறுதி செய்வதும் ஆகும்.",
               "schemeDesc":"நிலக்கரி ஒதுக்கப்பட்ட மாநில அரசாங்கங்களின் சுறுசுறுப்பான வழிகாட்டுதலுடன், வெப்ப மின் உற்பத்தி நிலையங்களைப் பயன்படுத்தி நிலக்கரியை ஒதுக்கும் நிலக்கரி இணைப்புக் கொள்கையை அரசாங்கம் வடிவமைத்துள்ளது. வெப்ப மின் நிலையங்களுக்கு நிலக்கரியை ஒதுக்கீடு செய்யும் செயல்முறையை மையப்படுத்த அரசாங்கத்தால் அங்கீகரிக்கப்பட்ட புதிய வழிமுறையே ஷக்தி ஆகும். சக்தி கொள்கைக்கு, மின் நிறுவனங்கள் ஏலங்களுக்குப் பிறகு பெறப்பட்ட நிலக்கரியின் குறைந்த செலவுக்கு காரணியாக 45 நாட்களுக்குள் தங்கள் மின் கொள்முதல் ஒப்பந்தத்தை (பிபிஏ) திருத்த வேண்டும். கொள்கை எரிபொருள் விநியோக ஒப்பந்தங்கள் இல்லாத (எஃப்எஸ்ஏக்கள்) மின் உற்பத்தி நிலையங்களுக்கு நிலக்கரி இணைப்புகளை வழங்கும். ) நிலக்கரி ஏலங்கள் மூலம். மின் உற்பத்தி நிலையங்களுக்கான புதிய நிலக்கரி இணைப்புக் கொள்கை உற்பத்தியாளர்களுக்கு ஒழுங்கமைக்கப்பட்ட முறையில் எரிபொருள் விநியோகத்தை உறுதிப்படுத்த உதவும். அனைத்து மின் உற்பத்தி நிலையங்களுக்கும் வெளிப்படையான மற்றும் புறநிலை முறையில் நிலக்கரி கிடைக்கிறது. ஐபிபிக்களுக்கான இணைப்பு ஒதுக்கீட்டின் அடிப்படையில் ஏலம் எடுக்கப்பட வேண்டும்; அனைவருக்கும் மலிவான மற்றும் மலிவு மின்சாரம். மின் துறை திட்டங்களுக்கான இணைப்புகள் கிடைக்காததால் ஏற்படும் மன அழுத்தம் சமாளிக்கப்படும். உள்கட்டமைப்பு மற்றும் வங்கித் துறைக்கு நல்லது. பிபிஏ வைத்திருப்பவர்கள் இணைப்பிற்கான கட்டணத்தை குறைக்க; டிஸ்காம் / நுகர்வோருக்கு குறைக்கப்பட்ட கட்டணத்தின் நேரடி நன்மை.",
               "schemeEligiiblity":"2015 ஆம் நிதியாண்டில் வழங்க முடியாத வெப்ப மின் உற்பத்தி நிலையங்கள் (78000 மெகாவாட்டின் ஒரு பகுதி) 2022 நிதியாண்டுக்கு முன்னர் ஆலைகள் தொடங்கப்பட்டால் நிலக்கரி இழுக்க தகுதியுடையதாக இருக்கும்.",
               "schemeTargetGroup":"NIL",
               "schemeMiscDetails":"2018-19 ஆம் ஆண்டில், 13.67 லட்சம் மீட்டர் துளையிடும் இலக்கு திட்டமிடப்பட்டுள்ளது. மேலும் இதற்கு எதிராக 13.60 லட்சம் மீட்டர் துளையிடுதல் 2019 ஆம் ஆண்டு மார்ச் மாதம் வரை மேற்கொள்ளப்பட்டுள்ளது, இது 13.67 லட்சம் மீட்டர் இலக்கை எதிர்த்து, இது இலக்கின் 99% ஆகும்.",
               "schemeDepartments":"நிலக்கரி துறை"
            },
            {
               "schemeUiId":"M_006_S_002",
               "schemeName":"நிலக்கரி சுரங்க கண்காணிப்பு மற்றும் மேலாண்மை அமைப்பு (சி.எம்.எஸ்.எம்.எஸ்)",
               "schemeObj":"அங்கீகரிக்கப்படாத நிலக்கரி சுரங்க நடவடிக்கைகள் குறித்து அறிக்கை, கண்காணித்தல் மற்றும் தகுந்த நடவடிக்கை எடுப்பது இதன் நோக்கம். இந்த அமைப்பில் பயன்படுத்தப்படும் அடிப்படை தளம் மின்னணு மற்றும் தகவல் தொழில்நுட்ப அமைச்சகத்தின் (MeiTY) வரைபடமாகும், இது கிராம அளவிலான தகவல்களை வழங்குகிறது. அனைத்து நிலக்கரி சுரங்கங்களின் குத்தகை எல்லை இந்த வரைபடத்தில் காட்டப்படும். ஒதுக்கப்பட்ட குத்தகைப் பகுதிக்கு அப்பால் அங்கீகரிக்கப்படாத சுரங்க நடவடிக்கைகள் பொருத்தமான நடவடிக்கைகளை எடுக்க மாற்றங்களைக் கண்டறிய கணினி செயற்கைக்கோள் தரவைப் பயன்படுத்துகிறது. கான் பிரஹாரி மொபைல் பயன்பாட்டைப் பயன்படுத்தி ஸ்மார்ட்போன்களைப் பயன்படுத்தி பொறுப்புள்ள குடிமக்கள் வழங்கிய தகவல்களையும் இது பயன்படுத்துகிறது.",
               "schemeDesc":"மத்திய நிலக்கரி, ரயில்வே, நிதி மற்றும் கார்ப்பரேட் விவகார அமைச்சர் ஸ்ரீ பியூஷ் கோயல், நிலக்கரி சுரங்க கண்காணிப்பு மற்றும் மேலாண்மை அமைப்பு (சிஎம்எஸ்எம்எஸ்) மற்றும் சிஎம்பிடிஐ, ராஞ்சி, சிஐஎல் மற்றும் பாஸ்கார்ச்சார்யா விண்வெளி பயன்பாட்டு நிறுவனம் மற்றும் ஜியோ ஆகியவற்றின் துணை நிறுவனமான கான் பிரஹாரி ஆகியவற்றை அறிமுகப்படுத்தினார். புதுடில்லியில் நடந்த ஒரு விழாவில் தகவல் (பிசா) சட்டவிரோத நிலக்கரிச் சுரங்கமானது நாட்டின் வளங்களுக்கு இழப்பை ஏற்படுத்துவதோடு மட்டுமல்லாமல் சுற்றுச்சூழலுக்கும் தீங்கு விளைவிக்கும். இதுபோன்ற நடவடிக்கைகளை முடிந்தவரை குறைக்கவும் நிறுத்தவும் முயற்சிக்க பொருத்தமான நடவடிக்கைகளை எடுக்க நிலக்கரி அமைச்சகம் உறுதிபூண்டுள்ளது என்றார். நிலக்கரி பெல்ட்களில் வசிக்கும் பல ஏழைக் குடும்பங்களுக்கு நிலக்கரி ஒரு முக்கிய வாழ்வாதாரமாக உள்ளது என்பது புரிந்து கொள்ளப்படுகிறது, ஆனால் அவற்றின் வாழ்வாதாரம் சட்டவிரோத நிலக்கரி சுரங்கத்தை முழுமையாக சார்ந்து இருக்கக்கூடாது. இது தேசிய வளங்களை சேமிப்பது மட்டுமல்லாமல், அந்த மக்களின் வாழ்க்கைத் தரத்தை மேம்படுத்துவது குறித்தும் உள்ளது என்று அவர் மேலும் கூறினார். 'நிலக்கரி சுரங்க கண்காணிப்பு &' என்ற வலை ஜி.ஐ.எஸ் பயன்பாட்டை உருவாக்குவதன் மூலம் நிலக்கரி அமைச்சகம் இந்த திசையில் ஒரு முக்கிய முயற்சியை மேற்கொண்டுள்ளது என்று அமைச்சர் கூறினார். மேலாண்மை அமைப்பு (சி.எம்.எஸ்.எம்.எஸ்) மற்றும் 'கான் பிரஹாரி' என்ற மொபைல் பயன்பாடு. மாண்புமிகு பிரதமர் ஸ்ரீ நரேந்திர மோடி அமைதியான நடவடிக்கைகளுக்கு விவரித்தபடி விண்வெளி அறிவியலைப் பயன்படுத்துவதற்கான ஒரு படி இது என்றும் அமைச்சர் கூறினார். சுவாமி விவேகானந்தரின் மரண ஆண்டுவிழாவில் நிலக்கரி சுரங்க கண்காணிப்பு மேலாண்மை அமைப்பு மற்றும் “கான் பிரஹரி” இன்று அறிமுகப்படுத்தப்பட்டிருப்பது அவருக்கு ஒரு அஞ்சலி என்று அமைச்சர் மேலும் குறிப்பிட்டார், ஏனெனில் சுவாமிஜி மிக உயர்ந்த ஒருமைப்பாட்டிற்காக நின்றார்.",
               "schemeEligiiblity":"நடுத்தர கால PAA க்காக நிலக்கரியை வரைய தகுதி. காலவரிசை / நிலை: நிலக்கரி வழங்க நிலக்கரி கம்பனிகள் இயக்கப்பட்டன.",
            "schemeTargetGroup":"ஆணைக்குழுவின் செயல்பாட்டை மேம்படுத்துவதற்கும், இலக்கு குழுவின் நலன் மற்றும் வளர்ச்சியின் விரும்பிய நோக்கங்களை நிறைவேற்றுவதற்கும் இந்த முடிவு நோக்கமாக உள்ளது.",
               "schemeMiscDetails":"கோல் இந்தியா லிமிடெட் நிறுவனத்திற்கு தினசரி 2 மில்லியன் டன் விற்பனை இலக்கை அரசு நிர்ணயித்துள்ளது. ஏற்கனவே ஒதுக்கப்பட்ட 85 சுரங்கங்களில், 23 ஏற்கனவே உற்பத்தியைத் தொடங்கியுள்ளன, மேலும் 2019 மார்ச் மாதத்துடன் முடிவடையும் நடப்பு நிதியாண்டில் அல்லது அடுத்த நிதியாண்டின் தொடக்கத்தில் மேலும் 20 சுரங்கங்கள் உற்பத்தியைத் தொடங்கும் என்று நிலக்கரி அமைச்சகம் எதிர்பார்க்கிறது. ",
               "schemeDepartments":"நிலக்கரி துறை"
            },
              {
               "schemeUiId":"M_006_S_003",
               "schemeName":"கான்-பிரஹாரி",
               "schemeObj":"எலி துளை சுரங்கம், பைல்பரேஜ் போன்ற சட்டவிரோத நிலக்கரி சுரங்கத்துடன் தொடர்புடைய எந்தவொரு செயலையும் புகாரளிப்பதற்காகவே ‘கான் பிரஹாரி’ பயன்பாடு உள்ளது. ஒருவர் சம்பவத்தின் புவி-குறியிடப்பட்ட புகைப்படங்களையும் உரை தகவல்களையும் நேரடியாக கணினியில் பதிவேற்றலாம். ",
               "schemeDesc":"சட்டவிரோத நிலக்கரி சுரங்க நடவடிக்கைகள் சம்பந்தப்பட்ட அதிகாரிகளுக்கு மொபைல் பயன்பாடு மூலம் நிலக்கரிப் பகுதியில் 100 மீட்டர் இடையகத்துடன் அந்தந்த சம்பவங்கள் நடந்த இடத்திலிருந்து தெரிவிக்கப்படலாம். ஒருவர் சம்பவத்தின் புவி-குறியிடப்பட்ட புகைப்படங்களுடன் உரை தகவல்களையும் நேரடியாக கணினியில் பதிவேற்றலாம். எனவே, அங்கீகரிக்கப்படாத சுரங்க நடவடிக்கைகள் குறித்த தகவல்களைப் பிடிக்க செயற்கைக்கோள் தரவு மற்றும் மனித தகவல்கள் இரண்டும் பயன்படுத்தப்படும். புகாரளிக்கப்பட்டதும், அந்த நடவடிக்கைகள் குறித்து தகுந்த நடவடிக்கை எடுக்குமாறு தகவல் தானாகவே நோடல் அதிகாரிகளுக்கு அனுப்பப்படும். புகார் அளிப்பவர் தனது புகாரை கணினி மூலம் கண்காணிக்க முடியும். புகார்தாரரின் அடையாளம் வெளியிடப்படாது. ",
               "schemeEligiiblity":" கூகிள் பிளே ஸ்டோரிலிருந்து எவரும் பயன்பாட்டைப் பதிவிறக்கலாம்.",
               "schemeTargetGroup":"NIL",
               "schemeMiscDetails":"அறிமுகப்படுத்தப்பட்ட இரண்டு பயன்பாடுகள் சட்டவிரோத நிலக்கரி சுரங்க நடவடிக்கைகளைக் கண்டறிவது மட்டுமல்லாமல், மேற்கொள்ளப்படும் நில மீட்பு பற்றிய தகவல்களையும் வழங்கும். நில மீட்பு குறித்த இந்த கண்காணிப்பு எங்கள் பணியின் மிக முக்கியமான பகுதியாகும். நிச்சயமாக, இப்போது ஒவ்வொரு குடிமகனுக்கும் சட்டவிரோத சுரங்கத்தின் எந்தவொரு நிகழ்வுகளையும் எங்களுடன் பகிர்ந்து கொள்ள உரிமை மற்றும் வாய்ப்பு கிடைக்கும். நாங்கள் அதை அனைத்து நாடாளுமன்ற உறுப்பினர்களுடனும் பகிர்ந்து கொள்ளலாம், அவர்களில் சிலர் இந்த கேள்வியை அடிக்கடி எழுப்புகிறார்கள் அல்லது சட்டவிரோத சுரங்கங்கள் தொடர்பான புகார்களுடன் எங்களிடம் வருகிறார்கள், மேலும் அதிகமான மக்கள் விசில்ப்ளோவர்களாக மாற ஊக்குவிக்கிறார்கள், தங்கள் பகுதியில் ஏதேனும் சட்டவிரோத நடவடிக்கைகள் நடந்து கொண்டிருக்கிறதா என்று எங்களுக்குத் தெரிவிக்க .  ",
               "schemeDepartments":"நிலக்கரி துறை"
            },
             {
               "schemeUiId":"M_006_S_004",
               "schemeName":"UTTAM (சுரங்க நிலக்கரியின் மூன்றாம் தரப்பு மதிப்பீட்டின் மூலம் வெளிப்படைத்தன்மையைத் திறத்தல்) பயன்பாடு",
               "schemeObj":"நிலக்கரி சுற்றுச்சூழல் அமைப்பில் குடிமக்களை பங்குதாரர்களாக மாற்றும் நோக்கத்துடன் இந்த பயன்பாடு வடிவமைக்கப்பட்டுள்ளது. அனைத்து சிஐஎல் துணை நிறுவனங்களிலும் நிலக்கரி மற்றும் நிலக்கரி அனுப்பும் மூன்றாம் தரப்பு மாதிரியின் செயல்முறையை கண்காணிக்க இந்த பயன்பாடு முயல்கிறது.இது கோல் இந்தியா லிமிடெட் இடையே இருதரப்பு சேனலை எளிதாக்குகிறது மற்றும் ஒரு பொதுவான குடிமகன். நிலக்கரி தர கண்காணிப்பு செயல்பாட்டில் வெளிப்படைத்தன்மை மற்றும் செயல்திறனை உறுதி செய்வதையும், நிலக்கரி நிர்வாகத்தை மக்களுக்கு நெருக்கமாகக் கொண்டுவருவதையும் இது நோக்கமாகக் கொண்டுள்ளது. ",
               "schemeDesc":"நிலக்கரி தர கண்காணிப்புக்கான உட்டாம் பயன்பாட்டை மத்திய ரயில்வே மற்றும் நிலக்கரி அமைச்சர் பியூஷ் கோயல் அறிமுகப்படுத்தியுள்ளார். UTTAM என்பது குறிக்கிறது - சுரங்க நிலக்கரியின் மூன்றாம் தரப்பு மதிப்பீட்டின் மூலம் வெளிப்படைத்தன்மையைத் திறத்தல் (uttam.coalindia.in). இந்த பயன்பாட்டை நிலக்கரி மற்றும் நிலக்கரி இந்தியா லிமிடெட் (சிஐஎல்) உருவாக்கியுள்ளது. பயன்பாட்டின் நோக்கம் அனைத்து குடிமக்களுக்கும் நிலக்கரி நுகர்வோருக்கும் சிஐஎல் துணை நிறுவனங்கள் முழுவதும் நிலக்கரி மூன்றாம் தரப்பு மாதிரியின் செயல்முறையை கண்காணிக்க ஒரு பயன்பாட்டை வழங்குவதாகும். நிலக்கரி சுற்றுச்சூழல் அமைப்பில் பொறுப்பு, வெளிப்படைத்தன்மை, செயல்திறன் மற்றும் செயல்திறனை UTTAM பயன்பாடு உறுதி செய்கிறது. இது மாதிரி மற்றும் நிலக்கரி அனுப்புதல்களை கண்காணிப்பதற்கான ஒரு தளத்தை வழங்குகிறது. நிலக்கரி சுற்றுச்சூழல் அமைப்பில் குடிமக்களை பங்குதாரராக மாற்றும் நோக்கில் இந்த பயன்பாடு வடிவமைக்கப்பட்டுள்ளது. கோல் இந்தியா லிமிடெட் மற்றும் ஒரு பொதுவான குடிமகனுக்கு இடையில் இருதரப்பு சேனலை எளிதாக்குவதற்கு தொழில்நுட்பத்தை மேம்படுத்துவதற்கான ஒரு எடுத்துக்காட்டு UTTAM. இது நிலக்கரி தர கண்காணிப்பு செயல்பாட்டில் வெளிப்படைத்தன்மை மற்றும் செயல்திறனை உறுதிசெய்கிறது மற்றும் நிலக்கரி நிர்வாகத்தை மக்களுக்கு நெருக்கமாகக் கொண்டுவருகிறது. மூன்றாம் தரப்பு மாதிரியின் பயன்பாட்டை இந்த பயன்பாடு வழங்குகிறது, இதில் நிலக்கரியின் உற்பத்தி, அனுப்புதல் மற்றும் அளவு பற்றிய தகவல்கள் அடங்கும். அறிவிக்கப்பட்ட மொத்த கலோரிஃபிக் மதிப்பு (ஜி.சி.வி) போன்ற தரமான அளவுருக்கள் மற்றும் இருப்பிடம் மற்றும் அளவு மாதிரிகள் போன்ற கவரேஜ் அளவுருக்கள் ஆகியவற்றில் துணை நிறுவனங்கள் முழுவதும் நிலக்கரி தரத்தின் முழுமையான பாதுகாப்பு வழங்க இது ஊடாடும் வரைபட அடிப்படையிலான பார்வையைக் கொண்டுள்ளது. ",
               "schemeEligiiblity":"FSA களில் கையெழுத்திட தகுதியுடையவர்கள். ",
               "schemeTargetGroup":"பயன்பாட்டின் மூலம் வழங்கப்பட்ட தகவல்கள் குடிமக்களுக்கும் நிலக்கரி நுகர்வோருக்கும் நிலக்கரி தரத்தை ஒப்பிட்டு மதிப்பிட உதவும். ",
               "schemeMiscDetails":"2017-18 ஆண்டு திட்டத்தில் நிலக்கரி உற்பத்திக்கான அகில இந்திய உற்பத்தி இலக்கு 730.10 மெட்ரிக் ஆகும். இதில், பொதுத்துறை நிறுவனங்களின் உற்பத்தி, அதாவது கோல் இந்தியா லிமிடெட் (சிஐஎல்) 600 மெட்ரிக் டன் மற்றும் சிங்காரேனி கோலியரீஸ் கோ லிமிடெட் (எஸ்.சி.சி.எல்) 62 மெட்ரிக் டன். என்.எல்.சி இந்தியா லிமிடெட் (என்.எல்.சி.ஐ.எல்) லிக்னைட் உற்பத்திக்கான இலக்கு ஏபி 2017-18க்கு 26.49 மெட்ரிக் டன் ஆகும். 2017-18ஆம் ஆண்டில், சிஐஎல் & எஸ்சிசிஎல் முறையே 567.36 மெட்ரிக் டன் மற்றும் 62.01 மெட்ரிக் டன் நிலக்கரியை உற்பத்தி செய்தன. ",
               "schemeDepartments":"நிலக்கரி துறை"  
             },
         ]
      },
         ]
      },
   