{
   "ListOfMinistries":[
      {
         "ministryId":1,
         "ministryName":"Ministry of Culture",
         "ministrySchemesList":[
            {
               "schemeUiId":"M_0011_S_001",
               "schemeName":"Project Mausam",
               "schemeObj":"Reviving lost linkages with nations. Creating links to existing World Heritage sites. Redefining Cultural Landscapes. Achieving transnational nomination under World Heritage.",
               "schemeDesc":"Project ‘Mausam’ is the initiative of Ministry of Culture to be implemented by the Archaeological Survey of India (ASI) as the nodal agency with research support of the Indira Gandhi National Centre for the Arts (IGNCA) and National Museum as associate bodies. This project aims to explore the multi-faceted Indian Ocean ‘world’–collating archaeological and historical research in order to document the diversity of cultural, commercial and religious interactions in the Indian Ocean. It also aims to promote research on themes related to the study of Maritime Routes. Main objective of the project is to inscribe places and sites identified under Project Mausam as trans-national nomination for inscription on UNESCO’s World Heritage List.",
               "schemeEligiiblity":"Ph. D degree in History or Archaeology from reputed university with three years research/teaching experience. Competence in a foreign language. Preferably having experience in archaeological museums.",
               "schemeTargetGroup":"To rebuild maritime and economic connections with the 39 countries bordering the Indian Ocean.",
               "schemeMiscDetails":"For further details visit https://pib.gov.in/newsite/PrintRelease.aspx?relid=186490",
               "schemeDepartments":"Department of culture"
            },
            {
               "schemeUiId":"M_0011_S_002",
               "schemeName":"Scheme For Promotion Of Culture Of Science (SPOCS)",
               "schemeObj":"To portray the growth of science and technology and their application in industry and human welfare, with a view to develop scientific attitude and temper and to create, inculcate and sustain a general awareness amongst the people; To create awareness & enhance public understanding, appreciation & engagement of public in the process of Science & technology. To popularise science and technology for the benefit of students and for the common man of the region by organising exhibitions, seminars, popular lectures, science camps and various other programmes, To supplement science education given in schools and colleges and to organise various out-of-school educational activities to foster a spirit of scientific inquiry and creativity among the students; To design, develop and fabricate science museum exhibits, demonstration equipment and scientific teaching aids for science education and popularisation of science; To organise training programmes for science teachers students/young entrepreneurs/ technicians/physically challenged/housewives and others on specific subjects of science, technology and industry.",
               "schemeDesc":"The Ministry of Culture operates Scheme for Promotion of Culture of Science (SPOCS) which provides for setting up of Science Cities and Science Centres in all the States of the country subject to availability of funds for the purpose. States willing to avail of this Scheme have to provide land and share the cost of setting up of facility and corpus for upkeep and maintenance. The details of Science Cities set up in the country are as under. Science City, Kolkata, West Bengal, Pushpa Gujral. Science City, Kapurtala, Punjab. Science City, Ahmedabad, GujaratRegional. Science City, Lucknow, Uttar Pradesh.",
               "schemeEligiiblity":"State Governments/Union Territories and the Societies / Authorities promoted by the State/UT Govts. for the purpose of Science City/Science Centre/Innovation hubs shall be eligible for financial assistance from the GOI as per the norms.",
               "schemeTargetGroup":"Enroll at least 300 active innovation members annually. Increase the number of exposure visits to innovation hubs by school/college students and teachers (Approx. 10,000 annually). Filing of patents/copyrights on successful innovative prototypes. Set up at least 10 Innovation clubs in nearby schools.",
               "schemeMiscDetails":"For further details visit https://www.indiaculture.nic.in/scheme-promotion-culture-science-spocs",
               "schemeDepartments":"Department of culture
"
            },
            {
               "schemeUiId":"M_0011_S_003",
               "schemeName":"Seva Bhoj Scheme",
               "schemeObj":"Under the Scheme of ‘Seva Bhoj Yojna’ Central Goods and Services Tax (CGST) and Central Government’s share of Integrated Goods and Services Tax (IGST) paid on purchase of specific raw food items by Charitable Religious Institutions for distributing free food to public shall be reimbursed as Financial Assistance by the Government of India.",
               "schemeDesc":"Seva Bhoj Yojna’ is a Central Sector Scheme of the Ministry of Culture, Government of India. It envisages to reimburse the Central Government share of Central Goods and Services Tax (CGST) and Integrated Goods and Service Tax (IGST) so as to lessen the financial burden of such Charitable Religious Institutions who provide Food/Prasad/Langar (Community Kitchen)/Bhandara free of cost without any discrimination to Public/Devotees. The scheme is being implemented from 01.08.2018 with a total outlay of Rs. 325.00 Crores for Financial Years 2018-19 and 2019-20. Seva Bhoj Yojna aims to lessens the financial burden of such charitable religious institutions (such as Temples, Gurudwara, Mosque, Church, Dharmik Ashram, Dargah, Matth, Monasteries etc) that provide food/prasad/langar (community kitchen)/bhandara free of cost without any discrimination to public/devotees.",
               "schemeEligiiblity":"The institutions that have been in existence for at least five years before applying for financial assistance/grant. The institutions that serve free food to at least 5000 people in a month. The institutions covered under Section 10(23BBA) of the Income Tax Act or those registered as Society under Societies Registration Act (XXI of 1860) or as a Public Trust under any law for the time being in force of statuary religious bodies constituted under any Act or institutions registered under Section 12AA of Income Tax Act.",
               "schemeTargetGroup":"Free ‘prasad’ or free food or free ‘langar’ / ‘bhandara’ (community kitchen) offered by charitable religious institutions like Gurudwara, Temples, Dharmik Ashram, Mosques, Dargah, Church, Mutt, Monasteries etc. Financial Assistance will be provided on First-cum-First Serve basis of registration linked to fund available for the purpose in a Financial Year.",
               "schemeMiscDetails":"For further details visit https://www.indiaculture.nic.in/scheme-financial-assistance-under-seva-bhoj-yojna-new",
               "schemeDepartments":"Department of culture
"
            },
             {
               "schemeUiId":"M_0011_S_004",
               "schemeName":"Safeguarding The Intangible Cultural Heritage And Diverse Cultural Traditions Of India",
               "schemeObj":"The objective of the Scheme is to support and strengthen the efforts of various stakeholders vis-a-vis wider recognition and acceptance, dissemination, preservation and promotion of the rich, diverse and vast  Intangible Cultural Heritage (ICH) of India including recognition of the same by the UNESCO.",
               "schemeDesc":"The Ministry of Culture has formulated a Scheme titled “Scheme for Safeguarding the Intangible Heritage and Diverse Cultural Traditions of India, with the objective of reinvigorating and revitalizing various institutions, groups, individuals, identified non-MOC institutions, non-government organisations, researchers and scholars so that they may engage in activities/ projects for strengthening, protecting, preserving and promoting the rich intangible cultural heritage of India. The Scheme aims to support: Institutions/ Universities/ State Govts/ UT Administrations/ non-MoC Institutions/ Societies/ Non-government organisations, involved in the preservation and propagation of intangible cultural heritage, cultural expressions etc.Individuals, researchers, scholars, professionals who are involved in the research, training, preservation, perpetuation, dissemination, and propagation of intangible cultural heritage, cultural expressions etc.",
               "schemeEligiiblity":"The applicant organisations/ institutions/ Societies/ State or UT administrations should have a properly constituted managing/ governing council/ body, having facilities & resources, past experience(s) etc. They will also have to submit a statement of their audited accounts for the last 3 years. For organisations/ institutions/ registered bodies/ State Govts/ UT administration, Academies/ Universities, Societies, the amount of financial assistance for specific projects will be up to Rs. 10 lakh. For individuals, the amount of assistance would be up to Rs.5 lakhs. The grant will be released in three installments - 50% in advance, 25% as 2nd installment after appraisal and balance 25% after completion of the project/ activity and submission of relevant documents as proof thereof. The fund release will be done by electronic transfer.",
               "schemeTargetGroup":"200 Junior Fellowships and 200 Senior Fellowships are given every year under this Scheme for cultural research in various fields of culture. Under this Scheme, 400 Scholarships are given to Young Artistes for advance training in the field of Indian Classical Music, Dance, Theatre, Visual Arts, Folk Arts, etc.",
               "schemeMiscDetails":"For further details visit https://www.indiaculture.nic.in/scheme-safeguarding-intangible-cultural-heritage-and-diverse-cultural-traditions-india",
               "schemeDepartments":"Department of culture
"  
             },
             {
               "schemeUiId":"M_0011_S_005",
               "schemeName":"National Mission on Manuscripts",
               "schemeObj":"To facilitate conservation and preservation of manuscripts through training, awareness and financial supports. To document and catalogue Indian manuscripts, wherever they may be, maintain accurate and up-to-date information about them and the condition under which they may be consulted. To promote ready access to these manuscripts through publication, both in book form as well as electronic form. To boost scholarship and research in the study of Indian languages and manuscriptology. To build up a National Manuscript Library at IGNCA.",
               "schemeDesc":"The National Mission for Manuscripts was established in February 2003 under Ministry of Culture, Government of India to survey, locate and conserve Indian manuscripts, with an aim to create national resource base for manuscripts, for enhancing their access, awareness and use for educational purposes. This mission is working towards fulfilling its motto, ‘conserving the past for the future’. It has emerged as a movement, undoubtedly the most popular and effective among all the heritage conservation initiatives in the country. The budget allocation for the financial year 2018-19 has been increased to Rs.1500.00 lakh against the budget allocation of Rs. 1200.00 lakh for the financial year 2017-18.",
               "schemeEligiiblity":"Scheme of Financial Assistance for Preservation and Conservation of Manuscripts, Rare Books, Old and Rare Documents, Record of History to Registered Voluntary Organizations/Individuals etc. Scheme of Financial Assistance to State/Union Territory Archival Repositories, Government Libraries and Museums.",
               "schemeTargetGroup":"To train the next generation of scholars in various aspects of Manuscript Studies like languages, scripts and critical editing and cataloguing of texts and conservation of manuscripts.",
               "schemeMiscDetails":"For further details visit https://namami.gov.in/treasures-india",
               "schemeDepartments":"Department of culture
" 
             },
             {
               "schemeUiId":"M_0011_S_006",
               "schemeName":"National Mission on Cultural Mapping and Roadmap",
               "schemeObj":"The mission aims at converting the vast and widespread cultural canvas of India into an objective cultural map, designing a mechanism to fulfil the aspirations of the whole artist community of the nation and preserving the rich cultural heritage of this country in the form of a cultural repository of artists and art forms.",
               "schemeDesc":"Dr Mahesh Sharma, Minister of State (Independent Charge) for Culture & Tourism on 17 June 2017 launched the implementation of the ‘National Mission on Cultural Mapping of India’ at Goverdhan Block, Mathura District of Uttar Pradesh. The Mission encompasses data mapping, demography building, formalising the processes and bringing all cultural activities under one umbrella for better results. For this, cultural critical mass of knowledge centers (individual/institution/ non-government organisations) in every field of culture & all art forms needs to work in tandem with networking and with dedication. Although disjointed efforts have been going on in this area by various institutions / organisations and isolated success stories are also available, however a holistic approach is the need of the hour. Need of the hour is to establish a cultural roadmap aligned and in consonance with cultural mapping of India by creating a one stop working place for all types of art community.",
               "schemeEligiiblity":"This mission will compile data of artists, art forms & geo-location with inputs from Central Ministries, State Governments & art/culture bodies. Specially designed data capture form with technical collaboration of the National E-Governance Division (NEGD)/Ministry of Electronics and Information Technology (MEITY) has been formulated for data collection.",
               "schemeTargetGroup":"The ministry has planned to explore a total of 6.40 Lakh villages in next 3 years. Beside this, the ministry is also trying to launch massive cultural awareness campaigns to connect all artists across the country to government through web based portals.",
               "schemeMiscDetails":"For further details visit https://www.indiaculture.nic.in/national-mission-cultural-mapping-and-roadmap ",
               "schemeDepartments":"Department of culture
"  
             },
             {
               "schemeUiId":"M_0011_S_007",
               "schemeName":"Cultural Heritage Youth Leadership Programme (CHYLP)",
               "schemeObj":"The objective of the Scheme is to enrich the awareness of culture amongst youth, in order to promote cultural awareness; mutual understanding and respect, as also to develop a love for India’s rich heritage, with a view to developing appropriate leadership qualities amongst youth. The focus of the programme will be on the less privileged children residing in backward areas. Usage of vernacular languages for propagation will be made to the extent possible, for carrying out these activities.",
               "schemeDesc":"The scheme for Cultural Heritage Youth Leadership Programme (CHYLP)  envisaged enriching awareness of Indian culture and heritage amongst the youth in order to promote, understand and develop fondness for India’s rich cultural heritage, with a view to develop appropriate leadership qualities amongst youth. The focus of the programme was to be on less privileged children residing in backward areas by interacting with them in vernacular languages for their better understanding. Intermittently programme was given to Centre for Cultural Resources and Training (CCRT), an autonomous organization working under the purview of Ministry of Culture. CCRT organized workshops for the scheme. However, to accelerate the process, Museum Division of this Ministry arranged visits of children of unprivileged section of society to museums so that these children may get an opportunity to gain the knowledge relating to the Indian History and Culture and Science.",
               "schemeEligiiblity":"Any school, college or a voluntary organization in the cultural field working directly with the children (such as Registered Societies, Trusts etc.) may apply for inclusion in the list of ‘eligible institutions’ for conducting visits to museums/art galleries/monuments (or a combination thereof) and/or for viewing/ participation in theatre/dance/music performances etc. Inclusion in the list of ‘eligible institutions’ would generally be for a specific activity/year, though in special circumstances, the EAC may permit the inclusion on a longer-term basis. In addition to this, the ‘approved implementing agencies’ may identify and work with schools/colleges that fulfil the eligibility conditions without making a reference to the EAC for their inclusion in the list, provided all other conditions are met.",
               "schemeTargetGroup":"Youths of India",
               "schemeMiscDetails":"For further details visit https://www.indiaculture.nic.in/scheme-cultural-heritage-youth-leadership-programme.",
               "schemeDepartments":"Department of culture
"  
             },
             {
               "schemeUiId":"M_0011_S_008",
               "schemeName":"Jatan and Darshak",
               "schemeObj":"The objective was to make a digital imprint of all the objects preserved in museums. It will help researchers, curators and also people interested in the field. It allows real-time museum visitors gather all details about objects or artifacts simply by scanning a QR code placed near the object.",
               "schemeDesc":"JATAN is a virtual museum builder software, that enables creation of digital collection management system for Indian museums and is deployed in several national museums across India.Designed and developed by Human Centres Design and Computing Group, Centre for Development of Smart Computing (C-DAC) Pune. The digital imprints (of preserved objects and monuments) created using the JATAN software are integrated in the national digital repository and portal for making them accessible to the public. Centre for Development of Smart Computing (C-DAC) Pune has also developed “Darshak”, a mobile-based application aimed at improving the museum visit experience among the differently-abled. This project is under administrative control of ministry. Till Date 1,08,881 art objects are digitalized and uploaded on portal. There are 6 museums under this ministry.",
               "schemeEligiiblity":"National Repository and Portal for Museums of India is an example of virtual museum that provides online access to ten national museums placed different geographical locations. Such virtual museums are now directly accessible in the classrooms. Virtual museums can be linked with school education for providing various learning resources to benefit the students.",
               "schemeTargetGroup":"To Revolutionize museum experience.",
               "schemeMiscDetails":"For further details visit https://www.india.gov.in/spotlight/national-digital-repository-museums-india",
               "schemeDepartments":"Department of culture
"   
             },
             {
               "schemeUiId":"M_0011_S_009",
               "schemeName":"Adarsh Smarak",
               "schemeObj":"The Ministry of Culture aims to promote, preserve and conserve the cultural heritage of the country. For the same purpose, the Adarsh Smarak Scheme has been launched. The scheme was launched on 26th December 2014 for providing improved visitor amenities, especially for the physically challenged. This scheme comes under the ‘Ministry of culture’.",
               "schemeDesc":"The scheme was launched on 26th December, 2014 for providing improved visitor amenities, especially for the physically challenged, besides cleanliness, drinking water, and interpretation centres, cafeteria, souvenir shop, wi-fi, garbage disposal etc. The civic amenities are being augmented at these sites. 25 ASI sites were launched as “Adarsh Smarak” on 26th December, 2014. 75 more Adarsh Monuments protected by ASI have been identified and included in the list of “Adarsh Smarak” and the same are also being included in ‘Swachh Paryatan Mobile App’ launched by the Ministry of Tourism. With this a total of 100 Monuments protected by ASI are being developed and maintained as Adarsh Monuments.",
               "schemeEligiiblity":"E-ticketing facility has been launched in coordination with Canara Bank with the aim of providing online booking facility for visitors. Moreover, the facility is proving to be less expensive when compared to manual ticketing system which was prevalent earlier. ",
               "schemeTargetGroup":"To make monument visitor friendly. To upgrade/provide washrooms, drinking water, signages, cafeteria, and wi-fi facility. To provide Interpretation and audio-video centers. To streamline wastewater and garbage disposal and rainwater harvesting system. To make the monument accessible to differently-abled. To implement Swachh Bharat Abhiyan. To provide safety and protection",
               "schemeMiscDetails":"For further details visit http://pibarchive.nic.in/ndagov/Comprehensive-Materials/compr32.pdf",
               "schemeDepartments":"Department of culture"   
             },
         ]
      },
         ]
      },