{
   "ListOfMinistries":[
      {
         "ministryId":1,
         "ministryName":"கலாச்சார அமைச்சகம்",
         "ministrySchemesList":[
        {
               "schemeUiId":"M_0011_S_001",
               "schemeName":"திட்டம் மௌசம்",
               "schemeObj":"திட்டம்__குறிக்கோள்_1",
               "schemeDesc":"இந்திரா காந்தி தேசிய கலை மையம் (ஐ.ஜி.என்.சி.ஏ) மற்றும் தேசிய அருங்காட்சியகம் ஆகியவற்றின் துணை நிறுவனங்களுடன் ஆராய்ச்சி ஆதரவுடன் நோடல் ஏஜென்சியாக இந்திய தொல்பொருள் ஆய்வு மையம் (ஏ.எஸ்.ஐ) செயல்படுத்தும் கலாச்சார அமைச்சின் முன்முயற்சி திட்டம் ‘மௌசம்’ ஆகும். இந்த திட்டம் இந்தியப் பெருங்கடலில் கலாச்சார, வணிக மற்றும் மத தொடர்புகளின் பன்முகத்தன்மையை ஆவணப்படுத்தும் பொருட்டு பன்முகத்தன்மை வாய்ந்த இந்தியப் பெருங்கடல் ‘உலகம்’ தொல்பொருள் மற்றும் வரலாற்று ஆராய்ச்சிகளை ஆராய்வதை நோக்கமாகக் கொண்டுள்ளது. கடல்சார் பாதைகளின் ஆய்வு தொடர்பான கருப்பொருள்கள் குறித்த ஆராய்ச்சியை ஊக்குவிப்பதும் இதன் நோக்கமாகும். திட்டத்தின் முக்கிய நோக்கம் யுனெஸ்கோவின் உலக பாரம்பரிய பட்டியலில் கல்வெட்டுக்கான திட்ட-தேசிய பரிந்துரையாக திட்டம் மௌசம்சமின் கீழ் அடையாளம் காணப்பட்ட இடங்களையும் தளங்களையும் பொறிப்பது.",
               "schemeEligiiblity":"மூன்று வருட ஆராய்ச்சி / கற்பித்தல் அனுபவத்துடன் புகழ்பெற்ற பல்கலைக்கழகத்தில் வரலாறு அல்லது தொல்லியல் துறையில் பி.எச். வெளிநாட்டு மொழியில் தேர்ச்சி. தொல்பொருள் அருங்காட்சியகங்களில் அனுபவம் பெற்றவர்கள்.",
               "schemeTargetGroup":"இந்தியப் பெருங்கடலின் எல்லையில் உள்ள 39 நாடுகளுடன் கடல் மற்றும் பொருளாதார தொடர்புகளை மீண்டும் உருவாக்குதல்",
               "schemeMiscDetails":"மேலும் பல தகவல்களுக்கு https://pib.gov.in/newsite/PrintRelease.aspx?relid=186490",
               "schemeDepartments":"கலாச்சாரத் துறை"
            },
            {
               "schemeUiId":"M_0011_S_002",
               "schemeName":"அறிவியல் கலாச்சாரத்தை மேம்படுத்துவதற்கான திட்டம் (SPOCS)",
               "schemeObj":"விஞ்ஞான அணுகுமுறை மற்றும் மனநிலையை வளர்ப்பதற்கும், மக்களிடையே ஒரு பொதுவான விழிப்புணர்வை உருவாக்குவதற்கும், கற்பிப்பதற்கும், நிலைநிறுத்துவதற்கும் ஒரு நோக்கத்துடன், அறிவியல் மற்றும் தொழில்நுட்பத்தின் வளர்ச்சியையும், தொழில் மற்றும் மனித நலனில் அவை பயன்படுத்துவதையும் சித்தரிக்க; விழிப்புணர்வை உருவாக்குதல் மற்றும் அறிவியல் மற்றும் தொழில்நுட்ப செயல்பாட்டில் பொதுமக்களின் புரிதல், பாராட்டு மற்றும் ஈடுபாட்டை மேம்படுத்துதல். கண்காட்சிகள், கருத்தரங்குகள், பிரபலமான சொற்பொழிவுகள், அறிவியல் முகாம்கள் மற்றும் பல்வேறு நிகழ்ச்சிகளை ஏற்பாடு செய்வதன் மூலம் மாணவர்களின் நலனுக்காகவும், பிராந்தியத்தின் பொது மக்களுக்காகவும் அறிவியல் மற்றும் தொழில்நுட்பத்தை பிரபலப்படுத்துதல், பள்ளிகள் மற்றும் கல்லூரிகளில் வழங்கப்படும் அறிவியல் கல்வியை கூடுதலாக வழங்குதல் மற்றும் பல்வேறு வெளிப்புறங்களை ஒழுங்கமைத்தல் மாணவர்களிடையே விஞ்ஞான விசாரணை மற்றும் படைப்பாற்றல் உணர்வை வளர்ப்பதற்கான பள்ளி கல்வி நடவடிக்கைகள்; அறிவியல் அருங்காட்சியக கண்காட்சிகள், ஆர்ப்பாட்ட உபகரணங்கள் மற்றும் விஞ்ஞான கல்வி மற்றும் விஞ்ஞானத்தை பிரபலப்படுத்துவதற்கான அறிவியல் கற்பித்தல் உதவிகளை வடிவமைத்தல், மேம்படுத்துதல் மற்றும் உருவாக்குதல்; அறிவியல் ஆசிரியர்கள் மாணவர்கள் / இளம் தொழில்முனைவோர் / தொழில்நுட்ப வல்லுநர்கள் / உடல் ரீதியான சவால் / இல்லத்தரசிகள் மற்றும் பிறருக்கு அறிவியல், தொழில்நுட்பம் மற்றும் தொழில் குறித்த குறிப்பிட்ட பாடங்களில் பயிற்சித் திட்டங்களை ஏற்பாடு செய்தல்.",
               "schemeDesc":"கலாச்சார அமைச்சகம் அறிவியல் கலாச்சாரத்தை மேம்படுத்துவதற்கான திட்டத்தை (SPOCS) செயல்படுத்துகிறது, இது நாட்டின் அனைத்து மாநிலங்களிலும் அறிவியல் நகரங்கள் மற்றும் அறிவியல் மையங்களை அமைப்பதற்கான நோக்கத்தை வழங்குகிறது. இந்தத் திட்டத்தைப் பெற விரும்பும் மாநிலங்கள் நிலத்தை வழங்க வேண்டும் மற்றும் பராமரிப்பு மற்றும் பராமரிப்பிற்கான வசதி மற்றும் கார்பஸ் அமைப்பதற்கான செலவைப் பகிர்ந்து கொள்ள வேண்டும். நாட்டில் அமைக்கப்பட்ட அறிவியல் நகரங்களின் விவரங்கள் கீழ் உள்ளன. அறிவியல் நகரம், கொல்கத்தா, மேற்கு வங்கம், புஷ்பா குஜ்ரால். அறிவியல் நகரம், கபுர்தலா, பஞ்சாப். அறிவியல் நகரம், அகமதாபாத், குஜராத் பிராந்திய. அறிவியல் நகரம், லக்னோ, உத்தரபிரதேசம்.",
               "schemeEligiiblity":"மாநில அரசுகள் / யூனியன் பிரதேசங்கள் மற்றும் மாநிலங்கள் / யூ.டி அரசாங்கங்களால் ஊக்குவிக்கப்பட்ட சங்கங்கள் / அதிகாரிகள். சயின்ஸ் சிட்டி / சயின்ஸ் சென்டர் / புதுமை மையங்களின் நோக்கத்திற்காக GOI இன் விதிமுறைகளுக்கு ஏற்ப நிதி உதவிக்கு தகுதியுடையவர்கள்.",
               "schemeTargetGroup":"ஆண்டுதோறும் குறைந்தது 300 செயலில் புதுமை உறுப்பினர்களைச் சேர்க்கவும். பள்ளி / கல்லூரி மாணவர்கள் மற்றும் ஆசிரியர்களின் கண்டுபிடிப்பு மையங்களுக்கான வெளிப்பாடு வருகைகளின் எண்ணிக்கையை அதிகரிக்கவும் (தோராயமாக 10,000 ஆண்டுதோறும்). வெற்றிகரமான புதுமையான முன்மாதிரிகளில் காப்புரிமை / பதிப்புரிமை தாக்கல். அருகிலுள்ள பள்ளிகளில் குறைந்தது 10 புதுமைக் கழகங்களை அமைக்கவும்.",
               "schemeMiscDetails":"மேலும் பல தகவல்களுக்கு https://www.indiaculture.nic.in/scheme-promotion-culture-science-spocs",
               "schemeDepartments":"கலாச்சாரத் துறை"
            },
              {
               "schemeUiId":"M_0011_S_003",
               "schemeName":"சேவா போஜ் திட்டம்",
               "schemeObj":"'சேவா போஜ் யோஜ்னா' திட்டத்தின் கீழ் மத்திய சரக்கு மற்றும் சேவை வரி (சிஜிஎஸ்டி) மற்றும் மத்திய அரசு ஒருங்கிணைந்த பொருட்கள் மற்றும் சேவை வரியின் (ஐஜிஎஸ்டி) குறிப்பிட்ட மூல உணவுப் பொருட்களை வாங்குவதற்காக செலுத்தப்படும் தொண்டு மத நிறுவனங்கள் பொது மக்களுக்கு இலவச உணவை விநியோகிப்பதற்காக செலுத்தப்படும். இந்திய அரசால் நிதி உதவியாக திருப்பிச் செலுத்தப்பட்டது.",
               "schemeDesc":"சேவா போஜ் யோஜ்னா ’என்பது இந்திய அரசின் கலாச்சார அமைச்சின் மத்திய துறை திட்டமாகும். உணவு / பிரசாத் / லங்கர் (சமூக சமையலறை) / வழங்கும் அத்தகைய தொண்டு மத நிறுவனங்களின் நிதிச் சுமையைக் குறைக்க, மத்திய சரக்கு மற்றும் சேவை வரி (சிஜிஎஸ்டி) மற்றும் ஒருங்கிணைந்த பொருட்கள் மற்றும் சேவை வரி (ஐஜிஎஸ்டி) ஆகியவற்றின் மத்திய அரசின் பங்கை திருப்பிச் செலுத்த இது திட்டமிட்டுள்ளது. பொது / பக்தர்களுக்கு எந்தவிதமான பாகுபாடும் இன்றி பண்டாரா இலவசமாக. இத்திட்டம் 01.08.2018 முதல் மொத்தம் ரூ. 2018-19 மற்றும் 2019-20 நிதியாண்டுகளுக்கு 325.00 கோடி ரூபாய். உணவு / பிரசாத் / லங்கர் (சமூக சமையலறை) / பண்டாரா இல்லாத இலவச தொண்டு நிறுவனங்கள் (கோயில்கள், குருத்வாரா, மசூதி, தேவாலயம், தர்மிக் ஆசிரமம், தர்கா, மேத், மடாலயங்கள் போன்றவை) நிதிச் சுமையை குறைப்பதை சேவா போஜ் யோஜ்னா நோக்கமாகக் கொண்டுள்ளது. பொது / பக்தர்களுக்கு எந்த பாகுபாடும் இல்லாமல் செலவு.",
               "schemeEligiiblity":"நிதி உதவி / மானியத்திற்கு விண்ணப்பிப்பதற்கு முன்பு குறைந்தது ஐந்து ஆண்டுகளாக இருந்த நிறுவனங்கள். ஒரு மாதத்தில் குறைந்தது 5000 பேருக்கு இலவச உணவை வழங்கும் நிறுவனங்கள். வருமான வரிச் சட்டத்தின் பிரிவு 10 (23 பிபிஏ) இன் கீழ் உள்ள நிறுவனங்கள் அல்லது சங்கங்கள் பதிவுச் சட்டத்தின் கீழ் (1860 இன் எக்ஸ்எக்ஸ்ஐ) அல்லது எந்தவொரு சட்டத்தின் கீழும் ஒரு பொது அறக்கட்டளையாக பதிவுசெய்யப்பட்ட நிறுவனங்கள் எந்தவொரு சட்டத்தின் கீழும் அமைக்கப்பட்ட சிலை மத அமைப்புகளின் நடைமுறையில் இருக்கும் அல்லது வருமான வரிச் சட்டத்தின் பிரிவு 12AA இன் கீழ் பதிவு செய்யப்பட்ட நிறுவனங்கள்.",
               "schemeTargetGroup":"குருத்வாரா, கோயில்கள், தர்மிக் ஆசிரமம், மசூதிகள், தர்கா, சர்ச், மட், மடங்கள் போன்ற தொண்டு மத நிறுவனங்களால் வழங்கப்படும் இலவச 'பிரசாத்' அல்லது இலவச உணவு அல்லது இலவச 'லங்கர்' / 'பண்டாரா' (சமூக சமையலறை). நிதி உதவி வழங்கப்படும் ஒரு நிதியாண்டில் இந்த நோக்கத்திற்காக கிடைக்கும் நிதியுடன் இணைக்கப்பட்ட பதிவின் முதல்-முதல்-முதல் சேவை அடிப்படை.",
               "schemeMiscDetails":"மேலும் பல தகவல்களுக்கு https://www.indiaculture.nic.in/scheme-financial-assistance-under-seva-bhoj-yojna-new" ,
               "schemeDepartments":"கலாச்சாரத் துறை"
            },
             {
               "schemeUiId":"M_0011_S_004",
               "schemeName":"இந்தியாவின் அருவமான கலாச்சார பாரம்பரியம் மற்றும் பன்முக கலாச்சார மரபுகளை பாதுகாத்தல்",
               "schemeObj":"இத்திட்டத்தின் நோக்கம், இந்தியாவின் பணக்கார, மாறுபட்ட மற்றும் பரந்த அருவமான கலாச்சார பாரம்பரியத்தை (ஐ.சி.எச்) பரவலாக அங்கீகரித்தல் மற்றும் ஏற்றுக்கொள்வது, பரப்புதல், பாதுகாத்தல் மற்றும் ஊக்குவித்தல் ஆகியவற்றுடன் பல்வேறு பங்குதாரர்களின் முயற்சிகளை ஆதரிப்பதும் பலப்படுத்துவதும் ஆகும். வழங்கியவர் யுனெஸ்கோவால்.",
               "schemeDesc":"பல்வேறு நிறுவனங்கள், குழுக்கள், தனிநபர்கள், அடையாளம் காணப்பட்ட எம்.ஓ.சி அல்லாத நிறுவனங்கள், அரசு சாரா நிறுவனங்கள், ஆராய்ச்சியாளர்கள் மற்றும் அறிஞர்கள், அதனால் அவர்கள் இந்தியாவின் வளமான அருவமான கலாச்சார பாரம்பரியத்தை வலுப்படுத்துதல், பாதுகாத்தல், பாதுகாத்தல் மற்றும் மேம்படுத்துவதற்கான நடவடிக்கைகள் / திட்டங்களில் ஈடுபடலாம். இத்திட்டம் ஆதரிப்பதை நோக்கமாகக் கொண்டுள்ளது: நிறுவனங்கள் / பல்கலைக்கழகங்கள் / மாநில அரசுகள் / யுடி நிர்வாகங்கள் / MoC அல்லாத நிறுவனங்கள் / சங்கங்கள் / அரசு சாரா நிறுவனங்கள், அருவமான கலாச்சார பாரம்பரியம், கலாச்சார வெளிப்பாடுகள் போன்றவற்றைப் பாதுகாத்தல் மற்றும் பரப்புவதில் ஈடுபட்டுள்ளன. தனிநபர்கள், ஆராய்ச்சியாளர்கள், அறிஞர்கள், தொழில் வல்லுநர்கள் அருவமான கலாச்சார பாரம்பரியம், கலாச்சார வெளிப்பாடுகள் போன்றவற்றின் ஆராய்ச்சி, பயிற்சி, பாதுகாத்தல், நிலைத்திருத்தல், பரப்புதல் மற்றும் பரப்புதல் ஆகியவற்றில் ஈடுபட்டுள்ளவர்கள்.",
               "schemeEligiiblity":"விண்ணப்பதாரர் நிறுவனங்கள் / நிறுவனங்கள் / சங்கங்கள் / மாநில அல்லது யூடி நிர்வாகங்கள் ஒழுங்காக அமைக்கப்பட்ட நிர்வாக / நிர்வாக சபை / அமைப்பைக் கொண்டிருக்க வேண்டும், வசதிகள் மற்றும் வளங்கள், கடந்த கால அனுபவம் (கள்) போன்றவை இருக்க வேண்டும். அவர்கள் தணிக்கை செய்த கணக்குகளின் அறிக்கையையும் சமர்ப்பிக்க வேண்டும். கடந்த 3 ஆண்டுகள். நிறுவனங்கள் / நிறுவனங்கள் / பதிவு செய்யப்பட்ட அமைப்புகள் / மாநில அரசுகள் / யூடி நிர்வாகம், கல்விக்கூடங்கள் / பல்கலைக்கழகங்கள், சங்கங்கள், குறிப்பிட்ட திட்டங்களுக்கான நிதி உதவி தொகை ரூ. 10 லட்சம். தனிநபர்களுக்கு, உதவி தொகை ரூ .5 லட்சம் வரை இருக்கும். மானியம் மூன்று தவணைகளில் வெளியிடப்படும் - முன்கூட்டியே 50%, மதிப்பீட்டிற்குப் பிறகு 25% 2 வது தவணையாகவும், திட்டம் / செயல்பாடு முடிந்தபின் 25% மீதமுள்ளதாகவும், அதற்கான ஆதாரமாக தொடர்புடைய ஆவணங்களை சமர்ப்பிக்கவும். மின்னணு பரிமாற்றத்தால் நிதி வெளியீடு செய்யப்படும்.",
               "schemeTargetGroup":"கலாச்சாரத்தின் பல்வேறு துறைகளில் கலாச்சார ஆராய்ச்சிக்காக இந்த திட்டத்தின் கீழ் ஒவ்வொரு ஆண்டும் 200 ஜூனியர் பெல்லோஷிப் மற்றும் 200 சீனியர் பெல்லோஷிப் வழங்கப்படுகின்றன. இந்த திட்டத்தின் கீழ், இந்திய கிளாசிக்கல் இசை, நடனம், நாடகம், விஷுவல் ஆர்ட்ஸ், நாட்டுப்புற கலைகள் போன்ற துறைகளில் முன்கூட்டியே பயிற்சி பெறுவதற்காக இளம் கலைஞர்களுக்கு 400 உதவித்தொகை வழங்கப்படுகிறது.",
               "schemeMiscDetails":"மேலும் பல தகவல்களுக்கு https://www.indiaculture.nic.in/scheme-safeguarding-intangible-cultural-heritage-and-diverse-cultural-traditions-india",
               "schemeDepartments":"கலாச்சாரத் துறை"  
             },
             {
               "schemeUiId":"M_0011_S_005",
               "schemeName":"கையெழுத்துப் பிரதிகள் பற்றிய தேசிய பணி",
               "schemeObj":"பயிற்சி, விழிப்புணர்வு மற்றும் நிதி உதவிகள் மூலம் கையெழுத்துப் பிரதிகளைப் பாதுகாப்பதற்கும் பாதுகாப்பதற்கும் உதவுதல். இந்திய கையெழுத்துப் பிரதிகளை ஆவணப்படுத்தவும் பட்டியலிடவும், அவை எங்கிருந்தாலும், அவற்றைப் பற்றிய துல்லியமான மற்றும் புதுப்பித்த தகவல்களைப் பராமரிக்கவும், அவை எந்த நிபந்தனையின் கீழ் ஆலோசிக்கப்படலாம். இந்த கையெழுத்துப் பிரதிகளுக்கு வெளியீட்டு மூலம், புத்தக வடிவில் மற்றும் மின்னணு வடிவத்தில் தயாராக அணுகலை ஊக்குவித்தல். இந்திய மொழிகள் மற்றும் கையெழுத்துப் பிரதி ஆய்வில் புலமைப்பரிசிலையும் ஆராய்ச்சியையும் அதிகரிக்க. ஐ.ஜி.என்.சி.ஏவில் ஒரு தேசிய கையெழுத்துப் பிரதி நூலகத்தை உருவாக்க.",
               "schemeDesc":"கையெழுத்துப் பிரதிகளுக்கான தேசிய வளத் தளத்தை உருவாக்குவதற்கும், கல்வி அணுகலுக்கான விழிப்புணர்வு மற்றும் பயன்பாட்டை மேம்படுத்துவதற்கும், கையெழுத்துப் பிரதிகளுக்கு தேசிய வள ஆதாரத்தை உருவாக்கும் நோக்கத்துடன், இந்திய கையெழுத்துப் பிரதிகளை ஆய்வு செய்வதற்கும், கண்டுபிடிப்பதற்கும், பாதுகாப்பதற்கும் இந்திய அரசாங்கத்தின் கலாச்சார அமைச்சகத்தின் கீழ் பிப்ரவரி 2003 இல் நிறுவப்பட்டது. ‘எதிர்காலத்திற்காக கடந்த காலத்தைப் பாதுகாத்தல்’ என்ற அதன் குறிக்கோளை நிறைவேற்றுவதற்காக இந்த நோக்கம் செயல்படுகிறது. இது ஒரு இயக்கமாக உருவெடுத்துள்ளது, சந்தேகத்திற்கு இடமின்றி நாட்டின் அனைத்து பாரம்பரிய பாதுகாப்பு முயற்சிகளிலும் மிகவும் பிரபலமானது மற்றும் பயனுள்ளது. 2018-19 நிதியாண்டிற்கான பட்ஜெட் ஒதுக்கீடு ரூ .1500.00 லட்சமாக உயர்த்தப்பட்டுள்ளது. 2017-18 நிதியாண்டில் 1200.00 லட்சம்.",
               "schemeEligiiblity":"கையெழுத்துப் பிரதிகள், அரிய புத்தகங்கள், பழைய மற்றும் அரிய ஆவணங்கள், பதிவுசெய்யப்பட்ட தன்னார்வ நிறுவனங்கள் / தனிநபர்களுக்கு வரலாற்றின் பதிவு போன்றவற்றிற்கான நிதி உதவித் திட்டம். மாநில / யூனியன் பிரதேச காப்பக களஞ்சியங்கள், அரசு நூலகங்கள் மற்றும் அருங்காட்சியகங்களுக்கு நிதி உதவி திட்டம்.",
               "schemeTargetGroup":"மொழிகள், ஸ்கிரிப்டுகள் மற்றும் விமர்சன எடிட்டிங் மற்றும் நூல்களை பட்டியலிடுதல் மற்றும் கையெழுத்துப் பிரதிகளைப் பாதுகாத்தல் போன்ற கையெழுத்துப் பிரதிகளின் பல்வேறு அம்சங்களில் அடுத்த தலைமுறை அறிஞர்களுக்கு பயிற்சி அளித்தல்.",
               "schemeMiscDetails":"மேலும் பல தகவல்களுக்கு https://namami.gov.in/treasures-india",
               "schemeDepartments":"கலாச்சாரத் துறை"  
             },
             {
                 "schemeUiId":"M_0011_S_006",
               "schemeName":"கலாச்சார வரைபடம் மற்றும் சாலை வரைபடம் குறித்த தேசிய பணி",
               "schemeObj":"இந்தியாவின் பரந்த மற்றும் பரவலான கலாச்சார கேன்வாஸை ஒரு புறநிலை கலாச்சார வரைபடமாக மாற்றுவதும், நாட்டின் ஒட்டுமொத்த கலைஞர் சமூகத்தின் அபிலாஷைகளை நிறைவேற்றுவதற்கான ஒரு பொறிமுறையை வடிவமைப்பதும், இந்த நாட்டின் வளமான கலாச்சார பாரம்பரியத்தை ஒரு கலாச்சார களஞ்சியத்தின் வடிவத்தில் பாதுகாப்பதும் இந்த நோக்கம் நோக்கமாகும். கலைஞர்கள் மற்றும் கலை வடிவங்கள்.",
               "schemeDesc":"உத்தரபிரதேசத்தின் மதுரா மாவட்டம் கவர்ந்தன் பிளாக்கில் ‘இந்தியாவின் கலாச்சார வரைபடத்திற்கான தேசிய மிஷன்’ அமல்படுத்தப்படுவதை 17 ஜூன் 2017 அன்று கலாச்சாரம் மற்றும் சுற்றுலாத்துறை அமைச்சர் (சுதந்திர பொறுப்பு) டாக்டர் மகேஷ் சர்மா தொடங்கினார். தரவு மேப்பிங், மக்கள்தொகை உருவாக்கம், செயல்முறைகளை முறைப்படுத்துதல் மற்றும் அனைத்து கலாச்சார நடவடிக்கைகளையும் ஒரே குடையின் கீழ் கொண்டுவருவது சிறந்த முடிவுகளுக்கு மிஷன் உள்ளடக்கியது. இதற்காக, கலாச்சாரத்தின் ஒவ்வொரு துறையிலும் உள்ள அறிவுசார் மையங்களின் (தனிநபர் / நிறுவனம் / அரசு சாரா நிறுவனங்கள்) கலாச்சார விமர்சன வெகுஜன மற்றும் அனைத்து கலை வடிவங்களும் நெட்வொர்க்கிங் மற்றும் அர்ப்பணிப்புடன் இணைந்து செயல்பட வேண்டும். பல்வேறு நிறுவனங்கள் / அமைப்புகளால் இந்த பகுதியில் முரண்பாடான முயற்சிகள் நடந்து கொண்டிருக்கின்றன மற்றும் தனிமைப்படுத்தப்பட்ட வெற்றிக் கதைகளும் கிடைக்கின்றன, இருப்பினும் ஒரு முழுமையான அணுகுமுறை என்பது காலத்தின் தேவை. அனைத்து வகையான கலை சமூகங்களுக்கும் ஒரு நிறுத்த வேலை செய்யும் இடத்தை உருவாக்குவதன் மூலம் இந்தியாவின் கலாச்சார வரைபடத்துடன் சீரமைக்கப்பட்ட மற்றும் இணக்கமான ஒரு கலாச்சார சாலை வரைபடத்தை நிறுவுவது காலத்தின் தேவை.",
               "schemeEligiiblity":"இந்த பணி கலைஞர்கள், கலை வடிவங்கள் மற்றும் புவி இருப்பிடங்களின் தரவுகளை மத்திய அமைச்சகங்கள், மாநில அரசுகள் மற்றும் கலை / கலாச்சார அமைப்புகளின் உள்ளீடுகளுடன் தொகுக்கும். தரவு சேகரிப்பிற்காக தேசிய மின்-ஆளுமை பிரிவு (NEGD) / மின்னணு மற்றும் தகவல் தொழில்நுட்ப அமைச்சின் (MEITY) தொழில்நுட்ப ஒத்துழைப்புடன் சிறப்பாக வடிவமைக்கப்பட்ட தரவு பிடிப்பு படிவம் வடிவமைக்கப்பட்டுள்ளது.",
               "schemeTargetGroup":"அடுத்த 3 ஆண்டுகளில் மொத்தம் 6.40 லட்சம் கிராமங்களை ஆராய அமைச்சகம் திட்டமிட்டுள்ளது. இது தவிர, நாடு முழுவதும் உள்ள அனைத்து கலைஞர்களையும் இணைய அடிப்படையிலான இணையதளங்கள் மூலம் அரசாங்கத்துடன் இணைக்க பாரிய கலாச்சார விழிப்புணர்வு பிரச்சாரங்களை தொடங்க அமைச்சகம் முயற்சிக்கிறது.",
               "schemeMiscDetails":"மேலும் பல தகவல்களுக்கு https://www.indiaculture.nic.in/national-mission-cultural-mapping-and-roadmap",
               "schemeDepartments":"கலாச்சாரத் துறை"
             },
             {
               "schemeUiId":"M_0011_S_007",
               "schemeName":"கலாச்சார பாரம்பரிய இளைஞர் தலைமை திட்டம் (CHYLP)",
               "schemeObj":"கலாச்சார விழிப்புணர்வை ஊக்குவிப்பதற்காக, இளைஞர்களிடையே கலாச்சாரத்தைப் பற்றிய விழிப்புணர்வை வளப்படுத்துவதே திட்டத்தின் நோக்கம்; பரஸ்பர புரிந்துணர்வு மற்றும் மரியாதை, அதேபோல் இளைஞர்களிடையே பொருத்தமான தலைமைத்துவ குணங்களை வளர்ப்பதற்கான நோக்கத்துடன் இந்தியாவின் வளமான பாரம்பரியத்தின் மீது ஒரு அன்பை வளர்ப்பது. இந்த திட்டத்தின் கவனம் பின்தங்கிய பகுதிகளில் வசிக்கும் குறைந்த சலுகை பெற்ற குழந்தைகள் மீது இருக்கும். இந்த நடவடிக்கைகளை மேற்கொள்வதற்காக, வடமொழி மொழிகளைப் பரப்புவதற்குப் பயன்படுத்த முடியும்.",
               "schemeDesc":"கலாச்சார பாரம்பரிய இளைஞர் தலைமைத்துவ திட்டத்திற்கான (CHYLP) இளைஞர்களிடையே பொருத்தமான தலைமைத்துவ குணங்களை வளர்க்கும் நோக்கில், இந்தியாவின் வளமான கலாச்சார பாரம்பரியத்தின் மீது ஆர்வத்தை வளர்ப்பதற்கும், புரிந்துகொள்வதற்கும், வளர்ப்பதற்கும் இளைஞர்களிடையே இந்திய கலாச்சாரம் மற்றும் பாரம்பரியம் குறித்த விழிப்புணர்வை வளப்படுத்த திட்டமிட்டுள்ளது. பின்தங்கிய பகுதிகளில் வசிக்கும் குறைந்த சலுகை பெற்ற குழந்தைகள், அவர்களின் சிறந்த புரிதலுக்காக வடமொழி மொழிகளில் தொடர்புகொள்வதன் மூலம் இந்த திட்டத்தின் கவனம் இருந்தது. கலாச்சார அமைச்சின் கீழ் செயல்படும் ஒரு தன்னாட்சி அமைப்பான கலாச்சார வளங்கள் மற்றும் பயிற்சி மையத்திற்கு (சி.சி.ஆர்.டி) இடைப்பட்ட திட்டம் வழங்கப்பட்டது. சி.சி.ஆர்.டி இந்த திட்டத்திற்கான பட்டறைகளை ஏற்பாடு செய்தது. எவ்வாறாயினும், இந்த செயல்முறையை விரைவுபடுத்துவதற்காக, இந்த அமைச்சின் அருங்காட்சியகப் பிரிவு சமூகத்தின் தகுதியற்ற பிரிவின் குழந்தைகளை அருங்காட்சியகங்களுக்கு பார்வையிட ஏற்பாடு செய்தது, இதனால் இந்த குழந்தைகள் இந்திய வரலாறு மற்றும் கலாச்சாரம் மற்றும் அறிவியல் தொடர்பான அறிவைப் பெறுவதற்கான வாய்ப்பைப் பெறுவார்கள்.",
               "schemeEligiiblity":"குழந்தைகளுடன் நேரடியாக பணிபுரியும் எந்தவொரு பள்ளி, கல்லூரி அல்லது ஒரு தன்னார்வ அமைப்பு (பதிவுசெய்யப்பட்ட சங்கங்கள், அறக்கட்டளைகள் போன்றவை) அருங்காட்சியகங்கள் / கலைக்கூடங்கள் / நினைவுச்சின்னங்களுக்கு வருகை தருவதற்கு 'தகுதியான நிறுவனங்கள்' பட்டியலில் சேர்க்க விண்ணப்பிக்கலாம் அல்லது அதன் கலவையாகும்) மற்றும் / அல்லது நாடகம் / நடனம் / இசை நிகழ்ச்சிகளைப் பார்ப்பது / பங்கேற்பது போன்றவை. 'தகுதியான நிறுவனங்களின்' பட்டியலில் சேர்ப்பது பொதுவாக ஒரு குறிப்பிட்ட செயல்பாடு / வருடமாக இருக்கும், ஆனால் சிறப்பு சூழ்நிலைகளில், EAC அனுமதிக்கலாம் நீண்ட கால அடிப்படையில் சேர்த்தல். இது தவிர, மற்ற அனைத்து நிபந்தனைகளும் பூர்த்தி செய்யப்பட்டால், பட்டியலில் சேர்க்கப்படுவதற்கு EAC ஐப் பற்றி குறிப்பிடாமல், தகுதி நிலைமைகளை பூர்த்தி செய்யும் பள்ளிகள் / கல்லூரிகளை ‘அங்கீகரிக்கப்பட்ட செயல்படுத்தும் முகவர்கள்’ கண்டறிந்து பணியாற்றலாம்.",
               "schemeTargetGroup":"இந்தியாவின் இளைஞர்கள்",
               "schemeMiscDetails":"மேலும் பல தகவல்களுக்கு https://www.indiaculture.nic.in/scheme-cultural-heritage-youth-leadership-programme.",
               "schemeDepartments":"கலாச்சாரத் துறை"  
             },
             {
               "schemeUiId":"M_0011_S_008",
               "schemeName":"ஜதன் மற்றும் தர்ஷக்",
               "schemeObj":"அருங்காட்சியகங்களில் பாதுகாக்கப்பட்டுள்ள அனைத்து பொருட்களின் டிஜிட்டல் முத்திரையை உருவாக்குவதே இதன் நோக்கம். இது ஆராய்ச்சியாளர்கள், கியூரேட்டர்கள் மற்றும் இந்த துறையில் ஆர்வமுள்ளவர்களுக்கும் உதவும். நிகழ்நேர அருங்காட்சியக பார்வையாளர்கள் பொருளின் அருகே வைக்கப்பட்டுள்ள QR குறியீட்டை ஸ்கேன் செய்வதன் மூலம் பொருள்கள் அல்லது கலைப்பொருட்கள் பற்றிய அனைத்து விவரங்களையும் சேகரிக்க அனுமதிக்கிறது.",
               "schemeDesc":"ஜடான் ஒரு மெய்நிகர் அருங்காட்சியக பில்டர் மென்பொருளாகும், இது இந்திய அருங்காட்சியகங்களுக்கான டிஜிட்டல் சேகரிப்பு மேலாண்மை முறையை உருவாக்க உதவுகிறது மற்றும் இந்தியா முழுவதும் பல தேசிய அருங்காட்சியகங்களில் பயன்படுத்தப்படுகிறது. ஸ்மார்ட் கம்ப்யூட்டிங் மேம்பாட்டு மையம் (சி-டிஏசி) மனித மையங்கள் வடிவமைப்பு மற்றும் கணினி குழு வடிவமைத்து உருவாக்கியது. ) புனே. ஜடான் மென்பொருளைப் பயன்படுத்தி உருவாக்கப்பட்ட டிஜிட்டல் முத்திரைகள் (பாதுகாக்கப்பட்ட பொருள்கள் மற்றும் நினைவுச்சின்னங்கள்) தேசிய டிஜிட்டல் களஞ்சியத்திலும் போர்ட்டலிலும் ஒருங்கிணைக்கப்பட்டு அவற்றை பொதுமக்களுக்கு அணுகக்கூடியதாக ஆக்குகின்றன. ஸ்மார்ட் கம்ப்யூட்டிங் மேம்பாட்டு மையம் (சி-டிஏசி) புனே, “தர்ஷக்” என்ற மொபைல் அடிப்படையிலான பயன்பாட்டை உருவாக்கியுள்ளது. இந்த திட்டம் அமைச்சின் நிர்வாக கட்டுப்பாட்டில் உள்ளது. தேதி வரை 1,08,881 கலைப் பொருட்கள் டிஜிட்டல் மயமாக்கப்பட்டு போர்ட்டலில் பதிவேற்றப்படுகின்றன. இந்த அமைச்சின் கீழ் 6 அருங்காட்சியகங்கள் உள்ளன.",
               "schemeEligiiblity":"இந்திய அருங்காட்சியகங்களுக்கான தேசிய களஞ்சியம் மற்றும் போர்டல் என்பது மெய்நிகர் அருங்காட்சியகத்தின் ஒரு எடுத்துக்காட்டு ஆகும், இது பத்து தேசிய அருங்காட்சியகங்களுக்கு ஆன்லைன் அணுகலை வெவ்வேறு புவியியல் இடங்களில் வைக்கிறது. இத்தகைய மெய்நிகர் அருங்காட்சியகங்கள் இப்போது வகுப்பறைகளில் நேரடியாக அணுகப்படுகின்றன. மெய்நிகர் அருங்காட்சியகங்கள் மாணவர்களுக்கு பயனளிக்கும் வகையில் பல்வேறு கற்றல் வளங்களை வழங்குவதற்காக பள்ளி கல்வியுடன் இணைக்கப்படலாம்.",
               "schemeTargetGroup":"அருங்காட்சியக அனுபவத்தை புரட்சிகரமாக்க.",
               "schemeMiscDetails":"மேலும் பல தகவல்களுக்கு https://www.india.gov.in/spotlight/national-digital-repository-museums-india",
               "schemeDepartments":"கலாச்சாரத் துறை"   
             },
             {
               "schemeUiId":"M_0011_S_009",
               "schemeName":"ஆதர்ஷ் ஸ்மரக்",
               "schemeObj":"நாட்டின் கலாச்சார பாரம்பரியத்தை மேம்படுத்துதல், பாதுகாத்தல் மற்றும் பாதுகாத்தல் ஆகியவற்றை கலாச்சார அமைச்சகம் நோக்கமாகக் கொண்டுள்ளது. அதே நோக்கத்திற்காக, ஆதர்ஷ் ஸ்மரக் திட்டம் தொடங்கப்பட்டுள்ளது. மேம்பட்ட பார்வையாளர் வசதிகளை வழங்குவதற்காக, குறிப்பாக உடல் ரீதியான சவால் அடைந்தவர்களுக்கு இந்த திட்டம் 26 டிசம்பர் 2014 அன்று தொடங்கப்பட்டது. இந்தத் திட்டம் ‘கலாச்சார அமைச்சின்’ கீழ் வருகிறது.",
               "schemeDesc":"மேம்படுத்தப்பட்ட பார்வையாளர் வசதிகளை வழங்குவதற்காக, குறிப்பாக உடல் ரீதியான சவால், தூய்மை, குடிநீர் மற்றும் விளக்க மையங்கள், சிற்றுண்டிச்சாலை, நினைவு பரிசு கடை, வைஃபை, குப்பை அகற்றுதல் போன்றவற்றுக்காக இந்த திட்டம் 2014 டிசம்பர் 26 அன்று தொடங்கப்பட்டது. இந்த தளங்களில். டிசம்பர் 26, 2014 அன்று 25 ஏஎஸ்ஐ தளங்கள் “ஆதர்ஷ் ஸ்மாரக்” என தொடங்கப்பட்டன. ஏ.எஸ்.ஐ.யால் பாதுகாக்கப்பட்ட மேலும் 75 ஆதர்ஷ் நினைவுச்சின்னங்கள் அடையாளம் காணப்பட்டு “ஆதர்ஷ் ஸ்மாரக்” பட்டியலில் சேர்க்கப்பட்டுள்ளன, மேலும் அவை 'ஸ்வச் பரியதன் மொபைல் ஆப்' இல் சேர்க்கப்பட்டுள்ளன. சுற்றுலா அமைச்சினால் தொடங்கப்பட்டது. இதன் மூலம் ASI ஆல் பாதுகாக்கப்பட்ட மொத்தம் 100 நினைவுச்சின்னங்கள் ஆதர்ஷ் நினைவுச்சின்னங்களாக உருவாக்கப்பட்டு பராமரிக்கப்படுகின்றன.",
               "schemeEligiiblity":"பார்வையாளர்களுக்கு ஆன்லைன் முன்பதிவு வசதியை வழங்கும் நோக்கில் கனரா வங்கியுடன் ஒருங்கிணைந்து மின் டிக்கெட் வசதி தொடங்கப்பட்டுள்ளது. மேலும், முன்னர் நடைமுறையில் இருந்த கையேடு டிக்கெட் முறையுடன் ஒப்பிடும்போது இந்த வசதி குறைந்த விலை என்பதை நிரூபிக்கிறது.",
               "schemeTargetGroup":"நினைவுச்சின்ன பார்வையாளரை நட்பாக மாற்ற. வாஷ்ரூம்கள், குடிநீர், சிக்னேஜ்கள், சிற்றுண்டிச்சாலை மற்றும் வைஃபை வசதியை மேம்படுத்த / வழங்க. விளக்கம் மற்றும் ஆடியோ வீடியோ மையங்களை வழங்க. கழிவு நீர் மற்றும் குப்பைகளை அகற்றுவது மற்றும் மழைநீர் சேகரிப்பு முறையை சீராக்க. நினைவுச்சின்னத்தை மாற்றுத்திறனாளிகளுக்கு அணுக வைக்க. ஸ்வச் பாரத் அபியனை செயல்படுத்த. பாதுகாப்பு மற்றும் பாதுகாப்பை வழங்க.",
               "schemeMiscDetails":"மேலும் பல தகவல்களுக்கு http://pibarchive.nic.in/ndagov/Comprehensive-Materials/compr32.pdf",
               "schemeDepartments":"கலாச்சாரத் துறை"   
             },
         ]
      },
         ]
      },
   