{
   "ListOfMinistries":[
      {
         "ministryId":1,
         "ministryName":"பாதுகாப்பு அமைச்சகம்",
         "ministrySchemesList":[
        {
               "schemeUiId":"M_007_S_001",
               "schemeName":"ஒரு தரவரிசை ஒரு ஓய்வூதிய திட்டம்",
               "schemeObj":"OROP என்பது ஓய்வுபெற்ற தேதியைப் பொருட்படுத்தாமல், அதே பதவியில் இருந்து ஓய்வுபெறும் ஆயுதப்படை வீரர்களுக்கு ஒரே மாதிரியான ஓய்வூதியம் வழங்கப்பட வேண்டும் என்பதைக் குறிக்கிறது. ஓய்வூதிய விகிதங்களில் எதிர்கால மேம்பாடுகள் தானாகவே கடந்த ஓய்வூதியதாரர்களுக்கு அனுப்பப்படும். தற்போதைய மற்றும் கடந்தகால ஓய்வூதியதாரர்களின் ஓய்வூதிய விகிதத்திற்கு இடையிலான இடைவெளியை குறிப்பிட்ட இடைவெளியில் கட்டுப்படுத்துவதை இது குறிக்கிறது.",
               "schemeDesc":"இதை பாதுகாப்பு அமைச்சர் ஸ்ரீ மனோகர் பாரிக்கர் அறிவித்தார். பிரதமர் ஸ்ரீ நரேந்திர மோடி, பல்வேறு சந்தர்ப்பங்களில், இராணுவ ஓய்வூதியத்தின் கீழ் முன்னாள் படைவீரர்களுக்கான OROP ஐ நடைமுறைப்படுத்துவதற்கான அரசாங்கத்தின் உறுதிப்பாட்டை மீண்டும் வலியுறுத்தியுள்ளார். மேலே குறிப்பிட்டுள்ளபடி, முந்தைய அரசாங்கம் OROP வெறும் ரூ. 500 கோடி. இருப்பினும், உண்மை என்னவென்றால், OROP ஐ செயல்படுத்த, கருவூலத்திற்கு மதிப்பிடப்பட்ட செலவு ரூ. தற்போது 8,000 முதல் 10,000 கோடி வரை, எதிர்காலத்தில் மேலும் அதிகரிக்கும்.",
               "schemeEligiiblity":"விதியின் கீழ் தங்கள் சொந்த கோரிக்கையின் பேரில் 07.11.2015 க்குப் பிறகு டிஸ்சார்ஜ் செய்ய விரும்பும் பணியாளர்கள் 13(3)1(i) (பி), 13(3)1(iv) அல்லது இராணுவ விதி 1954 இன் விதி 16 பி அல்லது அதற்கு சமமான கடற்படை அல்லது விமானப்படை விதிகள் OROP இன் நன்மைகளுக்கு உரிமை பெறாது",
               "schemeTargetGroup":"பாதுகாப்பு படைகள் மற்றும் முன்னாள் படைவீரர்",
               "schemeMiscDetails":"மேலும் பல தகவல்களுக்கு https://pib.gov.in/newsite/PrintRelease.aspx?relid=138646",
               "schemeDepartments":"முன்னாள் படைவீரர் நலத்துறை"
            },
            {
               "schemeUiId":"M_007_S_002",
               "schemeName":"மிஷன் ரக்ஷா ஞான சக்தி",
               "schemeObj":"இந்திய பாதுகாப்பு உற்பத்தி சுற்றுச்சூழல் அமைப்பில் அறிவுசார் சொத்து (ஐபி) கலாச்சாரத்தை வளர்க்கும் நோக்கத்துடன் இது தொடங்கப்பட்டது.",
               "schemeDesc":"ரக்ஷா மந்திரி திருமதி நிர்மலா சீதாராமன் முறையாக ‘மிஷன் ரக்ஷா ஞான சக்தியை’ தொடங்கினார். இந்த நிகழ்வில் பாதுகாப்பு ஆராய்ச்சி மற்றும் மேம்பாட்டு அமைப்பு (டிஆர்டிஓ), பாதுகாப்பு பொதுத்துறை நிறுவனங்கள் (டிபிஎஸ்யுக்கள்) மற்றும் ஆர்ட்னன்ஸ் தொழிற்சாலைகள் (ஓஎஃப்) ஆகியவற்றால் அடையப்பட்ட முக்கிய கண்டுபிடிப்புகள் மற்றும் புதுமைகள் காட்சிப்படுத்தப்பட்டன, இதன் விளைவாக அறிவுசார் சொத்துரிமை (ஐபிஆர்) விண்ணப்பங்கள் வெற்றிகரமாக தாக்கல் செய்யப்பட்டன. தேசத்திற்கு பயனுள்ள தயாரிப்புகளை கண்டுபிடித்து கண்டுபிடித்த சில விஞ்ஞானிகளை திருமதி. இது தொடர்பாக எதிர்காலத்திற்கான ஒரு மூலோபாயத்தை வகுக்க அனைத்து டி.பி.எஸ்.யுக்களின் தலைவர் மற்றும் நிர்வாக இயக்குநர்களின் பங்கேற்புடன் குழு விவாதம் நடைபெற்றது.",
               "schemeEligiiblity":"ஐபிஆரில் ஆர்ட்னன்ஸ் தொழிற்சாலைகள் (OF கள்) மற்றும் பாதுகாப்பு பொதுத்துறை நிறுவனங்கள் (டிபிஎஸ்யு) 10,000 பணியாளர்களுக்கு பயிற்சி அளிக்கபடும்",
               "schemeTargetGroup":"பாதுகாப்பு படைகள்",
               "schemeMiscDetails":"மேலும் பல தகவல்களுக்கு https://pib.gov.in/newsite/PrintRelease.aspx?relid=185978",
               "schemeDepartments":"பாதுகாப்பு உற்பத்தித் துறை"
            },
              {
               "schemeUiId":"M_007_S_003",
               "schemeName":"II திட்டத்தை உருவாக்குங்கள்",
               "schemeObj":"இந்தியத் தொழில்துறையின் பரந்த பங்களிப்பு, எம்.எஸ்.எம்.இ / ஸ்டார்ட்-அப் துறைக்கு உந்துதல், எளிமைப்படுத்தப்பட்ட செயல்படுத்தல் மற்றும் இந்திய ஆயுதப் படைகளில் சரியான நேரத்தில் உபகரணங்களைத் தூண்டுவது ஆகியவற்றுடன் ‘மேக்- II’ பிப்ரவரி 2016 இல் அறிவிக்கப்பட்டது.",
               "schemeDesc":"பாதுகாப்பில் 'மேக் இன் இந்தியா'வுக்கு ஒரு பெரிய ஊக்கமாக, ரக்ஷா மந்திரி திருமதி நிர்மலா சீதாராமன் தலைமையிலான பாதுகாப்பு கையகப்படுத்தல் கவுன்சில், 16 ஜனவரி 2018 அன்று தனது கூட்டத்தில், எளிமைப்படுத்தப்பட்ட' மேக்- II 'நடைமுறையை தெளிவுபடுத்தியுள்ளது, இது அதிக அளவில் பங்கேற்க உதவும் பாதுகாப்பு உபகரணங்களை கையகப்படுத்தும் தொழில். இந்த செயல்முறை மாற்று இறக்குமதி மற்றும் புதுமையான தீர்வுகளை ஊக்குவிக்க பெரிதும் உதவும். இந்த எளிமைப்படுத்தப்பட்ட ‘மேக்- II’ நடைமுறை பாதுகாப்பு கொள்முதல் நடைமுறையில் (டிபிபி) -2016 இல் இருக்கும் ‘செய்முறை நடைமுறை’ திருத்தப்படும்.",
               "schemeEligiiblity":"இணைப்பு II இன் படி தகுதியான டொமைன் / பிரிவின் கீழ் தொழில்துறை கொள்கை மற்றும் ஊக்குவிப்புத் துறையால் (டிஐபிபி) அங்கீகரிக்கப்பட்ட தொடக்க நிறுவனங்கள் பங்கேற்க தகுதியுடையவை",
               "schemeTargetGroup":"தொழில்துறை கொள்கை மற்றும் விளம்பரத்தால் அங்கீகரிக்கப்பட்ட தொடக்கங்கள்.",
               "schemeMiscDetails":"மேலும் பல தகவல்களுக்கு https://www.makeinindiadefence.gov.in/projects/index/2",
               "schemeDepartments":"பாதுகாப்புத் துறை"
            },
         ]
      },
         ]
      },
   