{
   "ListOfMinistries":[
      {
         "ministryId":1,
         "ministryName":"விண்வெளித் துறை அமைச்சகம்",
         "ministrySchemesList":[
        {
               "schemeUiId":"M_0013_S_001",
               "schemeName":"புவன் இஸ்ரோவின் ஜியோபோர்டல்",
               "schemeObj":"இஸ்ரோவின் ஜியோ-போர்டல், புவன் பொது களத்தில் உள்ள பயனர்களுக்கு காட்சிப்படுத்தல் சேவைகள் மற்றும் பூமி கண்காணிப்பு தரவை வழங்குவதை நோக்கமாகக் கொண்டுள்ளது. தவிர, போர்டல் பல பயனர்களுக்கு அவர்களின் தொலைநிலை உணர்திறன் பயன்பாட்டு தேவைகளுக்காக சேவை செய்கிறது. புவன் 2009 ஆம் ஆண்டில் செயற்கைக்கோள் தரவின் எளிய காட்சி மற்றும் அடிப்படை ஜி.ஐ.எஸ் செயல்பாட்டைக் கொண்டு காட்சி செயல்பாட்டில் பல கருப்பொருள் வரைபடங்களுடன் காட்சி செயல்பாடுகளில் பல கருப்பொருள் வரைபடங்களுடன் ஒரு சுமாரான தொடக்கத்தை உருவாக்கினார்",
               "schemeDesc":"மத்திய கிழக்கு மாநில அமைச்சர் (I / C) வடகிழக்கு பிராந்திய அபிவிருத்தி அமைச்சகம், MoS PMO, பணியாளர்கள், பொது குறைகள் மற்றும் ஓய்வூதியங்கள், அணுசக்தி மற்றும் விண்வெளி, டாக்டர் ஜிதேந்திர சிங், புவன் பஞ்சாயத்து வி 3.0 வலை இணையதளத்தை பெங்களூரில் தொடங்கினர். “பரவலாக்கப்பட்ட திட்டமிடல் புதுப்பிப்புக்கான விண்வெளி அடிப்படையிலான தகவல் ஆதரவு” குறித்த தேசிய பட்டறையைத் திறந்து வைத்த பின்னர் பேசிய அமைச்சர், போர்ட்டலை உருவாக்குவதில் இஸ்ரோ மேற்கொண்ட முயற்சியைப் பாராட்டினார், மேலும் விண்வெளி தொழில்நுட்பம் சாமானியர்களின் வீடுகளை அடைந்துள்ளது என்றும் கூறினார். அவர் மேலும் கூறுகையில், விண்வெளி தொழில்நுட்பம் சாமானிய மனிதர்களின் வாழ்க்கைக்கு எளிதானது. விண்வெளி தொழில்நுட்பத்தில் பல்வேறு துறைகளில் பயன்பாடுகள் உள்ளன, என்றார். அரசாங்கத்தின் முயற்சிகள் இந்திய விண்வெளி திட்டத்தை உயர்த்தியுள்ளன, என்றார். விக்ரம் சரபாயின் பார்வை நிறைவேறியுள்ளது என்று அமைச்சர் மேலும் கூறினார்.",
               "schemeEligiiblity":"இது பல நிறுவனங்களால் பயன்படுத்தப்படும் பொது களத்தில் உள்ள ஒரு சேவையாகும்.",
               "schemeTargetGroup":"பொது, பி.ஆர்.ஐ.க்கள் மற்றும் கிராம பஞ்சாயத்துகளைச் சேர்ந்த பல்வேறு பங்குதாரர்கள்",
               "schemeMiscDetails":"மேலும் பல தகவல்களுக்கு www.bhuvan.nrsc.gov.in",
               "schemeDepartments":"விண்வெளித் துறை"
            },
            {
               "schemeUiId":"M_0013_S_002",
               "schemeName":"யுவ விகியானி காரியக்ரம் (யுவிகா)",
               "schemeObj":"இந்த திட்டம் முதன்மையாக விண்வெளி தொழில்நுட்பங்கள், விண்வெளி அறிவியல் மற்றும் விண்வெளி பயன்பாடுகள் குறித்த அடிப்படை அறிவை இளையவர்களுக்கு விண்வெளி நடவடிக்கைகளில் வளர்ந்து வரும் பகுதிகளில் ஆர்வத்தைத் தூண்டும் நோக்கத்துடன் வழங்குவதை நோக்கமாகக் கொண்டுள்ளது. இவ்வாறு நமது தேசத்தின் எதிர்கால கட்டுமானத் தொகுதிகளாக இருக்கும் இளைஞர்களிடையே விழிப்புணர்வை ஏற்படுத்துவதை நோக்கமாகக் கொண்டுள்ளது. 'அவர்களை இளமையாகப் பிடிக்க' இஸ்ரோ இந்த திட்டத்தை வகுத்துள்ளது",
               "schemeDesc":"இந்திய விண்வெளி ஆராய்ச்சி அமைப்பு (இஸ்ரோ) பள்ளி குழந்தைகளுக்காக “இளம் விஞ்ஞானி திட்டம்” “யுவ விக்யானி கரியக்ரம்” என்ற சிறப்பு திட்டத்தை இந்த ஆண்டு முதல் அறிமுகப்படுத்தியுள்ளது. இஸ்ரோ அந்தந்த மாநிலங்களின் தலைமைச் செயலாளர்களை / இந்தியாவின் யூனியன் பிரதேசங்களின் நிர்வாகிகளை அணுகி, அவர்களின் ஒவ்வொரு மாநில / யூடியிலிருந்தும் மூன்று மாணவர்களைத் தேர்ந்தெடுப்பதற்கும், பட்டியலை இஸ்ரோவுக்குத் தெரிவிப்பதற்கும் ஏற்பாடு செய்துள்ளது. தேர்வு கல்வி செயல்திறன் மற்றும் சாராத செயல்பாடுகளின் அடிப்படையில் அமைந்துள்ளது, இது ஏற்கனவே மாநிலங்களின் தலைமை செயலாளர்கள் / யூ.டி.க்களின் நிர்வாகிகளுக்கு விநியோகிக்கப்பட்ட தேர்வு அளவுகோல்களில் தெளிவாக குறிப்பிடப்பட்டுள்ளது. கிராமப்புறத்தைச் சேர்ந்த மாணவர்களுக்கு தேர்வு அளவுகோல்களில் சிறப்பு வெயிட்டேஜ் வழங்கப்பட்டுள்ளது. ஒவ்வொரு மாநிலத்திலிருந்தும் தேர்ந்தெடுக்கப்பட்ட வேட்பாளர்களின் பட்டியல் 2019 மார்ச் இறுதிக்குள் எதிர்பார்க்கப்படுகிறது. கிராமப்புறத்தைச் சேர்ந்த மாணவர்களுக்கு தேர்வு அளவுகோல்களில் சிறப்பு வெயிட்டேஜ் வழங்கப்பட்டுள்ளது.",
               "schemeEligiiblity":"8 ஆம் வகுப்பு முடித்து, தற்போது 9 ஆம் வகுப்பில் பயின்றவர்கள் இந்த திட்டத்திற்கு தகுதி பெறுவார்கள். OCI (ஓவர்சீஸ் சிட்டிசன் ஆஃப் இந்தியா) உட்பட இந்தியாவில் படிக்கும் மாணவர்களும் இந்த திட்டத்திற்கு தகுதியானவர்கள்.",
               "schemeTargetGroup":"சிபிஎஸ்இ, ஐசிஎஸ்இ மற்றும் மாநில பாடத்திட்டங்களை உள்ளடக்கிய இந்த திட்டத்தில் பங்கேற்க ஒவ்வொரு மாநில / யூனியன் பிரதேசத்திலிருந்து தலா 3 மாணவர்கள் தேர்வு செய்யப்படுவார்கள்.",
               "schemeMiscDetails":"மேலும் பல தகவல்களுக்கு https://www.isro.gov.in/update/26-mar-2019/young-scientist-programme-yuvika-online-registration",
               "schemeDepartments":"விண்வெளித் துறை"
            },
              {
               "schemeUiId":"M_0013_S_003",
               "schemeName":"யுனாட்டி திட்டம்",
               "schemeObj":"நானோசாட்லைட்டுகளை உருவாக்குவதிலும் சோதனை செய்வதிலும் கைநிறைய அனுபவத்தை வழங்குவதன் மூலம் பங்கேற்கும் நாடுகளுக்கான செயற்கைக்கோள் தொழில்நுட்பத்தில் திறன் மேம்பாட்டை இந்த திட்டம் நோக்கமாகக் கொண்டுள்ளது",
               "schemeDesc":"முதல் 2018 ஆம் ஆண்டின் 50 வது ஆண்டு நிறைவைக் கொண்டாடும் விதமாக, 2018 ஆம் ஆண்டு ஜூன் மாதம் சட்டசபை, ஒருங்கிணைப்பு மற்றும் சோதனை (ஏஐடி) குறித்த கோட்பாட்டு பாடநெறிகள் மற்றும் கைநிறைய பயிற்சி ஆகியவற்றின் மூலம் நானோசாடெலைட்டுகள் மேம்பாடு குறித்த திறன் மேம்பாட்டுத் திட்டத்தை இந்தியா அறிவித்தது. ஐக்கிய தேசிய மாநாடு UNISPACE + 50. செயற்கைக்கோள் கட்டமைப்பிற்கான இஸ்ரோவின் முன்னணி மையமாக இருக்கும் யு ஆர் ராவ் சேட்டிலைட் சென்டர் (யுஆர்எஸ்சி) இந்த திட்டத்தின் அடிப்படை கட்டமைப்பை கோட்பாட்டு மற்றும் நடைமுறை வெளிப்பாடுகளுக்கு சமமான முக்கியத்துவத்துடன் வடிவமைத்துள்ளது",
               "schemeEligiiblity":"நானோசாடலைட்டின் ஒன்றுகூடுதல், ஒருங்கிணைத்தல் மற்றும் சோதனை ஆகியவற்றில் வலுப்படுத்த பங்கேற்கும் வளரும் நாடுகளுக்கு இந்த திட்டம் வாய்ப்புகளை வழங்குகிறது.",
               "schemeTargetGroup":"யுனாட்டி திட்டம் 3 ஆண்டுகளாக 3 ஆண்டுகளாக இஸ்ரோ நடத்த திட்டமிடப்பட்டுள்ளது, மேலும் 45 நாடுகளைச் சேர்ந்த 90 அதிகாரிகளுக்கு பயனளிக்கும்.",
               "schemeMiscDetails":"மேலும் பல தகவல்களுக்கு  https://pib.gov.in/newsite/PrintRelease.aspx?relid=177280 ",
               "schemeDepartments":"விண்வெளித் துறை"
            },
         ]
      },
         ]
      },
   