{
   "ListOfMinistries":[
      {
         "ministryId":1,
         "ministryName":"பூமி அறிவியல் அமைச்சகம்",
         "ministrySchemesList":[
        {
               "schemeUiId":"M_0015_S_001",
               "schemeName":"தேசிய பருவமழை",
               "schemeObj":"நாடு முழுவதும் செயல்பாட்டு பருவமழை முன்னறிவிப்பு திறனை மேம்படுத்துவதற்காக தேசிய மற்றும் சர்வதேச கல்வி மற்றும் ஆர் & டி நிறுவனங்கள் மற்றும் செயல்பாட்டு முகவர் நிறுவனங்களுக்கிடையில் ஒரு கூட்டு கூட்டணியை உருவாக்குவதே முக்கிய நோக்கங்கள். முன்கணிப்பு திறனை மேம்படுத்துவதற்கான கலை டைனமிக் மாடலிங் கட்டமைப்பின் நிலையை அமைக்க: பருவகால மற்றும் நீட்டிக்கப்பட்ட வரம்பு முன்கணிப்பு அமைப்பு (16 நாட்கள் முதல் ஒரு பருவம் வரை) மற்றும் குறுகிய முதல் நடுத்தர வரம்பு முன்கணிப்பு அமைப்பு (15 நாட்கள் வரை).",
               "schemeDesc":"வெவ்வேறு கால அளவுகளில் பருவமழை பெய்யும் வகையில் அதிநவீன இயக்கவியல் முன்கணிப்பு முறையை உருவாக்கும் நோக்கத்துடன் பூமி அறிவியல் அமைச்சகம் (MoES) 2012 இல் என்.எம்.எம். இந்த பணியை நிறைவேற்றுவதற்கும் ஒருங்கிணைப்பதற்கும் பொறுப்பானது புனேவின் இந்திய வெப்பமண்டல வானிலை ஆய்வு நிறுவனத்திற்கு (ஐ.ஐ.டி.எம்) வழங்கப்பட்டுள்ளது. அமெரிக்காவின் காலநிலை முன்னறிவிப்பு அமைப்பு (சி.எஃப்.எஸ்) மேற்கூறிய நோக்கத்திற்கான அடிப்படை மாடலிங் அமைப்பாக அடையாளம் காணப்பட்டுள்ளது, ஏனெனில் இது தற்போது கிடைக்கக்கூடிய இணைந்த மாடல்களில் மிகச் சிறந்த ஒன்றாகும்.",
               "schemeEligiiblity":"குறுகிய, நடுத்தர, நீட்டிக்கப்பட்ட மற்றும் பருவகால வரம்பு அளவீடுகளில் பொருத்தமான இடஞ்சார்ந்த அளவீடுகளில் மாதிரிகளை மேம்படுத்துவதற்கான உறுதியான குறிக்கோள்கள் மற்றும் வழங்கக்கூடிய தேசிய மற்றும் சர்வதேச ஆராய்ச்சி குழுக்களின் கவனம் செலுத்திய ஆராய்ச்சியை மிஷன் ஆதரிக்கும்.",
               "schemeTargetGroup":"விவசாயம், நீர்வள மேலாண்மை, மின் உற்பத்தி மற்றும் இயற்கை சுற்றுச்சூழல் அமைப்புகள்",
               "schemeMiscDetails":"மேலும் பல தகவல்களுக்கு https://pib.gov.in/newsite/PrintRelease.aspx?relid=82685",
               "schemeDepartments":"இந்திய வானிலை ஆய்வு துறை"
            },
            {
               "schemeUiId":"M_0015_S_002",
               "schemeName":"ACROSS திட்டம் - வளிமண்டலம் மற்றும் காலநிலை ஆராய்ச்சி-மாடலிங் அவதானிக்கும் அமைப்புகள் மற்றும் சேவைகள்.",
               "schemeObj":"இத்திட்டம் மேம்பட்ட வானிலை, காலநிலை மற்றும் கடல் முன்னறிவிப்பு மற்றும் சேவைகளை வழங்கும், இதன் மூலம் பொது வானிலை சேவை, பேரிடர் மேலாண்மை, வேளாண் வானிலை சேவைகள், விமான சேவைகள், சுற்றுச்சூழல் கண்காணிப்பு சேவைகள், நீர்-வானிலை சேவைகள், காலநிலை போன்ற பல்வேறு சேவைகளுக்கு விரைவான நன்மைகளை மாற்றுவதை உறுதி செய்யும். சேவைகள், சுற்றுலா, யாத்திரை, மின் உற்பத்தி, நீர் மேலாண்மை, விளையாட்டு மற்றும் சாகச போன்றவை",
               "schemeDesc":"பிரதமர் ஸ்ரீ நரேந்திர மோடி தலைமையிலான பொருளாதார விவகாரங்களுக்கான அமைச்சரவைக் குழு, 2017-2020 காலப்பகுதியில் 'வளிமண்டலம் மற்றும் காலநிலை ஆராய்ச்சி-மாடலிங் கண்காணிப்பு அமைப்புகள் மற்றும் சேவைகள் (அக்ரோஸ்)' என்ற குடைத் திட்டத்தின் ஒன்பது துணைத் திட்டங்களைத் தொடர ஒப்புதல் அளித்துள்ளது. ரூ. 1450 கோடி. ACROSS திட்டம் பூமி அறிவியல் அமைச்சகத்தின் (MoES) வளிமண்டல அறிவியல் திட்டங்களுடன் தொடர்புடையது மற்றும் வானிலை மற்றும் காலநிலை சேவைகளின் பல்வேறு அம்சங்களை விளக்குகிறது, இதில் சூறாவளி, புயல் தாக்கம், வெப்ப அலைகள், இடியுடன் கூடிய எச்சரிக்கைகள் உள்ளன. இந்த அம்சங்கள் ஒவ்வொன்றும் ஒன்பது என இணைக்கப்பட்டுள்ளன 'ACROSS' என்ற குடைத் திட்டத்தின் கீழ் துணைத் திட்டங்கள் மற்றும் மேற்கூறிய நான்கு நிறுவனங்கள் மூலம் ஒருங்கிணைந்த முறையில் செயல்படுத்தப்படுகின்றன. ACROSS திட்டம் ஒன்பது துணை நிரல்களைக் கொண்டுள்ளது, அவை பல ஒழுங்கு மற்றும் பல நிறுவன இயல்புடையவை மற்றும் அவை IMD, HIM, NCMRWF மற்றும் INCOIS மூலம் ஒருங்கிணைந்த முறையில் செயல்படுத்தப்படும்.",
               "schemeEligiiblity":"இறுதி பயனருக்கு வானிலை அடிப்படையிலான சேவைகள், ஐ.சி.ஏ.ஆர், பல்கலைக்கழகங்கள் மற்றும் உள்ளூர் நகராட்சிகளின் கிருஷி விஜியானா கேந்திரங்கள் போன்ற ஏராளமான ஏஜென்சிகள் பலருக்கு வேலை வாய்ப்புகளை உருவாக்குவதில் கயிறு கட்டியுள்ளன.",
               "schemeTargetGroup":"இது தேவையான நிர்வாக ஆதரவோடு கணிசமான எண்ணிக்கையிலான அறிவியல் மற்றும் தொழில்நுட்ப ஊழியர்களையும் வழங்கும், இதன் மூலம் வேலைவாய்ப்பை உருவாக்கும்.",
               "schemeMiscDetails":"மேலும் பல தகவல்களுக்கு https://pib.gov.in/PressReleasePage.aspx?PRID=1553405",
               "schemeDepartments":"பூமி அறிவியல் துறை"
            },
              {
               "schemeUiId":"M_0015_S_003",
               "schemeName":"SAFAR - காற்றின் தரம் மற்றும் வானிலை முன்னறிவிப்பு மற்றும் ஆராய்ச்சி முறை",
               "schemeObj":"நிகழ்நேர தரவு உருவாக்கம், மாடலிங் மற்றும் காற்றின் தரம் மற்றும் வானிலை துறையில் குறுகிய கால கணிப்புகளில் ஈடுபட்டுள்ள விஞ்ஞானிகள், வல்லுநர்கள், பயிற்சியாளர்கள் மற்றும் முடிவெடுப்பவர்களை ஒன்றிணைப்பதை SAFAR கருத்தரங்கு நோக்கமாகக் கொண்டுள்ளது. மாநிலம், காற்றின் தரம் மற்றும் வானிலை முன்னறிவிப்பில் சவால்கள் மற்றும் இந்த துறையில் எதிர்கால நிகழ்ச்சி நிரலை அமைத்தல்.",
               "schemeDesc":"மத்திய அமைச்சர் டாக்டர் ஹர்ஷ் வர்தன் ஒரு அதிநவீன காற்றின் தரம் மற்றும் வானிலை முன்னறிவிப்பு அமைப்பு– சஃபர் (காற்றின் தரம் மற்றும் வானிலை முன்னறிவிப்பு முறை) டெல்லியில் உள்ள சாந்தினி ச k க்கில் வெளியிட்டார். மாபெரும் உண்மையான வண்ண எல்.ஈ.டி டிஸ்ப்ளே நிகழ்நேர காற்றின் தர குறியீட்டை 24 × 7 அடிப்படையில் வண்ண குறியீட்டுடன் 72 மணி நேர முன்னறிவிப்புடன் வழங்குகிறது. இந்த அமைப்பு டெல்லியில் இந்தியாவின் முதல் காற்று தர ஆரம்ப எச்சரிக்கை அமைப்பு செயல்பாட்டின் ஒருங்கிணைந்த பகுதியாக இருக்கும், மேலும் தற்போதுள்ள SAFAR இன் காற்று தர நெட்வொர்க்கை பலப்படுத்தும். இந்த முறை, நாட்டில் முதன்முதலில், புனேவின் இந்திய வெப்பமண்டல வானிலை ஆய்வு நிறுவனத்தால் சாதனை நேரத்தில் உள்நாட்டில் உருவாக்கப்பட்டது மற்றும் இந்திய வானிலை ஆய்வுத் துறை (ஐஎம்டி) செயல்படுத்தியது.",
               "schemeEligiiblity":"SAFAR பொது விழிப்புணர்வையும் காற்று மாசுபாடு மற்றும் வானிலை உச்சநிலையையும் தயார் செய்யும்.",
               "schemeTargetGroup":"விவசாயம், விமான போக்குவரத்து, உள்கட்டமைப்பு, பேரிடர் மேலாண்மை திறன், சுற்றுலா மற்றும் பல.",
               "schemeMiscDetails":"மேலும் பல தகவல்களுக்கு https://pib.gov.in/newsite/printrelease.aspx?relid=180824",
               "schemeDepartments":"பூமி அறிவியல் துறை"
            },
             {
               "schemeUiId":"M_0015_S_004",
               "schemeName":"ஓ-ஸ்மார்ட் - பெருங்கடல் சேவைகள், தொழில்நுட்பம், அவதானிப்புகள், வளங்கள் மாடலிங் மற்றும் அறிவியல்",
               "schemeObj":"பெருங்கடல் அவதானிப்புகள் மற்றும் மாடலிங் பலப்படுத்துதல். மீனவர்களுக்கு பெருங்கடல் சேவைகளை வலுப்படுத்துதல். கடல் மாசுபாட்டைக் கண்காணிக்க கடல் கடலோர ஆய்வகங்களை அமைத்தல் 2018. காவரட்டியில் பெருங்கடல் வெப்ப ஆற்றல் மாற்றும் ஆலை (OTEC) அமைத்தல். கரையோர ஆராய்ச்சிக்காக 2 கரையோர ஆராய்ச்சி கப்பல்களைப் பெறுதல். பெருங்கடல் கணக்கெடுப்பின் தொடர்ச்சி மற்றும் கனிமங்கள் மற்றும் வாழ்க்கை வளங்களை ஆய்வு செய்தல். ஆழ்கடல் சுரங்கத்திற்கான தொழில்நுட்ப மேம்பாடு- ஆழமான சுரங்க அமைப்பு மற்றும் மனிதர்களால் நீரில் மூழ்கக்கூடியவை மற்றும் லட்சத்தீவில் ஆறு உப்புநீக்கும் ஆலைகளை அமைத்தல்.",
               "schemeDesc":"பிரதமர் ஸ்ரீ நரேந்திர மோடி தலைமையிலான பொருளாதார விவகாரங்களுக்கான அமைச்சரவைக் குழு, 2017 முதல் காலகட்டத்தில் செயல்படுத்த “கடல் சேவைகள், தொழில்நுட்பம், அவதானிப்புகள், வளங்கள் மாடலிங் மற்றும் அறிவியல் (ஓ-ஸ்மார்ட்)” என்ற குடை திட்டத்திற்கு ஒப்புதல் அளித்துள்ளது. 18 முதல் 2019-20 வரை ரூ .1623 கோடி செலவில். சேவைகள், தொழில்நுட்பம், வளங்கள், அவதானிப்புகள் மற்றும் அறிவியல் போன்ற கடல் மேம்பாட்டு நடவடிக்கைகளை நிவர்த்தி செய்யும் மொத்தம் 16 துணைத் திட்டங்களை இந்த திட்டம் உள்ளடக்கியுள்ளது. O-SMART இன் கீழ் வழங்கப்படும் சேவைகள் கடலோர மற்றும் கடல் துறைகளில் உள்ள பல பயனர் சமூகங்களுக்கு பொருளாதார நன்மைகளை வழங்கும், அதாவது மீன்வளம், கடல் தொழில், கடலோர மாநிலங்கள், பாதுகாப்பு, கப்பல் போக்குவரத்து, துறைமுகங்கள் போன்றவை. தற்போது, ​​ஐந்து லட்சம் மீனவர் சமூகம் பெறுகிறது இந்த தகவல் தினசரி மொபைல் மூலம் கடலோர நீரில் மீன் திறன் மற்றும் உள்ளூர் வானிலை நிலவரங்களை உள்ளடக்கியது. இது எரிபொருள் செலவில் சேமிப்பதன் விளைவாக மீனவர்களுக்கான தேடல் நேரத்தைக் குறைக்க உதவும்.",
               "schemeEligiiblity":"கடலோர மற்றும் கடல் துறைகளில் உள்ள பல பயனர் சமூகங்களுக்கு நன்மைகள், அதாவது மீன்வளம், கடல் தொழில், கடலோர மாநிலங்கள், பாதுகாப்பு, கப்பல் போக்குவரத்து, துறைமுகங்கள் போன்றவை",
               "schemeTargetGroup":"மீனவர் சமூகம்",
               "schemeMiscDetails":"மேலும் பல தகவல்களுக்கு  https://pib.gov.in/newsite/PrintRelease.aspx?relid=183117",
               "schemeDepartments":"பூமி அறிவியல் துறை"  
             },
         ]
      },
         ]
      },
   