{
   "ListOfMinistries":[
      {
         "ministryId":1,
         "ministryName":"Ministry of Earth Science",
         "ministrySchemesList":[
            {
               "schemeUiId":"M_0015_S_001",
               "schemeName":"National Monsoon Mission",
               "schemeObj":"The main objectives are to build a working partnership between the academic and R&D organisations both national and international and the operational agencies to improve the operational monsoon forecast skill over the country. To set up a state of the art dynamic modelling framework for improving the prediction skill of: Seasonal and extended range prediction system (16 days to one season) and Short to medium range prediction system (up to 15 days).",
               "schemeDesc":"Ministry of Earth Sciences (MoES) had launched NMM in 2012 with a vision to develop a state-of-the-art dynamical prediction system for monsoon rainfall on different time scales. The responsibility of execution and coordination of this mission is vested to the Indian Institute of Tropical Meteorology (IITM), Pune. Climate Forecast System (CFS) of USA has been identified as the basic modelling system for the above purpose, as it is one of the best among the currently available coupled models.",
               "schemeEligiiblity":"The Mission will support focused research by national and international research groups with definitive objectives and deliverables to improve the models in the short, medium, extended and seasonal range scales at appropriate spatial scales.",
               "schemeTargetGroup":"Agriculture, water resources management, power generation and natural ecosystems.",
               "schemeMiscDetails":"For further details visit https://pib.gov.in/newsite/PrintRelease.aspx?relid=82685",
               "schemeDepartments":"The Indian Meteorological Department"
            },
            {
               "schemeUiId":"M_0015_S_002",
               "schemeName":"ACROSS Scheme - Atmosphere & Climate Research-Modelling Observing Systems &Services.",
               "schemeObj":"The  scheme  will   provide  improved  weather,   climate  and   ocean   forecast  and services, thereby ensuring transfer of commensurate benefits to the various services like Public weather service, disaster management, Agro-meteorological Services, Aviation services, Environmental monitoring services, Hydro-meteorological services, climate services, tourism, pilgrimage, power generation, water management, Sports & adventure etc.",
               "schemeDesc":"The Cabinet Committee on Economic Affairs, chaired by the Prime Minister Shri Narendra Modi has approved continuation of the nine sub-schemes of the umbrella scheme 'Atmosphere & Climate Research-Modelling Observing Systems & Services (ACROSS)' during 2017-2020 at an estimated cost of Rs. 1450 crore. ACROSS scheme pertains to the atmospheric science programs of the Ministry of Earth Sciences (MoES) and addresses different aspects of weather and climate services, which includes warnings for cyclone, storm surges, heat waves, thunderstorms etc. Each of these aspects is incorporated as nine sub-schemes under the umbrella scheme 'ACROSS' and is implemented in an integrated manner through the aforesaid four institutes. The ACROSS scheme consists of nine sub-programmes which are multi disciplinary and multi institutional in nature and will be implemented in an integrated manner through IMD, HIM, NCMRWF and INCOIS.",
               "schemeEligiiblity":"The weather based services to the end -user, a large number of agencies like the Krishi Vigyana Kendras of ICAR, Universities and local municipalities are roped in thus generating employment opportunities to many people.",
               "schemeTargetGroup":"It will also provide a sizable number of scientific and technical staff along with requisite administrative support, thereby generating employment.",
               "schemeMiscDetails":"For further details visit https://pib.gov.in/PressReleasePage.aspx?PRID=1553405",
               "schemeDepartments":"Department of Earth Science"
            },
            {
               "schemeUiId":"M_0015_S_003",
               "schemeName":"SAFAR -System of Air Quality and Weather Forecasting And Research.",
               "schemeObj":"The SAFAR seminar aims at bringing together scientists, experts, practitioners and decision-makers involved in real time data generation, modelling and short term predictions in the field of air quality and weather to share evidence-based knowledge and experiences in order to discuss the current state, challenges in air quality and weather forecasting and to set the future agenda in the field.",
               "schemeDesc":"Union Minister Dr Harsh Vardhan unveiled a state-of-the-art Air Quality and Weather Forecast System– SAFAR (System of Air Quality and Weather Forecasting) at Chandni Chowk in Delhi. The giant true colour LED display gives out real-time air quality index on 24×7 basis with colour coding along with 72-hour advance forecast. The system will be an integral part of India’s first Air Quality Early Warning System operational in Delhi and will strengthen the existing air quality network of SAFAR. The system, first of its kind in the country, was developed indigenously in record time by Indian Institute of Tropical Meteorology, Pune and operationalized by India Meteorological Department (IMD).",
               "schemeEligiiblity":"SAFAR will accelarate public awareness and preparedness of air pollution and weather extremes.",
               "schemeTargetGroup":"Agriculture, aviation, infrastructure, disaster management skill, tourism and many others.",
               "schemeMiscDetails":"For further details visit https://pib.gov.in/newsite/printrelease.aspx?relid=180824",
               "schemeDepartments":"Department of Earth Science"
            },
             {
               "schemeUiId":"M_0015_S_004",
               "schemeName":"O-SMART - Ocean Services,Technology, Observations, Resources Modelling and Science",
               "schemeObj":"Strengthening of Ocean Observations and Modelling. Strengthening of Ocean Services for Fishermen. Setting up Marine Coastal Observatories for monitoring marine pollution in 2018. Setting up Ocean Thermal Energy Conversion Plant (OTEC) in Kavaratti. Acquisition of 2 Coastal Research Vessels for Coastal research. Continuation of Ocean Survey and Exploration of Minerals and Living Resources. Technology Development for Deep Ocean Mining- Deep Mining System and Manned Submersibles and Setting up Six Desalination Plants in Lakshadweep.",
               "schemeDesc":"The Cabinet Committee on Economic Affairs, chaired by the Prime Minister Shri Narendra Modi has given its approval for the umbrella scheme “Ocean Services, Technology, Observations, Resources Modelling and Science (O-SMART)”, for implementation during the period from 2017-18 to 2019-20 at an overall cost of Rs.1623 crore.  The scheme encompasses a total of 16 sub-projects addressing ocean development activities such as Services, Technology, Resources, Observations and Science. The services rendered under the O-SMART will provide economic benefits to a number of user communities in the coastal and ocean sectors, namely, fisheries, offshore industry, coastal states, Defence, Shipping, Ports etc.  Currently, five lakhs fishermen community are receiving this information daily through mobile which includes allocation of fish potential and local weather conditions in the coastal waters.  This will help in reducing the search time for fishermen resulting savings in the fuel cost. ",
               "schemeEligiiblity":"Benefits to a number of user communities in the coastal and ocean sectors, namely, fisheries, offshore industry, coastal states, defence, shipping, ports etc.",
               "schemeTargetGroup":"Fisherman community.",
               "schemeMiscDetails":"For further details visit https://pib.gov.in/newsite/PrintRelease.aspx?relid=183117",
               "schemeDepartments":"Department of Earth Science"   
             },
         ]
      },
         ]
      },