{
   "ListOfMinistries":[
      {
         "ministryId":1,
         "ministryName":"Ministry of Electronics and IT",
         "ministrySchemesList":[
            {
               "schemeUiId":"M_0016_S_001",
               "schemeName":" Digital India",
               "schemeObj":"To provide high-speed internet in all gram panchayats. To provide easy access to Common Service Centre (CSC) in all the locality. Digital India is an initiative that combines a large number of ideas and thoughts into a single, comprehensive vision so that each of them is seen as part of a larger goal. The Digital India Programme also focuses on restructuring many existing schemes that can be implemented in a synchronized manner.",
               "schemeDesc":"Department of Electronics & Information Technology (DeitY) under the Ministry of Communications and Technology laid foundation of a program called “Digital India” to transform India into a digitally empowered society. “Digital India” is intended to build digital infrastructure as a utility to every citizen, to facilitate governance & services on demand and to provide digital empowerment to the citizens. Though, in developed countries like USA, digitization has already reached a wide spread and depth, a developing country like India is bound to encounter a set of challenges in the efficacious execution of the program. The creation of information superhighways and providing government and public services digitally to the masses necessitates not only an exceptionally higher digital literacy rate amongst the citizens but also proficient administrators and bureaucrats. Where initiation of projects like BharatNet and National Optic Fibre Network (NOFN) has remarkably supported Digital India, concerns like digital divide, cyber security and appreciable lack of institutional capacity and human resources are indeed some of the inevitable issues in the successful execution of Digital India on such a colossal scale. This study is aimed to profoundly review the feasibility of various set targets, comprehension of planned initiatives and understanding the integral challenges associated with the successful implementation of Digital India.",
               "schemeEligiiblity":"The program is open to all Indian science, technology and engineering students pursuing undergraduate, postgraduate and doctoral degrees. All the participants must be resident Indian Nationals. All team members must be currently studying in the same institution. Team members can be from different academic years. Team members could be from any of the technology streams. Once teams have registered, changes in team members will not be encouraged. The program is open to individuals and groups of maximum 5 members per team.",
               "schemeTargetGroup":"The estimated impact of Digital India by 2019 would be cross cutting, ranging from broadband connectivity in all Panchayats, Wi-fi in schools and universities and Public Wi-Fihotspots. The programme will generate huge number of IT, Telecom and Electronics jobs, both directly and indirectly.",
               "schemeMiscDetails":"For further details visit https://digitalindia.gov.in/di-initiatives",
               "schemeDepartments":"Department of Electronics and Information Technology (DeitY)."
            },
            {
               "schemeUiId":"M_0016_S_002",
               "schemeName":"Jeevan Pramaan Digital Life Certificate (DLC)",
               "schemeObj":"It aims to streamline the process of getting this certificate and making it hassle free and much easier for the pensioners. With this initiative the pensioners requirement to physically present himself/herself in front of the disbursing agency or the certification authority will become a thing of the past benefiting the pensioners in a huge way and cutting down on unnecessary logistical hurdles.",
               "schemeDesc":"Launched by Hon. PM Shri. Narendra Modi ji, on 10th Nov 2014, Digital Life Certificate for Pensioners Scheme of the Government of India, known as the Jeevan Pramaan (JP) seeks to address this very problem by digitizing the whole process of securing the life certificate. It enables the pensioner to generate a digital life certificate using a software application and secure Aadhaar based Biometric Authentication System. The Digital Life Certificate (DLC) so generated is stored online & can be accessed by the pensioner & the Pension Disbursing Agency as and when required by them. There are more than one crore pensioners in the country including pensioners from Central Government and Defense personnel. These pensioners get their due pension through Pension Disbursing Authorities (PDAs) such as the banks, the post offices etc. Pensioners are required to furnish a “Life Certificate” to these PDAs in November every year either by presenting themselves personally or by delivering a life certificate in the prescribed format. The requirement to produce this certificate causes huge hardships particularly to the aged and or / infirm pensioners.",
               "schemeEligiiblity":"A Govt. servant appointed in a pensionable establishment on or before 31.12.2003 and retired from Government service with a qualifying service of 10 years or more is eligible for pension (Rule 2, 49).  From 1.1.2006, pension is calculated @ 50% of emoluments (last pay) or average emoluments (for last 10 months), whichever is more beneficial to the retiring Govt. servant. (Rule 49).",
               "schemeTargetGroup":"As on 04.03.2016 48.80% of total pension accounts have been seeded which is much below the target of hundred percent seeding. Status report of the quarter ending December, 2015 reveals that only 44.54·% of pension accounts were seeded which slightly increased during January & February, 2016.",
               "schemeMiscDetails":"For further details visit https://jeevanpramaan.gov.in/",
               "schemeDepartments":"Department of Electronics and IT"
            },
            {
               "schemeUiId":"M_0016_S_003",
               "schemeName":" Pradhan Mantri Gramin Digital Saksharta Abhiyan",
               "schemeObj":"The objective of spreading digital literacy among all sections of the society. The outlay for this project is Rs.2,351.38 crore to usher in digital literacy in rural India by March,.2019. This is in line with the announcement made by Finance Minister in the Union Budget 2016-17. It has been described as one of the largest digital literacy programmes of the world. Under the scheme, 25 lakh candidates will be trained in the FY 2016-17; 275 lakh in the FY 2017-18; and 300 lakh in the FY 2018-19.",
               "schemeDesc":"The Pradhan Mantri Gramin Digital Saksharta Abhiyan, a project launched under the Skill India scheme is an initiative that aims to impart digital literacy to rural citizens across the country. It was announced by the PM earlier this week at the inauguration of a building at IIT Gandhinagar campus.Modi claims that when he talks about 'Digital India', he is not referring to the rich, but to the poor. Keeping this in mind, the scheme's purpose is to provide quality technical and digital training- both theoretically and practically- to the large number of youths from the backward or rural areas to make them equally digitally educated as the rich youth, and to create economical, social and cultural opportunities for them.",
               "schemeEligiiblity":"The Scheme is applicable only for rural areas of the country. Eligible Household: A household is defined as a unit comprising of Head of family, spouse, children and parents. All such households where none of the family member is digitally literate will be considered as eligible household under the Scheme. Entry criteria: The beneficiary should be Digitally Illiterate. Only one person per eligible household would be considered for training. Age Group: 14 - 60 years. Priority would be given to: Non-smartphone users, Antyodaya households, college drop-outs, Participants of the adult literacy mission Digitally illiterate school students from class 9th to 12th, provided facility of Computer/ICT Training is not available in their schools. Preference would be given to SC, ST, BPL, women, differently-abled persons and minorities. The identification of the beneficiaries would be carried out by CSC-SPV in active collaboration with DeGS, Gram Panchayats, and Block Development Officers. The list of such beneficiaries would be made available on the scheme portal.",
               "schemeTargetGroup":"The project is expected to be one of the largest initiatives of the country with an overall target of training 6 crore students till the financial year, 2019. In order to be able to attain this large reach, the government has accepted 250,000 Gram Panchayats to register at least 200-300 candidates each. The ultimate aim is to span the gap between the rural and urban youth.",
               "schemeMiscDetails":"For further details visit pmgdisha.in/about-pmgdisha/",
               "schemeDepartments":"Department of Electronics and IT"
            },
             {
               "schemeUiId":"M_0016_S_004",
               "schemeName":"Cyber Swachhta Kendra",
               "schemeObj":"The Cyber Swachhta Kendra aims to create secure cyber space by detecting botnet infections within the country. It is operated by CERT according to the provision in Section 70B of Information Technology Act, 2000.",
               "schemeDesc":"The Union Ministry of Electronics and Information Technology (MeitY) has launched Cyber Swachhta Kendra in New Delhi for Botnet cleaning and Malware Malware analysis. Cyber Swachhta Kendra (Botnet Cleaning and Malware Analysis Centre) is a part of the Government of India's Digital India initiative to create a secure cyber space by detecting botnet infections in India and to notify, enable cleaning and securing systems of end users so as to prevent further infections. It is set up in accordance with the objectives of the ‘National Cyber Security Policy’, which envisages creating a secure cyber eco system in the country. This centre operates in close coordination and collaboration with Internet Service Providers and Product/Antivirus companies. It was launched by Union Minister of Electronics and IT Ravi Shankar Prasad as part of Union Government’s ambitious digital India initiative to create a secure cyber space by detecting botnet infections. Besides, minister also launched some cyber security tools. They are USB Pratirodh: It is a desktop security solution to protect from USB mass storage device threats. AppSamvid: It is a desktop solution to protect systems by allowing installation of genuine applications through white listing. It helps in preventing threats from malicious applications. M-Kavach: It is an indigenously developed mobile application to address the security threats in mobiles.",
               "schemeEligiiblity":"It is going to run in close proximity and cooperation using online suppliers and product/antivirus businesses.",
               "schemeTargetGroup":"The Cyber Swachhta Kendra is a portion of this authority of India’s Electronic India initiative beneath the Ministry of both Electronics and It (MeitY). Even the Cyber Swachhta Kendra contrasts with all the targets of this National Cyber Security coverage that is aimed at establishing a safe cyber eco-system from the nation.",
               "schemeMiscDetails":"For further details visit https://www.cyberswachhtakendra.gov.in/",
               "schemeDepartments":"Department of Electronics and IT"  
             },
             {
               "schemeUiId":"M_0016_S_005",
               "schemeName":"IBPS India BPO Promotion Scheme",
               "schemeObj":"Create employment opportunities for the youth, by promoting IT/ITES industry particularly by setting up BPO/ITES operations. Promotion of investment in IT/ITES sector in order to expand base of IT Industry and secure balanced regional growth.",
               "schemeDesc":"The scheme was approved under Digital India Programme to incentivize BPO/IT- ITES operations sector in the country. It was launched in 2014. The scheme aims to incentivize establishment of BPO firms and their extension to Tier II and Tier III cities (as per census 2011) to provide employment, distributed across various states in proportion to population of state with financial support in form of Viability Gap Funding (VGF).The Software Technology Parks of India (STPI), an autonomous society of MeitY is nodal implementing agency of the scheme. It will be implemented to incentivize setting up of BPO/ITES operations across the country (excluding certain cities and north eastern states which are covered separately under North-East BPO Promotion Scheme).",
               "schemeEligiiblity":"1. The bidder must be registered in India under The Companies Act, 1956 or The Companies Act 2013 (as amended till date), as applicable. 2. The bidder would be at liberty to bid for minimum of 100 seats and maximum 5000 seats either (a) at one location (city/State) or (b) at multiple locations (city/States) across the country. However, minimum number of seats to setup operation at a location is 50 seats. To facilitate setting up large BPO/ITES units, the existing units under the scheme can expand their operation at the same location also by participating in fresh round of bidding. However, Maximum seats to one bidder are limited to 5000 seats across all States including the seats already approved/allotted. 3. The bidder must commit to operate for a minimum period of 3 years. 4. The bidder should have achieved a minimum average annual turnover during last 3* financial years, as per total number of seats applied under IBPS.",
               "schemeTargetGroup":"IBPS Scheme aims to incentivize establishment of 48,300 seats distributed among each State in proportion of State’s population, with financial support up to Rs. 1lakh/seat in the form of Viability Gap Funding (VGF), with an outlay of Rs. 493 crore up to 31.03.2019.",
               "schemeMiscDetails":"For further details visit https://ibps.stpi.in/",
               "schemeDepartments":"Department of Electronics and IT" 
             },
             {
               "schemeUiId":"M_0016_S_006",
               "schemeName":"National Supercomputing Mission ",
               "schemeObj":"Aims to connect national academic and R&D institutions with a grid of more than 70 high-performance computing facilities at an estimated cost of ₹4,500 crores over the period of seven years.",
               "schemeDesc":"The National Supercomputing Mission was announced in 2015. It supports the government's vision of 'Digital India' and 'Make in India' initiatives. The mission is being implemented by the Department of Science and Technology (Ministry of Science and Technology) and Ministry of Electronics and Information Technology (MeitY), through the Centre for Development of Advanced Computing (C-DAC), Pune and Indian Institute of Science (IISc), Bengaluru. It is also an effort to improve the number of supercomputers owned by India. These supercomputers will also be networked on the National Supercomputing grid over the National Knowledge Network (NKN). The NKN connects academic institutions and R&D labs over a high-speed network. NSM’s first supercomputer named Param Shivay has been installed in IIT-BHU, Varanasi, in 2019. It has 837 TeraFlop High-Performance Computing (HPC) capacity. The second supercomputer with a capacity of 1.66 PetaFlop has been installed at IIT-Kharagpur. The third system, Param Brahma, has been installed at IISER-Pune, which has a capacity of 797 TeraFlop.",
               "schemeEligiiblity":"Academic and research institutions across India.",
               "schemeTargetGroup":"The target of the mission was set to establish a network of supercomputers ranging from a few Tera Flops (TF) to Hundreds of Tera Flops (TF) and three systems with greater than or equal to 3 Peta Flops (PF) in academic and research institutions of National importance across the country by 2022. This network of Supercomputers envisaging a total of 15-20 PF was approved in 2015 and was later revised to a total of 45 PF (45000 TFs), a jump of 6 times more compute power within the same cost and capable of solving large and complex computational problems.",
               "schemeMiscDetails":"For further details visit https://nsmindia.in/",
               "schemeDepartments":"Department of Electronics and Information Technology (DeitY)."  
             },
             {
               "schemeUiId":"M_0016_S_007",
               "schemeName":"Stree Swabhiman",
               "schemeObj":"Its Aim is to create sustainable model for providing adolescent girls and women an access to affordable sanitary products by leveraging Common Service Centres (CSCs).",
               "schemeDesc":"Swabhimaan Project was conceptualized to create avenues for the rural and semi-urban women to become self-reliant and also progress towards a healthy eco-friendly lifestyle. CSC’s initiatives like Mini Manufacturing Unit for Sanitary Napkin Units have been received very well with numerous Village Level Entrepreneurs.CSC has more than 35000 women entrepreneurs working since long and provides numerous G2C and B2C services at their CSC Centre it is called Digital Kendra’s of that Village. Now they will be also called as Social Kendra’s as we has launched a Project called Swabhimaan, under this Sanitary Napkin Manufacturing Units are to be setup at these CSC Centre after this initiative they will also be called as a Social Kendra’s. This services will also provide the employment to 5-7 other women at their CSC Centre. To facilitate the society at large CSC is empowering its women entrepreneurs to not only provide sanitary pads at their centers but also to educate women of their society to overcome this social taboo and encourage the usage of sanitary pads. We are providing a unit for manufacturing Bio-degradable, eco-friendly sanitary pads at our units.",
               "schemeEligiiblity":"Forms are available on the official website you need to download the form or cantact with the nearest community Health Center. Documents required : Identity Card, 4 passport size photograph, Aadhar card number, Bank account number, Income certificate, Ration card, PAN card.",
               "schemeTargetGroup":"Produces 260mm wings Sterilized Sanitary napkins and 1500-2000 napkins can be produced in a day. Generate employment (7-8 per manufacturing unit) and provide livelihood development opportunities. Indirectly generating self-dependent communities. As low as 20% of the manufacturing process needs electricity we are providing 3 years of warranty on the machine. CSC will provide Rs. 500/- per girls per year to their Women VLEs.",
               "schemeMiscDetails":"For further details visit https://streeswabhiman.in/overview.html",
               "schemeDepartments":"Department of Electronics and IT"  
             },
             {
               "schemeUiId":"M_0016_S_008",
               "schemeName":"Electronics Development Fund (EDF)",
               "schemeObj":"The supported Daughter Fund will promote innovation, R&D and product development in the specified fields of ESDM, nano-electronics and IT. The funds will support the acquisition of foreign companies and technologies for products imported in India in large volume. The core focus of the Daughter Funds is to develop domestic design capability. The Daughter Fund supported will create a resource pool of IP within the country in the specified fields.",
               "schemeDesc":"Electronic Development Fund Policy is one of the critical initiatives of Government of India to promote the electronics system design and manufacturing. The Electronics Development Fund (EDF) is a Fund of Funds which foster the R&D and innovation in technology sectors like electronics, Information Technology and Nano-electronics. EDF supports the Venture Fund and Angel Fund, and Private Equity Funds focusing in the area of electronics sectors. EDF encourages more entrepreneurs towards the product and technology development. The Union Government is targeting an investment of about Rs. 2,200 crore in start-ups working on new technologies in the electronic sector under the Electronics Development Fund (EDF) by 2019. This investment aims at creating an eco-system to make India a global hub for electronics manufacturing. Earlier, Government had approved Rs.681 crore as seed capital for building a total corpus of over Rs 6,800 crore under the EDF meant to support entrepreneurship and innovation in electronics and IT.",
               "schemeEligiiblity":"The Daughter Funds supported under the Electronic Development Funds should be professionally managed For the Daughter Funds, to be eligible for support by the EDF, it should have track records and investment experience in the relevant sectors in which it makes its investments. The experience should be equivalent to the activities of the proposed Daughter Fund. The Daughter Fund should be set up in India, as per the prevailing Indian laws and regulations. The Fund Manager of the Daughter Fund will ensure that the laws of the land have fully complied with respect to setting up and operation of the Fund.",
               "schemeTargetGroup":"The target of Electronics Development Fund is to develop the Electronics System Design and Manufacturing sector to achieve Net-zero imports by 2020.",
               "schemeMiscDetails":"For further details visit http://www.edfindia-canbankventure.com/about-edf.php",
               "schemeDepartments":"Department of Electronics and Information Technology (DeitY)."   
             },
             {
               "schemeUiId":"M_0016_S_009",
               "schemeName":"Modified Special Incentive Package Scheme (MSIPS)",
               "schemeObj":"Aims to provide a special incentive package to promote large scale manufacturing in the ESDM sector to boost domestic electronic product manufacturing in the country.",
               "schemeDesc":"The government launched an incentive scheme in 2012 called Modified Special Incentive Package Scheme (M-SIPS) to encourage investment and production in the electronic goods sector. The policy was aimed to create an indigenous manufacturing eco-system for electronics in the country.The scheme provides capital subsidy of 20% in SEZ (25% in non-SEZ) for units engaged in electronics manufacturing. It also provides for reimbursements of CVD/ excise for capital equipment for the non-SEZ units. For some of the high capital investment projects like fabs, it provides for reimbursement of Central Taxes and Duties. The incentives are provided on reimbursement basis. Units all across the manufacturing value chain are covered under the scheme. For each of the product category, an investment threshold is prescribed which an applicant has to incur for getting eligible for incentives. The incentives are available for 10 years from the date of approval. The scheme was initially opened for 3 years till 26-07-2015 .",
               "schemeEligiiblity":"The applicant is eligible to avail this scheme if the investment ranges between one crore and 5000 crores based on the type of project. The investment threshold for each product category is prescribed by the Government, which the applicant should satisfy.",
               "schemeTargetGroup":"Originally 29 electronic verticals were covered under the scheme and later it was expanded into other sectors after the 2015 amendment. ESDM products including telecom, IT hardware, consumer electronics, medical electronics, automotive electronics, solar photovoltaic, LEDs, LCDs, strategic electronics, avionics, industrial electronics, nano-electronics, semiconductor chips and chip components, other electronic components and EMS.",
               "schemeMiscDetails":"For further details visit https://meity.gov.in/esdm/incentive-schemes",
               "schemeDepartments":"Department of Electronics and IT"   
             },
             {
                 "schemeUiId":"M_0016_S_0010",
               "schemeName":"Bharat Interface for Money (BHIM)",
               "schemeObj":"The main purpose of BHIM App is to provide uniform experience of UPI and also to support those banks who have not developed any UPI app for their customers as yet.",
               "schemeDesc":"The BHIM app was launched in December 2016 by the National Payments Corporation of India (NPCI). A new and modified version of Bharat Interface for Money (BHIM), BHIM 2.0 has been launched under the Ministry of Electronics and Information Technology. The BHIM app can replace the existing mobile wallets and can appear as a comparatively reliable option for the bank to bank transfers, unlike other e-wallets. Since the transactions happen directly from the bank accounts, there is no need to recharge the wallet and no commissions/hidden charges are required for using the app. With the BHIM UPI app, the upper limit of a single transaction is Rs. 10,000 and one can transfer Rs. 20,000 in 24 hours. Some of the key features of BHIM are,  The BHIM app is tied to the mobile number and device ID. So using the app on a different handset will require a separate authentication process. Three-point authentication via mobile number, device ID and UPI PIN. Fingerprint-based biometric verification of transactions via Aadhaar will prevent fraudulent transactions. UPI PIN is needed for both opening the app as well as for transactions. Resetting UPI pin requires debit card details and OTP SMS to authenticate.",
               "schemeEligiiblity":"These terms and conditions are applicable to the existing and eligible customers of the member Banks of NPCI offering the UPI Services of NPCI. These Terms shall be in addition to and not in derogation of the Guidelines applicable to UPI Services of NPCI. It is agreed by the User that the obligations provided in these terms and conditions, shall be binding on the User with regard to any transaction done by the User via BHIM App. The User understands and agrees that nothing herein or otherwise with respect to the usage of BHIM App or the availing of the UPI Services via BHIM App shall be construed as creating any contractual or other rights against NPCI.",
               "schemeTargetGroup":"In April, there were 12.6 million transactions worth Rs 4,973 crore on BHIM app, while in the previous financial year it recorded 87.91 million transactions worth Rs 30,018 crore. on April 14, more attractive cashback schemes for customers and merchants using the platform. These included Rs 51 cashback on successfully completing first financial transaction for BHIM app users and up to Rs 750 cashback in a month through other transactions.",
               "schemeMiscDetails":"For further details visit https://www.bhimupi.org.in/terms-conditions",
               "schemeDepartments":"Department of Electronics and IT"  
             },
             {
               "schemeUiId":"M_0016_S_0011",
               "schemeName":" BHIM 2.0",
               "schemeObj":"In order to make BHIM app more feature-rich and effective it has been enhanced with a bunch of new functionalities. Some of the striking features marking BHIM 2.0 include a ‘Donation’ gateway, increased transaction limits for high value transactions, linking multiple bank accounts, offers from merchants, option of applying in IPO, gifting money.",
               "schemeDesc":"The Ministry of Information Technology announced new initiatives and programs including BHIM 2.0 on October 21. The new version of BHIM 2.0 mobile app includes additional languages, new functionalities and increased transaction limits among other features. Ravi Shankar Prasad, Union IT Minister, also launched a StartUp Hub Portal and Indian Software Product Registry at IT Ministry's MeitY Start-up Summit. The summit was a platform for start-ups and an opportunity to expand business plans. BHIM app, a UPI-based payment interface developed by National Payments Corporation of India (NPCI) that allows real-time fund transfer, was launched in December 2016. BHIM 2.0 is already available in 13 languages and it will be available in three additional languages – Haryanvi, Bhojpuri and Konkani.",
               "schemeEligiiblity":"Any user having a smartphone and bank account is eligible to use BHIM. That being said, you need your mobile number registered with the bank and a debit card linked to that account. You can download the app from playstore or appstore. ... Once NPCI recognizes your mobile number and handset, your registration is complete.",
               "schemeTargetGroup":"In the month of July 2018 alone, 235 million transactions worth Rs 45,845 crore were carried out on BHIM UPI.",
               "schemeMiscDetails":"For further details visit https://www.bhimupi.org.in/upi2",
               "schemeDepartments":"Department of Electronics and IT"    
             },
             {
               "schemeUiId":"M_0016_S_0012",
               "schemeName":" Software Technology Park Scheme",
               "schemeObj":"To promote development of software and software services. To provide statutory services to the exporters by implementing STP/EHTP Scheme. To provide data communication services including various value added services both to IT industries and corporate houses. To provide Project Management and Consultancy services both at national and international level. To promote small and medium enterpreneurs by creating a conducive environment in the field of Information Technology. To promote Bio-informatics/Bio-technology industries by providing infrastructural statutory support.",
               "schemeDesc":"Software Technology Parks of India (STPI) is a government agency in India, established in 1991 under the Head of Communications and Information Technology, that manages the Software Technology Park scheme. It is an export oriented scheme for the development and export of computer software, including export of professional services. It provides physical infrastructure, including dedicated high speed connectivity to technology parks, freedom for 100% foreign equity investment and tax incentives. STPI provides physical hosting for the National Internet Exchange of India. STPI claims to have played a seminal role in India having earned a reputation as an information technology superpower. More than 6,000 businesses are registered under the STPI umbrella, with 36% growth by value in 2005-06 exports over the previous year. The state with the largest export contribution was Karnataka. Software Technology Parks of India have played a seminal role in accomplishing this status. Today, STPIs all over the country are synonomous with excellent Infrastructure and Statutory support aimed at furthering growth of Information Technology in the country.",
               "schemeEligiiblity":"An Indian company. A subsidiary of foreign company. A branch office of foreign company.",
               "schemeTargetGroup":" Director General STPI Omkar Rai has announced to launch 48,000 such seats across the country, with a target employment of 72,450 in the sector.The government provides financial support of up to Rs 1 lakh per seat under two plans—India BPO Promotion Scheme and North East BPO Promotion Scheme. The Scheme is distributed among each State in proportion of State's population with an outlay of Rs. 493 Crore.",
               "schemeMiscDetails":"For further details visit https://www.startupindia.gov.in/content/sih/en/government-schemes/software-technology-park-scheme.html",
               "schemeDepartments":"Department of Electronics and IT"    
             },
             {
               "schemeUiId":"M_0016_S_0013",
               "schemeName":"UMANG (Unified Mobile Application for New-age Governance)",
               "schemeObj":"To act as an enabler and facilitator in developing overall mobile based service delivery ecosystem in India. Provide easy access for individuals to various services via single Mobile Application, easy to remember short code and single Toll Free number. Provide easy discoverability of services, easy manageability and standardisation of service delivery. Provide for quick mobile enablement of e-Gov applications/services of Government departments through easy and fast integration, on-boarding, mobile front-end roll-out by bringing their services on this mobile application platform. Provide another value added services to departments via a common platform through integration with Telecom Service Provider and Payment gateway.  This will facilitate easy on-boarding of Government departments.",
               "schemeDesc":"Umang, also known as Unified Mobile Application, is an all-in-one app launched by the Narendra Modi government to encourage more people to adopt digital payment transactions in the country. The Umang app is a unified application that can be used to avail a number of pan India e-government services such as filing income tax, making Aadhar and provident fund queries, booking a gas cylinder, Passport Seva, among others. This platform provides people access to more than 100 services, from both the state and central government. With Umang, the government aims to promote e-governance and adopt a new-age governance policy as part of Modi’s Digital India initiative. The app can be downloaded on Android, iOS and Windows phones for free. Umang has been developed by the National e-Governance Division (NeGD) and the Ministry of Electronics and Information Technology. This e-governance application can also be used from other channels such as through the web, SMS, or IVR.",
               "schemeEligiiblity":"A company incorporated in India under the relevant Companies Act, 1956/LLP registered under LLP Act 2008 or 2013 and subsequent amendments thereto.  Registered with the GST Authorities in India with active status.",
               "schemeTargetGroup":"When launched in 2017, the app offered around 162 services. It has now expanded to nearly 600 services.",
               "schemeMiscDetails":"For further details visit https://negd.gov.in/sites/default/files/tender/UMANG-BE%20RFP_Final_0.pdf",
               "schemeDepartments":"Department of Electronics and IT"  
             },
             {
               "schemeUiId":"M_0016_S_0014",
               "schemeName":"Digi-Locker",
               "schemeObj":"Enable digital empowerment of residents by providing them withDigital Locker on the cloud. Enable e-Signing of documents and make them available electronically and online Minimize the use of physical documents. Ensure authenticity of the e-documents and thereby eliminate usage of fake documents. Secure access to Govt. issued documents through a web portal and mobile application for residents. Reduce administrative overhead of Govt. departments and agencies and make it easy for the residents to receive services. Anytime, anywhere access to the documents by the resident. Open and interoperable standards based architecture to support a well-structured standard document format to support easy sharing of documents across departments and agencies. Ensure privacy and authorized access to residents' data.",
               "schemeDesc":"DigiLocker is a flagship initiative of Ministry of Electronics & IT (MeitY) under Digital India programme. DigiLocker aims at ‘Digital Empowerment’ of citizen by providing access to authentic digital documents to citizen’s digital document wallet. The issued documents in DigiLocker system are deemed to be at par with original physical documents as per Rule 9A of the Information Technology (Preservation and Retention of Information by Intermediaries providing Digital Locker facilities) Rules, 2016 notified on February 8, 2017 vide G.S.R. 711(E). Everyone needs to have Aadhaar number to use DigiLocker facility. Residents can upload their own electronic documents and digitally sign them using the e-sign facility. All e-documents are linked to Aadhaar number and can be treated as authorized documents by Government and its other entities. Therefore, physical documents need not to be carried while applying for jobs or government certificates or educational institutions etc.",
               "schemeEligiiblity":"Issuers:  Issuer is an entity issuing e-documents to individuals in a standard format and making them electronically available. For example, Registrar office, Income Tax department, RTO, Educational institutions etc. Requesters: Requester is an entity requesting secure access to a particular e-document stored in the repository. For example, Employers, Universities, Passport Office etc. Residents: An individual who uses the Digital Locker service based on Aadhar and OTP (one time password) authentication.",
               "schemeTargetGroup":"Targeted at the idea of paperless governance, DigiLocker is a platform for issuance and verification of documents & certificates in a digital way, thus eliminating the use of physical documents.",
               "schemeMiscDetails":"For further details visit https://digilocker.gov.in/resource/rules-and-Amendment.html",
               "schemeDepartments":"Department of Electronics and IT"    
             },
             {
               "schemeUiId":"M_0016_S_0015",
               "schemeName":"National Information Centre Computer Emergency Response Team (NICCERT)",
               "schemeObj":"It has an objective of acting as a single point of contact for responding, reporting and managing the following – information security incidents, vulnerabilities, advisories and co-ordinate with multiple stakeholders (like CERT-In, sectoral/state CERTs, Ministries, NIC Divisions, NIC State Units, Government Departments, Public Sector Units, Educational Institutions, Private Agencies/System Integrators/Contractors /OEMs / Vendors…etc ) for information security related matters.",
               "schemeDesc":"The Union Ministry of Electronics and Information Technology (MeitY) launched first NIC-CERT, a setup of National Informatics Centre (NIC) to prevent and predict cyber-attacks on government utilities. It was launched by Union Minister of Law & Justice and Electronics & Information Technology Ravi Shankar Prasad in New Delhi as part of Digital India Initiative. The NIC-CERT will monitor and help in early detection and mitigation of cyberattacks on government networks. It has been setup with objective of creating comprehensive framework that integrates world class security components and inbuilt threat intelligence for detection, prevention and incident response. It will operate in close co-ordination and collaboration with other sectoral CERTs and more so with CERT-In. Using advance tools, NIC-CERT team will correlate events that would help in generating canvas of attack surface and identify vulnerabilities and possible exploits. The PAN-India connectivity of NIC coupled with its enhanced ability to detect and prevent attacks will collectively upscale NIC-CERT capability to protect government’s data.",
               "schemeEligiiblity":"This Policy is applicable to all NIC Employees, temporary/contractual staffs, Vendors, Third Party Personnel, Central and State Government Employees and other stakeholders who are using or accessing NIC’s network or services.",
               "schemeTargetGroup":"Targeted to strengthen the cyber security posture of National Informatics Centre.",
               "schemeMiscDetails":"For further details visit https://nic-cert.nic.in/policies.jsp",
               "schemeDepartments":"Department of Electronics and IT"    
             },
             {
               "schemeUiId":"M_0016_S_0016",
               "schemeName":"Visvesvaraya PhD Scheme for Electronics and IT",
               "schemeObj":"To enhance the number of PhDs in Electronics System Design & Manufacturing (ESDM) and IT/IT Enabled Services (IT/ITES) sectors in the country. Give thrust to R&D, create an innovative ecosystem and enhance India’s competitiveness in these knowledge intensive sectors. To fulfil the commitments made in National Policy on Electronics (NPE 2012) and National Policy on Information Technology (NPIT 2012) which recommend to give special thrust on significantly increasing the number of PhDs in the country to enable India to compete globally in the coming decades, to develop an ecosystem of research, development and IP creation in these knowledge intensive sectors. To Support 1500 PhD Candidates including both Full-Time (500) and Part-Time (1000) in each of ESDM and IT/ITES sectors (Total: 3000 PhDs). The scheme is also expected to encourage working professionals and non-PhD faculty members to pursue PhD.",
               "schemeDesc":"Ministry of Electronics and Information Technology has initiated “Visvesvaraya PhD Scheme for Electronics and Information Technology (IT)” with an objective to enhance the number of PhDs in Electronics System Design & Manufacturing (ESDM) and IT/IT Enabled Services (IT/ITES) sectors in the country and to give thrust to Research & Development, create an innovative ecosystem and enhance India’s competitiveness in these knowledge intensive sectors. The scheme is also expected to encourage working professionals and non-PhD faculty members to pursue PhD. The salient features of the scheme are as under: This Scheme provides 25% more fellowship amount than most of the other PhD Schemes. Part-time PhD candidates get one time incentive on completion of the PhD. Scheme also supports 200 Young Faculty Research Fellowships in the areas of ESDM and IT/ITES with the objective to retain and attract bright young faculty members in these sectors.",
               "schemeEligiiblity":"The Young Faculty must have ‘a regular position in the Institute and should be engaged in research’ or ‘must be in a position on a regular scale, which leads to a regular position in the Institute and should be engaged in research’. If he/she is availing any other fellowship, he/she will have to opt for only one of the fellowships. The applicant must possess a PhD degree in a relevant area. The maximum age limit for an applicant to be considered for the scheme is 40 Years as on 1st July of the academic year for which the application is be is being submitted. The applicant should preferably be involved in providing guidance to some of the PhD students supported under the Visvesvaraya PhD Scheme.",
               "schemeTargetGroup":"The scheme targets to enroll 1500 additional PhD students in each of ESDM and IT/ITES sectors (total: 3000 PhDs) over a period of 5 years.",
               "schemeMiscDetails":"For further details visit https://meity.gov.in/esdm/phd-scheme",
               "schemeDepartments":"Department of Electronics and IT"    
             },
             {
               "schemeUiId":"M_0016_S_0017",
               "schemeName":"GI Cloud – MeghRaj",
               "schemeObj":"The main objective of this initiative is to evolve a Strategy and implement various components including governance mechanism to ensure proliferation of Cloud in government. Formulation of the Cloud Policy is one of the primary steps that will facilitate large scale adoption of cloud by government. In order to drive this initiative a Task Force was constituted by Department of Electronics and Information Technology (DeiTY) under the Chairmanship of Additional Secretary (eGov) with a focus to bring out the strategic direction and implementation roadmap of GI Cloud leveraging the existing or new infrastructure.",
               "schemeDesc":"The National e-Governance Plan (NeGP) has led to the creation of common ICT infrastructure such as State Wide Area Networks (SWANs), State Data Centres (SDCs) and Common Service Centres (CSCs) as well as development of guidelines and standards to ensure interoperability, standardisation and integration of various services to provide a single face of the government to the people. The GI Cloud is envisaged to be established initially on national and state data centre assets (adapted for the cloud through virtualisation) and connected through existing network infrastructure such as the SWANs, NKN, as well as the internet. Based on demand assessment and taking into account security related considerations, government may also engage the services of private cloud providers. The GI Cloud will provide services to government departments, citizens and businesses through internet as well as mobile connectivity. In addition to accelerating the delivery of e-services to citizens and businesses , the government’s cloud-based service delivery platform will also support a number of other objectives including increased standardisation, interoperability and integration, a move towards an opex model, the pooling of scarce, under-utilised resources and the spread of best practices. It will also support on-going cost effectiveness and manageability.",
               "schemeEligiiblity":"GI Cloud – MeghRaj policy mandate that service providers offering cloud services to government agencies must ensure that all services provided, including data, will be guaranteed to reside in India.",
               "schemeTargetGroup":"To accelerate delivery of e-services provided by the government and to optimise ICT spending of the government.",
               "schemeMiscDetails":"For further details visit https://meity.gov.in/content/gi-cloud-meghraj",
               "schemeDepartments":"Department of Electronics and IT"     
             },
         ]
      },
         ]
      },