{
   "ListOfMinistries":[
      {
         "ministryId":1,
         "ministryName":"Ministry of Environment,Forest and Climate change",
         "ministrySchemesList":[
            {
               "schemeUiId":"M_0017_S_001",
               "schemeName":"National Action Plan on Climate Change – NAPCC",
               "schemeObj":"It aims at creating awareness among the representatives of the public, different agencies of the government, scientists, industry and the communities on the threat posed by climate change and the steps to counter it.",
               "schemeDesc":"The government is implementing the National Action Plan on Climate Change (NAPCC) with a view to enhancing the ecological sustainability of India’s development path and address climate change in all regions of the country. India’s National Action Plan on Climate Change (NAPCC) which covers eight major missions on Solar, Enhanced Energy Efficiency, Sustainable Habitat, Water, Sustaining the Himalayan Ecosystem, Green India, Sustainable Agriculture and Strategic Knowledge on Climate Change. The Government has prepared guidelines entitled “Governance for Sustaining Himalayan Ecosystem”, (G-SHE), which has been shared with all the State Governments in the Himalayan region. 33 States and Union Territories including all Himalayan States have also prepared their respective State Action Plan on Climate Change to address the state-specific issues. The Ministry has notified Coastal Regulation Zone Notification 2019 and the Island Protection Zone Notification 2019 to regulate high impact activities on the coast and in maintaining coastal sustainability.",
               "schemeEligiiblity":"Ministries with lead responsibility for each of the missions are directed to develop objectives, implementation strategies, timelines, and monitoring and evaluation criteria, to be submitted to the Prime Minister’s Council on Climate Change. The Council will also be responsible for periodically reviewing and reporting on each mission’s progress. To be able to quantify progress, appropriate indicators and methodologies will be developed to assess both avoided emissions and adaptation benefits.",
               "schemeTargetGroup":"Achievements of national growth through qualitative changes enhancing ecological sustainability.",
               "schemeMiscDetails":"For further details visit https://pib.gov.in/newsite/erelcontent.aspx?relid=41277",
               "schemeDepartments":"Department of of Environment,Forest and Climate change"
            },
            {
               "schemeUiId":"M_0017_S_002",
               "schemeName":"Secure Himalaya Project",
               "schemeObj":"Aims at securing livelihoods, conservation, sustainable use and restoration of high range Himalayan ecosystems. It is meant for specific landscapes including Changthang (Jammu and Kasmir), Lahaul – Pangi and Kinnaur (Himachal Pradesh), Gangotri – Govind and Darma – Byans Valley in Pithoragarh (Uttarakhand) and Kanchenjunga – Upper Teesta Valley (Sikkim).",
               "schemeDesc":"The Union Government had launched SECURE Himalaya, a six-year project to ensure conservation of locally and globally significant biodiversity, land and forest resources in high Himalayan ecosystem spread over four states viz. Himachal Pradesh, Jammu and Kashmir, Uttarakhand and Sikkim. It was launched by Union Ministry of Environment, Forests and Climate Change (MoEFCC) in association with the United Nations Development Programme (UNDP).",
               "schemeEligiiblity":"To give necessary assistance and guidance to project management partners for the smooth implementation of the project.",
               "schemeTargetGroup":"Protecting the people’s livelihood has taken topmost importance under the SECURE Himalaya since the relative remoteness and isolation of the communities in the mountains (which includes tribal communities).",
               "schemeMiscDetails":"For further details visit https://pib.gov.in/newsite/PrintRelease.aspx?relid=171329",
               "schemeDepartments":"Department of of Environment,Forest and Climate change"
            },
            {
               "schemeUiId":"M_0017_S_003",
               "schemeName":"PARIVESH Pro Active and Responsive facilitation by Interactive and Virtuous Environmenta l Single window Hub (Web Based)",
               "schemeObj":"E-Governance and enhancing Ease of Doing Responsible Business is being translated into action. It offers a framework to generate economic growth and strengthens Sustainable Development through E-Governance. It helps in improving the overall performance and efficiency of the whole appraisal process of environmental clearances.",
               "schemeDesc":"Pro-Active and Responsive facilitation by Interactive, Virtuous and Environmental Single-window Hub (Parivesh) was launched by Prime Minister in August last year on World Biofuel Day, as single-window integrated environmental management system, developed under the ‘Digital India’ initiative. It is an ambitious web-based single-window system ‘Parivesh’ will be rolled-out at state levels bringing an end to the clearance obstacles for entrepreneurs. PARIVESH is a web based, role based workflow application which has been developed for online submission and monitoring of the proposals submitted by the proponents for seeking Environment, Forest, Wildlife and CRZ Clearances from Central, State and district level authorities. It has been designed, developed and hosted by the Ministry of Environment, Forest and Climate Change, with technical support from National Informatics Centre, (NIC). It automates the entire tracking of proposals which includes online submission of a new proposal, editing/updating the details of proposals and displays status of the proposals at each stage of the workflow. The automated system for submission, clearance and monitoring for environmental clearance has already been implemented at the Central level, while various States starting from Gujarat will begin to implement the scheme by January 15.",
               "schemeEligiiblity":" User Agencies who are supposed to submit application for TOR, Environment clearances for appraising the impact of the planned project on the environment and minimizing the same, prior forests clearances for diverting forest land for non-forestry. This is also meant for those User Agencies who are supposed to submit application for seeking prior Wildlife Clearances.",
               "schemeTargetGroup":" User Agencies of Forests and Wildlife.",
               "schemeMiscDetails":"For further details visit https://parivesh.nic.in/writereaddata/Parivesh_PP_Manual.pdf",
               "schemeDepartments":"Department of of Environment,Forest and Climate change"
            },
             {
               "schemeUiId":"M_0017_S_004",
               "schemeName":"Green Skill Development",
               "schemeObj":"It aims to train over 5.5 lakh workers in environment and forest sectors in the country through 30 courses by 2021 for sustainable conservation and management of natural resources. GSDP-ENVIS mobile application was also launched to provide more information and applying to courses under GSDP programme.",
               "schemeDesc":"The Green Skill Development Programme, initiated by the Ministry of Environment, Forest and Climate Change (MoEF&CC), aims at the development of skills in the environment and forest sector to enable India’s youth in getting gainful employment and/or self-employment. On a precise note, the program caters to the development of green-skilled workers having technical knowledge and commitment to sustainable development. It is envisaged to help in the attainment of the Sustainable Development Goals (SDGs), Nationally Determined Contributions (NDCs), National Biodiversity Targets (NBTs), as well as Waste Management Rules (2016). This article is a detailed account of the initiative.The green skills under it will be imparted in more than 30 programmes in diverse fields identified, which will be conducted in 84 institutions across across country. Moreover, vast network and expertise of Environmental Information System (ENVIS) hubs and Resource Partners (RPs) will be utilized for implementation of this programme.",
               "schemeEligiiblity":"Candidates who undergo training under this initiative may be employed gainfully in zoos, wildlife sanctuaries, national parks, biosphere reserves, botanical gardens, nurseries, wetland sites, State Biodiversity Boards, Biodiversity Management Committees, Wildlife Crime Control Bureau, industries engaged in the production/manufacturing of green products as ETP operator, tourism/ agriculture/educational and research sectors, waste management, water management, construction-related areas, etc. Besides this, some of the courses rendered here help the candidates to be self-employed.",
               "schemeTargetGroup":"Target of covering 80,000 people during the year 2018-19, 2.25 lakhs during the year 2019-20 and about 5 lakhs by the year 2021.",
               "schemeMiscDetails":"For further details visit http://www.gsdp-envis.gov.in/",
               "schemeDepartments":"Department of of Environment,Forest and Climate change"  
             },
             {
               "schemeUiId":"M_0017_S_005",
               "schemeName":"National Clean Air Programme (NCAP)",
               "schemeObj":"To augment and evolve effective and proficient ambient air quality monitoring network across the country for ensuring comprehensive and reliable databaseTo have efficient data dissemination and public outreach mechanism for timely measures for prevention and mitigation of air pollution and for inclusive public participation in both planning and implementation of the programmes and policies of government on air pollutionTo have feasible management plan for prevention, control and abatement of air pollution.",
               "schemeDesc":"Launching the programme, environment minister Dr Harsh Vardhan said, Overall objective of the NCAP is comprehensive mitigation actions for prevention, control and abatement of air pollution besides augmenting the air quality monitoring network across the country and strengthening the awareness and capacity building activities. City specific action plans are being formulated for 102 non-attainment cities identified for implementing mitigation actions under NCAP. Cities have already prepared action plans in consultation with Central Pollution Control Board. The national plan has proposed setting up an apex committee under environment minister, a steering committee under secretary (environment) and a monitoring committee under a joint secretary.",
               "schemeEligiiblity":"The NCAP will be institutionalized by respective ministries and will be organized through inter-sectoral groups. The program will partner with multilateral and bilateral international organizations, and philanthropic foundations and leading technical institutions to achieve its outcomes.",
               "schemeTargetGroup":"Achieve a national-level target of 20-30% reduction of PM2.5 and PM10 concentration by between 2017 and 2024.",
               "schemeMiscDetails":"For further details visit https://pib.gov.in/newsite/PrintRelease.aspx?relid=187400",
               "schemeDepartments":"Department of of Environment,Forest and Climate change" 
             },
             {
               "schemeUiId":"M_0017_S_006",
               "schemeName":"Integrated Development of Wildlife Habitats",
               "schemeObj":"Support to Protected Areas (National Parks, Wildlife Sanctuaries, Conservation Reserves and Community Reserves). Protection of Wildlife Outside Protected Areas. Recovery programmes for saving critically endangered species and habitats.",
               "schemeDesc":"Integrated Development of Wildlife Habitats’ (IDWH) is an on-going Centrally Sponsored Scheme which has been made operational by adding more components and activities to the erstwhile Centrally Sponsored Scheme – “Assistance for the Development of National Parks and Sanctuaries” during the 11th Plan Period. Under IDWH, the financial assistance is provided to State/UT Governments for protection and conservation of wildlife and its habitats in Protected Areas (PAs) as well as outside PAs and also for the recovery programmes of the critically endangered species. Centrally Sponsored Scheme of Project Tiger (CSS-PT), Development of Wildlife Habitats (CSS-DWH), Project Elephant (CSS-PE). These schemes would generate employment opportunities resulting in economic upliftment of people in and around tiger reserves/ Protected Areas besides leading to reduction in natural resource dependency with substitution by clean energy use.",
               "schemeEligiiblity":"National Parks, Wildlife Sanctuaries, Conservation Reserves and Community Reserves, other than those availing central assistance under the CSS- Project Tiger, which are duly notified under the Wildlife (Protection) Act, 1972 and are under the control of the Chief Wildlife Wardens.",
               "schemeTargetGroup":"Human-wildlife conflict management in and around forests.",
               "schemeMiscDetails":"For further details visit http://www.swaniti.com/project/integrated-development-of-wildlife-habitats/",
               "schemeDepartments":"Department of of Environment,Forest and Climate change"  
             },
             {
               "schemeUiId":"M_0017_S_007",
               "schemeName":"Himalayan Research Fellowship Scheme",
               "schemeObj":"The aim is to create a cadre of young and trained Himalayan environmental managers, ecologists and socio-economists and thus help generating information on physical, biological, management and social aspects of Himalayan environment and development.",
               "schemeDesc":"The union environment ministry has decided to start a ‘Himalayan Research Fellowships scheme’ to create a young pool of trained environmental managers, ecologists, and socio-economists. This pool will help generate information on physical, biological, managerial and human aspects of Himalayan environment and development. This is among the series of programmes that MoEFCC is running for conservation and protection of Himalayas. The fellowship scheme will be executed through various universities and Institutions working in the Indian Himalayan Region (IHR). Preference will be given to the Institutions from north-eastern states. Fellowships will be awarded for a maximum period of three years. The financial support will be provided under the National Mission on Himalayan Studies (NMHS)",
               "schemeEligiiblity":"The fellowship scheme will be executed through various universities and Institutions working in the Indian Himalayan Region (IHR) and preference will be given to the Institutions from north-eastern states.",
               "schemeTargetGroup":"scholars of Himalayan Research",
               "schemeMiscDetails":"For further details visit https://nmhs.org.in/fellowships.php",
               "schemeDepartments":"Department of of Environment,Forest and Climate change"  
             },
         ]
      },
         ]
      },