{
   "ListOfMinistries":[
      {
         "ministryId":1,
         "ministryName":"சுற்றுச்சூழல், வன மற்றும் காலநிலை மாற்றம் அமைச்சகம்",
         "ministrySchemesList":[
        {
               "schemeUiId":"M_0017_S_001",
               "schemeName":"காலநிலை மாற்றம் குறித்த தேசிய செயல் திட்டம் - NAPCC",
               "schemeObj":"காலநிலை மாற்றத்தால் ஏற்படும் அச்சுறுத்தல் மற்றும் அதை எதிர்ப்பதற்கான நடவடிக்கைகள் குறித்து பொதுமக்களின் பிரதிநிதிகள், அரசாங்கத்தின் பல்வேறு நிறுவனங்கள், விஞ்ஞானிகள், தொழில் மற்றும் சமூகங்கள் மத்தியில் விழிப்புணர்வை ஏற்படுத்துவதை இது நோக்கமாகக் கொண்டுள்ளது.",
               "schemeDesc":"இந்தியாவின் வளர்ச்சி பாதையின் சுற்றுச்சூழல் நிலைத்தன்மையை மேம்படுத்துவதற்கும் நாட்டின் அனைத்து பகுதிகளிலும் காலநிலை மாற்றத்தை நிவர்த்தி செய்வதற்கும் அரசாங்கம் காலநிலை மாற்றத்திற்கான தேசிய செயல் திட்டத்தை (என்ஏபிசிசி) செயல்படுத்துகிறது. சூரிய, மேம்பட்ட எரிசக்தி திறன், நிலையான வாழ்விடம், நீர், இமயமலை சுற்றுச்சூழலைத் தக்கவைத்தல், பசுமை இந்தியா, நிலையான வேளாண்மை மற்றும் காலநிலை மாற்றம் குறித்த மூலோபாய அறிவு ஆகிய எட்டு முக்கிய பணிகளை உள்ளடக்கிய காலநிலை மாற்றம் குறித்த இந்தியாவின் தேசிய செயல் திட்டம் (என்ஏபிசிசி). இமயமலை பிராந்தியத்தில் உள்ள அனைத்து மாநில அரசுகளுடனும் பகிர்ந்து கொள்ளப்பட்ட “இமயமலை சுற்றுச்சூழல் அமைப்பை நிலைநிறுத்துவதற்கான ஆளுகை” (ஜி-ஷீ) என்ற தலைப்பில் அரசாங்கம் வழிகாட்டுதல்களைத் தயாரித்துள்ளது. அனைத்து இமயமலை மாநிலங்கள் உட்பட 33 மாநிலங்கள் மற்றும் யூனியன் பிரதேசங்களும் மாநில-குறிப்பிட்ட பிரச்சினைகளுக்கு தீர்வு காண காலநிலை மாற்றம் குறித்த அந்தந்த மாநில செயல் திட்டத்தை தயார் செய்துள்ளன. கடற்கரையில் அதிக தாக்க நடவடிக்கைகளை ஒழுங்குபடுத்துவதற்கும், கடலோர நிலைத்தன்மையை பராமரிப்பதற்கும் கடலோர ஒழுங்குமுறை மண்டல அறிவிப்பு 2019 மற்றும் தீவு பாதுகாப்பு மண்டல அறிவிப்பு 2019 ஆகியவற்றை அமைச்சகம் அறிவித்துள்ளது.",
               "schemeEligiiblity":"ஒவ்வொரு பணிக்கும் முன்னணி பொறுப்புள்ள அமைச்சுகள், காலநிலை மாற்றத்திற்கான பிரதமரின் கவுன்சிலுக்கு சமர்ப்பிக்கப்பட வேண்டிய குறிக்கோள்கள், செயல்படுத்தும் உத்திகள், காலக்கெடு மற்றும் கண்காணிப்பு மற்றும் மதிப்பீட்டு அளவுகோல்களை உருவாக்க அறிவுறுத்தப்படுகின்றன. ஒவ்வொரு பணியின் முன்னேற்றத்தையும் அவ்வப்போது மதிப்பாய்வு செய்வதற்கும் அறிக்கை செய்வதற்கும் கவுன்சில் பொறுப்பாகும். முன்னேற்றத்தை அளவிட, தவிர்க்கப்பட்ட உமிழ்வு மற்றும் தழுவல் நன்மைகள் இரண்டையும் மதிப்பிடுவதற்கு பொருத்தமான குறிகாட்டிகள் மற்றும் வழிமுறைகள் உருவாக்கப்படும்.",
               "schemeTargetGroup":"சுற்றுச்சூழல் நிலைத்தன்மையை மேம்படுத்தும் தரமான மாற்றங்கள் மூலம் தேசிய வளர்ச்சியின் சாதனைகள்.",
               "schemeMiscDetails":"மேலும் பல தகவல்களுக்கு https://pib.gov.in/newsite/erelcontent.aspx?relid=41277 ",
               "schemeDepartments":"சுற்றுச்சூழல், வன மற்றும் காலநிலை மாற்றம் துறை"
            },
            {
               "schemeUiId":"M_0017_S_002",
               "schemeName":"பாதுகாப்பான இமயமலை திட்டம்",
               "schemeObj":"வாழ்வாதாரங்களை பாதுகாத்தல், பாதுகாப்பு, நிலையான பயன்பாடு மற்றும் உயர் தூர இமயமலை சுற்றுச்சூழல் அமைப்புகளை மீட்டெடுப்பதை நோக்கமாகக் கொண்டுள்ளது. இது சாங்தாங் (ஜம்மு மற்றும் காஸ்மீர்), லஹால் - பாங்கி மற்றும் கின்ன ur ர் (இமாச்சலப் பிரதேசம்), கங்கோத்ரி - கோவிந்த் மற்றும் தர்மா - பித்தோராகர் (உத்தரகண்ட்) மற்றும் காஞ்சன்ஜங்கா - மேல் டீஸ்டா பள்ளத்தாக்கு (சிக்கிம்) உள்ளிட்ட குறிப்பிட்ட நிலப்பரப்புகளுக்கு இது பொருந்தும்.",
               "schemeDesc":"நான்கு மாநிலங்களில் பரவியுள்ள உயர் இமயமலை சுற்றுச்சூழல் அமைப்பில் உள்ளூரில் மற்றும் உலகளவில் குறிப்பிடத்தக்க பல்லுயிர், நிலம் மற்றும் வன வளங்களை பாதுகாப்பதை உறுதி செய்வதற்கான ஆறு ஆண்டு திட்டமான SECURE இமயமலை மத்திய அரசு தொடங்கியது. இமாச்சலப் பிரதேசம், ஜம்மு-காஷ்மீர், உத்தரகண்ட் மற்றும் சிக்கிம். ஐக்கிய நாடுகளின் மேம்பாட்டுத் திட்டத்துடன் (யுஎன்டிபி) இணைந்து மத்திய சுற்றுச்சூழல், வன மற்றும் காலநிலை மாற்ற அமைச்சகம் (MoEFCC) இதை அறிமுகப்படுத்தியது.",
               "schemeEligiiblity":"திட்டத்தை சீராக செயல்படுத்த திட்ட மேலாண்மை கூட்டாளர்களுக்கு தேவையான உதவிகளையும் வழிகாட்டுதல்களையும் வழங்குதல்.",
               "schemeTargetGroup":"மலைகளில் உள்ள சமூகங்களின் ஒப்பீட்டளவில் தொலைவு மற்றும் தனிமைப்படுத்தப்பட்டதிலிருந்து (பழங்குடி சமூகங்களை உள்ளடக்கியது) மக்களின் வாழ்வாதாரத்தை பாதுகாப்பது பாதுகாப்பான இமயமலையின் கீழ் மிக முக்கியமானது.",
               "schemeMiscDetails":"மேலும் பல தகவல்களுக்கு https://pib.gov.in/newsite/PrintRelease.aspx?relid=171329",
               "schemeDepartments":"சுற்றுச்சூழல், வன மற்றும் காலநிலை மாற்றம் துறை"
            },
              {
               "schemeUiId":"M_0017_S_003",
               "schemeName":"பரிவேஷ் புரோ ஊடாடும் மற்றும் நல்ல சூழலால் செயலில் மற்றும் பதிலளிக்கக்கூடிய வசதி l ஒற்றை சாளர மையம் (வலை அடிப்படையிலான)",
               "schemeObj":"மின்-ஆளுமை மற்றும் பொறுப்பு வாய்ந்த வணிகத்தை எளிதாக்குவது ஆகியவை செயலில் மொழிபெயர்க்கப்படுகின்றன. இது பொருளாதார வளர்ச்சியை உருவாக்குவதற்கான ஒரு கட்டமைப்பை வழங்குகிறது மற்றும் மின்-ஆளுமை மூலம் நிலையான வளர்ச்சியை பலப்படுத்துகிறது. சுற்றுச்சூழல் அனுமதிகளின் முழு மதிப்பீட்டு செயல்முறையின் ஒட்டுமொத்த செயல்திறன் மற்றும் செயல்திறனை மேம்படுத்த இது உதவுகிறது",
               "schemeDesc":"ஊடாடும், நல்ல மற்றும் சுற்றுச்சூழல் ஒற்றை சாளர மையத்தின் (பரிவேஷ்) சார்பு-செயலில் மற்றும் பொறுப்புணர்வு வசதி கடந்த ஆண்டு ஆகஸ்ட் மாதம் உலக உயிரி எரிபொருள் தினத்தன்று பிரதமரால் தொடங்கப்பட்டது, இது ஒற்றை சாளர ஒருங்கிணைந்த சுற்றுச்சூழல் மேலாண்மை அமைப்பாக, 'டிஜிட்டல் இந்தியா' முயற்சியின் கீழ் உருவாக்கப்பட்டது . இது ஒரு லட்சிய வலை அடிப்படையிலான ஒற்றை சாளர அமைப்பு ‘பரிவேஷ்’ தொழில்முனைவோருக்கான அனுமதி தடைகளுக்கு முற்றுப்புள்ளி வைக்கும் வகையில் மாநில அளவில் வெளியிடப்படும். PARIVESH என்பது இணைய அடிப்படையிலான, பங்கு அடிப்படையிலான பணிப்பாய்வு பயன்பாடாகும், இது மத்திய, மாநில மற்றும் மாவட்ட அளவிலான அதிகாரிகளிடமிருந்து சுற்றுச்சூழல், வன, வனவிலங்கு மற்றும் CRZ அனுமதிகளை கோருவதற்காக ஆதரவாளர்கள் சமர்ப்பித்த திட்டங்களை ஆன்லைனில் சமர்ப்பிக்கவும் கண்காணிக்கவும் உருவாக்கப்பட்டது. இது தேசிய தகவல் மையத்தின் (என்.ஐ.சி) தொழில்நுட்ப உதவியுடன் சுற்றுச்சூழல், வன மற்றும் காலநிலை மாற்ற அமைச்சினால் வடிவமைக்கப்பட்டு, உருவாக்கப்பட்டு வழங்கப்பட்டுள்ளது. இது ஒரு புதிய திட்டத்தின் ஆன்லைன் சமர்ப்பிப்பு, திட்டங்களின் விவரங்களைத் திருத்துதல் / புதுப்பித்தல் மற்றும் பணிப்பாய்வுகளின் ஒவ்வொரு கட்டத்திலும் திட்டங்களின் நிலையைக் காண்பிக்கும் திட்டங்களின் முழு கண்காணிப்பையும் தானியக்கமாக்குகிறது. சுற்றுச்சூழல் அனுமதிக்கான சமர்ப்பிப்பு, அனுமதி மற்றும் கண்காணிப்புக்கான தானியங்கி முறை ஏற்கனவே மத்திய மட்டத்தில் செயல்படுத்தப்பட்டுள்ளது, அதே நேரத்தில் குஜராத்திலிருந்து தொடங்கி பல்வேறு மாநிலங்கள் ஜனவரி 15 க்குள் இந்த திட்டத்தை செயல்படுத்தத் தொடங்கும்.",
               "schemeEligiiblity":"TOR க்கான விண்ணப்பத்தை சமர்ப்பிக்க வேண்டிய பயனர் முகவர், சுற்றுச்சூழலில் திட்டமிடப்பட்ட திட்டத்தின் தாக்கத்தை மதிப்பிடுவதற்கான சுற்றுச்சூழல் அனுமதி மற்றும் அதே, முன் காடுகளின் வன நிலங்களை வனவியல் அல்லாதவர்களுக்கு திருப்பிவிடுவதற்கான அனுமதிகளை குறைத்தல். முந்தைய வனவிலங்கு அனுமதிகளை கோருவதற்கான விண்ணப்பத்தை சமர்ப்பிக்க வேண்டிய பயனர் முகவர் நிறுவனங்களுக்கும் இது பொருந்தும்.",
               "schemeTargetGroup":"காடுகள் மற்றும் வனவிலங்குகளின் பயனர் முகவர்.",
               "schemeMiscDetails":"மேலும் பல தகவல்களுக்கு https://parivesh.nic.in/writereaddata/Parivesh_PP_Manual.pdf",
               "schemeDepartments":"சுற்றுச்சூழல், வன மற்றும் காலநிலை மாற்றம் துறை"
            },
             {
               "schemeUiId":"M_0017_S_004",
               "schemeName":"பசுமை திறன் மேம்பாடு",
               "schemeObj":"இயற்கை வளங்களை நிலையான பாதுகாப்பு மற்றும் நிர்வகிப்பதற்காக 2021 ஆம் ஆண்டில் 30 படிப்புகள் மூலம் நாட்டின் சுற்றுச்சூழல் மற்றும் வனத்துறைகளில் 5.5 லட்சம் தொழிலாளர்களுக்கு பயிற்சி அளிப்பதை இது நோக்கமாகக் கொண்டுள்ளது. ஜி.எஸ்.டி.பி-என்விஸ் மொபைல் பயன்பாடும் ஜி.எஸ்.டி.பி திட்டத்தின் கீழ் கூடுதல் தகவல்களை வழங்கவும் படிப்புகளுக்கு விண்ணப்பிக்கவும் தொடங்கப்பட்டது.",
               "schemeDesc":"சுற்றுச்சூழல், வன மற்றும் காலநிலை மாற்ற அமைச்சினால் (MoEF & CC) தொடங்கப்பட்ட பசுமை திறன் மேம்பாட்டுத் திட்டம், இந்தியாவின் இளைஞர்களுக்கு அதிக வேலைவாய்ப்பு மற்றும் / அல்லது சுயதொழில் பெற உதவும் வகையில் சுற்றுச்சூழல் மற்றும் வனத்துறையில் திறன்களை வளர்ப்பதை நோக்கமாகக் கொண்டுள்ளது. ஒரு துல்லியமான குறிப்பில், தொழில்நுட்ப அறிவு மற்றும் நிலையான வளர்ச்சிக்கு அர்ப்பணிப்பு கொண்ட பசுமை திறமையான தொழிலாளர்களின் வளர்ச்சியை இந்த திட்டம் வழங்குகிறது. நிலையான அபிவிருத்தி இலக்குகள் (எஸ்டிஜிக்கள்), தேசிய அளவில் நிர்ணயிக்கப்பட்ட பங்களிப்புகள் (என்டிசி), தேசிய பல்லுயிர் இலக்குகள் (என்.பி.டி), அத்துடன் கழிவு மேலாண்மை விதிகள் (2016) ஆகியவற்றை அடைய உதவ இது திட்டமிடப்பட்டுள்ளது. இந்த கட்டுரை முன்முயற்சியின் விரிவான கணக்கு. இதன் கீழ் உள்ள பசுமை திறன்கள் அடையாளம் காணப்பட்ட பல்வேறு துறைகளில் 30 க்கும் மேற்பட்ட திட்டங்களில் வழங்கப்படும், அவை நாடு முழுவதும் 84 நிறுவனங்களில் நடத்தப்படும். மேலும், சுற்றுச்சூழல் தகவல் அமைப்பு (ENVIS) மையங்கள் மற்றும் வள கூட்டாளர்கள் (RP கள்) ஆகியவற்றின் பரந்த நெட்வொர்க் மற்றும் நிபுணத்துவம் இந்த திட்டத்தை செயல்படுத்த பயன்படும்.",
               "schemeEligiiblity":"இந்த முயற்சியின் கீழ் பயிற்சியளிக்கும் வேட்பாளர்கள் மிருகக்காட்சிசாலைகள், வனவிலங்கு சரணாலயங்கள், தேசிய பூங்காக்கள், உயிர்க்கோள இருப்புக்கள், தாவரவியல் பூங்காக்கள், நர்சரிகள், ஈரநில தளங்கள், மாநில பல்லுயிர் வாரியங்கள், பல்லுயிர் மேலாண்மை குழுக்கள், வனவிலங்கு குற்றக் கட்டுப்பாட்டு பணியகம், உற்பத்தியில் ஈடுபட்டுள்ள தொழில்கள் / பசுமை தயாரிப்புகளை ஈடிபி ஆபரேட்டர், சுற்றுலா / வேளாண்மை / கல்வி மற்றும் ஆராய்ச்சி துறைகள், கழிவு மேலாண்மை, நீர் மேலாண்மை, கட்டுமானம் தொடர்பான பகுதிகள் போன்றவற்றில் தயாரித்தல். இது தவிர, இங்கு வழங்கப்பட்ட சில படிப்புகள் வேட்பாளர்கள் சுயதொழில் செய்ய உதவுகின்றன",
               "schemeTargetGroup":"2018-19ஆம் ஆண்டில் 80,000 பேரையும், 2019-20ஆம் ஆண்டில் 2.25 லட்சத்தையும், 2021 ஆம் ஆண்டில் சுமார் 5 லட்சத்தையும் உள்ளடக்கும் இலக்கு",
               "schemeMiscDetails":"மேலும் பல தகவல்களுக்கு http://www.gsdp-envis.gov.in/",
               "schemeDepartments":"சுற்றுச்சூழல், வன மற்றும் காலநிலை மாற்றம் துறை"  
             },
             {
               "schemeUiId":"M_0017_S_005",
               "schemeName":"தேசிய சுத்தமான காற்று திட்டம் (NCAP)",
               "schemeObj":"விரிவான மற்றும் நம்பகமான தரவுத்தளத்தை உறுதி செய்வதற்காக நாடு முழுவதும் பயனுள்ள மற்றும் திறமையான சுற்றுப்புற காற்று தர கண்காணிப்பு வலையமைப்பை மேம்படுத்துவதற்கும் மேம்படுத்துவதற்கும் திறமையான தரவு பரப்புதல் மற்றும் காற்று மாசுபாட்டைத் தடுப்பதற்கும் தணிப்பதற்கும் சரியான நேரத்தில் நடவடிக்கை எடுப்பதற்கும் பொது திட்டமிடல் மற்றும் நடைமுறைப்படுத்துதல் ஆகிய இரண்டிலும் பொதுமக்கள் பங்கேற்பதற்கும் காற்று மாசுபாடு குறித்த அரசாங்கத்தின் திட்டங்கள் மற்றும் கொள்கைகள் காற்று மாசுபாட்டைத் தடுப்பதற்கும் கட்டுப்படுத்துவதற்கும் குறைப்பதற்கும் சாத்தியமான மேலாண்மைத் திட்டத்தைக் கொண்டுள்ளன",
               "schemeDesc":"சுற்றுச்சூழல் அமைச்சர் டாக்டர் ஹர்ஷ் வர்தன் கூறுகையில், என்.சி.ஏ.பி.யின் ஒட்டுமொத்த நோக்கம், காற்று மாசுபாட்டைத் தடுப்பது, கட்டுப்படுத்துவது மற்றும் குறைப்பது ஆகியவற்றுக்கான விரிவான தணிப்பு நடவடிக்கைகள் மற்றும் நாடு முழுவதும் காற்றின் தர கண்காணிப்பு வலையமைப்பை மேம்படுத்துதல் மற்றும் விழிப்புணர்வு மற்றும் திறன் மேம்பாட்டு நடவடிக்கைகளை வலுப்படுத்துதல் ஆகும். NCAP இன் கீழ் தணிப்பு நடவடிக்கைகளை செயல்படுத்த அடையாளம் காணப்பட்ட 102 அடைய முடியாத நகரங்களுக்கு நகர குறிப்பிட்ட செயல் திட்டங்கள் வகுக்கப்படுகின்றன. நகரங்கள் ஏற்கனவே மத்திய மாசு கட்டுப்பாட்டு வாரியத்துடன் கலந்தாலோசித்து செயல் திட்டங்களைத் தயாரித்துள்ளன. சுற்றுச்சூழல் அமைச்சரின் கீழ் ஒரு உச்சக் குழு, செயலாளரின் கீழ் ஒரு வழிநடத்தல் குழு (சுற்றுச்சூழல்) மற்றும் ஒரு கூட்டுச் செயலாளரின் கீழ் ஒரு கண்காணிப்புக் குழு ஆகியவற்றை அமைக்க தேசிய திட்டம் முன்மொழிந்துள்ளது.",
               "schemeEligiiblity":"NCAP அந்தந்த அமைச்சகங்களால் நிறுவனமயமாக்கப்பட்டு, துறைக்கு இடையிலான குழுக்கள் மூலம் ஏற்பாடு செய்யப்படும். இந்த திட்டம் பலதரப்பு மற்றும் இருதரப்பு சர்வதேச அமைப்புகள், மற்றும் பரோபகார அடித்தளங்கள் மற்றும் முன்னணி தொழில்நுட்ப நிறுவனங்களுடன் அதன் விளைவுகளை அடைய பங்குதாரராக இருக்கும்.",
               "schemeTargetGroup":"2017 மற்றும் 2024 க்கு இடையில் PM2.5 மற்றும் PM10 செறிவுகளை 20-30% குறைக்கும் தேசிய அளவிலான இலக்கை அடையுங்கள்.",
               "schemeMiscDetails":"மேலும் பல தகவல்களுக்கு  https://pib.gov.in/newsite/PrintRelease.aspx?relid=187400",
               "schemeDepartments":"சுற்றுச்சூழல், வன மற்றும் காலநிலை மாற்றம் துறை"  
             },
             {
                "schemeUiId":"M_0017_S_006",
               "schemeName":"வனவிலங்கு வாழ்விடங்களின் ஒருங்கிணைந்த வளர்ச்சி",
               "schemeObj":"பாதுகாக்கப்பட்ட பகுதிகளுக்கான ஆதரவு (தேசிய பூங்காக்கள், வனவிலங்கு சரணாலயங்கள், பாதுகாப்பு இருப்புக்கள் மற்றும் சமூக இருப்புக்கள்) பாதுகாக்கப்பட்ட பகுதிகளுக்கு வெளியே வனவிலங்குகளின் பாதுகாப்பு , ஆபத்தான உயிரினங்கள் மற்றும் வாழ்விடங்களை காப்பாற்றுவதற்கான மீட்பு திட்டங்கள்.",
               "schemeDesc":"வனவிலங்கு வாழ்விடங்களின் ஒருங்கிணைந்த மேம்பாடு (ஐ.டி.டபிள்யூ.எச்) என்பது தற்போது நடைபெற்று வரும் மத்திய நிதியுதவித் திட்டமாகும், இது முந்தைய மைய நிதியுதவி திட்டத்தில் கூடுதல் கூறுகளையும் செயல்பாடுகளையும் சேர்ப்பதன் மூலம் செயல்பட்டு வருகிறது - 11 வது திட்டத்தின் போது “தேசிய பூங்காக்கள் மற்றும் சரணாலயங்களின் வளர்ச்சிக்கான உதவி” காலம். ஐ.டி.டபிள்யூ.எச் இன் கீழ், வனவிலங்குகளின் பாதுகாப்பு மற்றும் பாதுகாப்பிற்காகவும், பாதுகாக்கப்பட்ட பகுதிகள் (பிஏக்கள்) மற்றும் பொதுஜன முன்னணியினருக்கு வெளியேயுள்ள அதன் வாழ்விடங்கள் மற்றும் ஆபத்தான ஆபத்தான உயிரினங்களின் மீட்பு திட்டங்களுக்காகவும் மாநில / யூடி அரசாங்கங்களுக்கு நிதி உதவி வழங்கப்படுகிறது. திட்ட புலி (சி.எஸ்.எஸ்-பி.டி), வனவிலங்கு வாழ்விடங்களின் மேம்பாடு (சி.எஸ்.எஸ்-டி.டபிள்யூ.எச்), திட்ட யானை (சி.எஸ்.எஸ்-பி.இ). இந்த திட்டங்கள் புலி இருப்பு / பாதுகாக்கப்பட்ட பகுதிகளில் மற்றும் சுற்றியுள்ள மக்களின் பொருளாதார முன்னேற்றத்தின் விளைவாக வேலை வாய்ப்புகளை உருவாக்கும், மேலும் தூய்மையான எரிசக்தி பயன்பாட்டின் மூலம் மாற்றாக இயற்கை வள சார்புநிலையை குறைக்க வழிவகுக்கும்.",
               "schemeEligiblity":"தேசிய பூங்காக்கள், வனவிலங்கு சரணாலயங்கள், பாதுகாப்பு இருப்புக்கள் மற்றும் சமூக இருப்புக்கள், CSS- திட்ட புலியின் கீழ் மத்திய உதவியைப் பெறுவதைத் தவிர, அவை வனவிலங்கு (பாதுகாப்பு) சட்டம், 1972 இன் கீழ் முறையாக அறிவிக்கப்பட்டு தலைமை வனவிலங்கு வார்டன்களின் கட்டுப்பாட்டில் உள்ளன.",
               "schemeTargetGroup":"காடுகளிலும் அதைச் சுற்றியுள்ள மனித-வனவிலங்கு மோதல் மேலாண்மை.",
               "schemeMiscDetails":"மேலும் பல தகவல்களுக்கு http://www.swaniti.com/project/integrated-development-of-wildlife-habitats/",
               "schemeDepartments":"சுற்றுச்சூழல், வன மற்றும் காலநிலை மாற்றம் துறை"
             },
             {
               "schemeUiId":"M_0017_S_007",
               "schemeName":"இமயமலை ஆராய்ச்சி பெல்லோஷிப் திட்டம்",
               "schemeObj":"இளம் மற்றும் பயிற்சி பெற்ற இமயமலை சுற்றுச்சூழல் மேலாளர்கள், சூழலியல் வல்லுநர்கள் மற்றும் சமூக பொருளாதார வல்லுநர்கள் ஆகியோரை உருவாக்குவதே இதன் நோக்கம், இதனால் இமயமலை சுற்றுச்சூழல் மற்றும் வளர்ச்சியின் உடல், உயிரியல், மேலாண்மை மற்றும் சமூக அம்சங்கள் பற்றிய தகவல்களை உருவாக்க உதவுகிறது.",
               "schemeDesc":"யிற்சியளிக்கப்பட்ட சுற்றுச்சூழல் மேலாளர்கள், சூழலியல் வல்லுநர்கள் மற்றும் சமூக பொருளாதார வல்லுநர்களின் இளம் குளத்தை உருவாக்க ‘இமயமலை ஆராய்ச்சி பெல்லோஷிப் திட்டம்’ தொடங்க மத்திய சுற்றுச்சூழல் அமைச்சகம் முடிவு செய்துள்ளது. இந்த குளம் இமயமலை சுற்றுச்சூழல் மற்றும் வளர்ச்சியின் உடல், உயிரியல், நிர்வாக மற்றும் மனித அம்சங்களைப் பற்றிய தகவல்களை உருவாக்க உதவும். இமயமலையின் பாதுகாப்பு மற்றும் பாதுகாப்பிற்காக MoEFCC இயங்கும் தொடர் திட்டங்களில் இதுவும் ஒன்றாகும். கூட்டுறவு திட்டம் இந்திய இமயமலைப் பிராந்தியத்தில் (ஐ.எச்.ஆர்) பணிபுரியும் பல்வேறு பல்கலைக்கழகங்கள் மற்றும் நிறுவனங்கள் மூலம் செயல்படுத்தப்படும். வடகிழக்கு மாநிலங்களைச் சேர்ந்த நிறுவனங்களுக்கு முன்னுரிமை வழங்கப்படும். பெலோஷிப் அதிகபட்சம் மூன்று ஆண்டுகளுக்கு வழங்கப்படும். இமயமலை ஆய்வுகள் தொடர்பான தேசிய மிஷன் (என்.எம்.எச்.எஸ்) இன் கீழ் நிதி உதவி வழங்கப்படும்.",
               "schemeEligiiblity":"கூட்டுறவு திட்டம் இந்திய இமயமலைப் பிராந்தியத்தில் (ஐ.எச்.ஆர்) பணிபுரியும் பல்வேறு பல்கலைக்கழகங்கள் மற்றும் நிறுவனங்கள் மூலம் செயல்படுத்தப்படும் மற்றும் வடகிழக்கு மாநிலங்களைச் சேர்ந்த நிறுவனங்களுக்கு முன்னுரிமை வழங்கப்படும்",
               "schemeTargetGroup":"இமயமலை ஆராய்ச்சி அறிஞர்கள்",
               "schemeMiscDetails":"மேலும் பல தகவல்களுக்கு https://nmhs.org.in/fellowships.php",
               "schemeDepartments":"சுற்றுச்சூழல், வன மற்றும் காலநிலை மாற்றம் துறை"  
             },
         ]
      },
         ]
      },
   