{
   "ListOfMinistries":[
      {
         "ministryId":1,
         "ministryName":"வெளிவிவகார அமைச்சகம்",
         "ministrySchemesList":[
        {
               "schemeUiId":"M_0018_S_001",
               "schemeName":"இந்தியா திட்டத்தை அறிந்து கொள்ளுங்கள்",
               "schemeObj":"சமகால இந்தியாவின் கலை, பாரம்பரியம் மற்றும் கலாச்சாரத்தின் பல்வேறு அம்சங்களை இந்திய வம்சாவளி இளைஞர்களுக்கு வெளிப்படுத்துங்கள். இந்தியாவில் வாழ்வின் பல்வேறு அம்சங்களைப் பற்றிய விழிப்புணர்வை ஊக்குவித்தல் மற்றும் தொழில், கல்வி, அறிவியல் மற்றும் தொழில்நுட்பம், தகவல் மற்றும் தகவல் தொடர்பு தொழில்நுட்பம் (ஐ.சி.டி), காலநிலை மற்றும் சக்தி மற்றும் புதுப்பிக்கத்தக்க எரிசக்தி போன்ற பல்வேறு துறைகளில் நாடு அடைந்த முன்னேற்றம்.",
               "schemeDesc":"டாக்டர் ஜிதேந்திர சிங் கூறுகையில், கேஐபி திட்டம் இந்திய வம்சாவளியைச் சேர்ந்த இளைஞர்களுக்கு இந்தியாவின் கலாச்சாரம் மற்றும் பாரம்பரியத்தைப் பற்றி அறிய வாய்ப்பளிக்கிறது. இது அவர்களின் வேர்கள் மற்றும் குடும்ப தொடர்புகளைப் புரிந்துகொள்ளவும் உதவுகிறது, என்றார். அமைச்சர் இளைஞர்களுடன் உரையாடி, அவர்களின் கல்வி மற்றும் தொழில்முறை பின்னணி மற்றும் அவர்களின் மூதாதையர்கள் சேர்ந்த மாநிலங்கள் உள்ளிட்ட பிற அம்சங்களையும் புரிந்து கொண்டார். இளைஞர்களும் தங்கள் அனுபவங்களை அமைச்சருடன் பகிர்ந்து கொண்டனர். அவர்கள் பஞ்சாப் மற்றும் ஹரியானாவில் பார்வையிட்ட இடங்களான கோல்டன் கோயில், அடாரி எல்லை, ஜல்லியன்வாலா பாக், குருக்ஷேத்ரா, அனத்பூர் சாஹிப், பிஞ்சூர் கார்டன்ஸ் மற்றும் விராசத்-இ-கல்சா போன்ற இடங்களைப் பற்றி பேசினர்.",
               "schemeEligiiblity":"KIP இல் பங்கேற்க குறைந்தபட்ச தகுதி என்பது அங்கீகரிக்கப்பட்ட பல்கலைக்கழகம் / நிறுவனத்தில் பட்டம் பெற்றது அல்லது பட்டப்படிப்பு மற்றும் ஆங்கிலத்தில் பேசும் திறன் ஆகியவற்றிற்கு பதிவுசெய்யப்பட்டுள்ளது.",
               "schemeTargetGroup":"இந்தியாவின் இளம் இளைஞர்கள்",
               "schemeMiscDetails":"மேலும் பல தகவல்களுக்கு https://mea.gov.in/know-india-programme.htm",
               "schemeDepartments":"வெளிவிவகாரத் துறை"
            },
            {
               "schemeUiId":"M_0018_S_002",
               "schemeName":"SAMEEP - மாணவர்கள் மற்றும் MEA ஈடுபாட்டுத் திட்டம்",
               "schemeObj":"இந்திய வெளியுறவுக் கொள்கையையும் அதன் உலகளாவிய ஈடுபாடுகளையும் நாடு முழுவதும் உள்ள மாணவர்களிடம் கொண்டு செல்வதே SAMEEP இன் முக்கிய நோக்கம். இந்த திட்டத்தின் கீழ், அனைத்து அமைச்சக அதிகாரிகளும் - கீழ் செயலாளரும் அதற்கு மேற்பட்டவர்களும் - தங்கள் சொந்த ஊர்களுக்குச் செல்லுமாறு கேட்கப்படுவார்கள், குறிப்பாக அவர்களின் அல்மா மேட்டர்ஸ். MEA செயல்படும் விதம், அதன் கொள்கைகளின் அடிப்படை கூறுகள், இராஜதந்திரம் எவ்வாறு நடத்தப்படுகிறது, மற்றும் பொதுவாக MEA இல் ஒரு தொழில் எப்படி இருக்கும் என்பதைப் பற்றிய ஒரு கருத்தை மாணவர்களுக்கு அளிக்கும் என்று அவர்கள் எதிர்பார்க்கப்படுவார்கள்.",
               "schemeDesc":"SAMEEP என்பது இந்தியா முழுவதும் உள்ள பல்வேறு நகரங்கள் மற்றும் நகரங்களில் உள்ள மாணவர் சமூகத்தை சென்றடைய 2018 ஜனவரியில் தொடங்கப்பட்ட வெளிவிவகார அமைச்சின் (MEA) வெளி விளம்பரம் மற்றும் பொது இராஜதந்திர (எக்ஸ்பிடி) பிரிவின் ஒரு முன்முயற்சி ஆகும். MEA இன் பங்கு மற்றும் செயல்பாடுகள், இந்தியாவின் வெளியுறவுக் கொள்கையின் முக்கிய கூறுகள் மற்றும் வெற்றிக் கதைகள் மற்றும் வெளியுறவுக் கொள்கை முன்னணியில் உள்ள சாதனைகள் ஆகியவற்றை பள்ளி மற்றும் கல்லூரி மாணவர்களுக்கு அறிமுகப்படுத்துவதே இதன் நோக்கம். இந்த முயற்சி MEA இன் அதிகாரிகளின் உதவியுடன் மேற்கொள்ளப்படுகிறது மற்றும் விடுப்பின் போது அவர்களின் சொந்த ஊர் / மாநிலங்களில் உள்ள பள்ளிகள் மற்றும் கல்லூரிகளுக்கு அவர்கள் வருகை தருவதும், தன்னார்வத்துடன் இயற்கையில் ஈடுபடுவதும் அடங்கும். இதுவரை, இதுபோன்ற நான்கு நிகழ்ச்சிகள் ஏற்கனவே ஜலந்தர், டெல்லி, திருச்சி மற்றும் சோன்பேட்டில் ஏற்பாடு செய்யப்பட்டுள்ளன, மேலும் பல திட்டங்கள் உள்ளன.",
               "schemeEligiiblity":"பள்ளி மற்றும் கல்லூரி மாணவர்களை ஒரு இராஜதந்திர வேலைக்கு ஈடுபடுத்தி அவர்களுக்கு விரிவாக ஒரு அறிவை வழங்குவது.",
               "schemeTargetGroup":"மாணவர்கள்",
               "schemeMiscDetails":"மேலும் பல தகவல்களுக்கு  www.mea.gov.in",
               "schemeDepartments":"வெளிவிவகாரத் துறை"
            },
              {
               "schemeUiId":"M_0018_S_003",
               "schemeName":"பிரவாசி கெளஷல் விகாஸ் யோஜனா",
               "schemeObj":"தரமான கல்வி, சிறந்த திறன்கள் மற்றும் வேலை வாய்ப்புகளை வழங்குவதும், இந்தியாவின் இளைஞர்களை அதிக வேலைவாய்ப்பு மற்றும் சுய-நிலையானதாக மாற்றுவதும் இதன் நோக்கமாகும்.",
               "schemeDesc":"பி.எம்.கே.வி.ஒய் 2016-20 திட்டத்தின் கீழ், 30.11.2018 நிலவரப்படி, பல்வேறு துறைகளில் நாடு முழுவதும் எஸ்.டி.டி (24.13 லட்சம்), ஆர்.பி.எல் (9.08 லட்சம்) மற்றும் சிறப்பு திட்டத்தின் (0.72 லட்சம்) கீழ் 33.93 லட்சம் (தோராயமாக) வேட்பாளர்கள் பயிற்சி பெற்றுள்ளனர். பி.எம்.கே.வி.ஒய் 2016-20 திட்டத்தில் வேலை வாய்ப்பு கண்காணிப்புக்கு கட்டாய ஏற்பாடுகள் உள்ளன. திறன் மேம்பாட்டு மேலாண்மை அமைப்பு (எஸ்.டி.எம்.எஸ்) இல் பயிற்சி பெற்ற வேட்பாளர்கள் சான்றிதழ் பெற்ற 90 நாட்களுக்குள் வேலைவாய்ப்பு தரவு தெரிவிக்கப்படுகிறது. எஸ்.டி.எம்.எஸ்ஸில் தெரிவிக்கப்பட்ட தரவுகளின்படி, 30.11.2018 நிலவரப்படி, பி.எம்.கே.வி.ஒய் 2016-20 இன் குறுகிய கால பயிற்சியின் கீழ் 20.18 லட்சம் வேட்பாளர்கள் சான்றிதழ் பெற்றுள்ளனர். பி.எம்.கே.வி.யின் குறுகிய கால பயிற்சியின் கீழ் சான்றிதழ் பெற்ற வேட்பாளர்களின் எண்ணிக்கை 90 நாட்களுக்கு முன்னர் அதாவது 31.08.2018 18.42 லட்சம். இந்த வேட்பாளர்களில், 30.11.2018 நிலவரப்படி, நாடு முழுவதும் பல்வேறு துறைகளில் 10.09 லட்சம் வேட்பாளர்கள் பதிவாகியுள்ளதாக தெரிவிக்கப்பட்டுள்ளது.",
               "schemeEligiiblity":"வேலையில்லாத இளைஞர், கல்லூரி / பள்ளி படிப்பு. சரிபார்க்கக்கூடிய அடையாளச் சான்று உள்ளது - ஆதார் / வாக்காளர் ஐடி மற்றும் வங்கி கணக்கு.",
               "schemeTargetGroup":"வெளிநாட்டு வேலை தேடும் இந்திய இளைஞர்கள்",
               "schemeMiscDetails":"மேலும் பல தகவல்களுக்கு https://www.msde.gov.in/pmkvy.html",
               "schemeDepartments":"வெளிவிவகாரத் துறை"
            },
         ]
      },
         ]
      },
   