{
   "ListOfMinistries":[
      {
         "ministryId":1,
         "ministryName":"Ministry of External Affairs",
         "ministrySchemesList":[
            {
               "schemeUiId":"M_0018_S_001",
               "schemeName":"Know India Programme",
               "schemeObj":"Give Indian origin youth exposure to various aspects of contemporary India’s forms of art, heritage and culture. Promote awareness on different facets of life in India and the progress made by country in various fields such as industry, education, science and technology, information & communication technology (ICT), climate and power and renewable energy etc.",
               "schemeDesc":"Dr Jitendra Singh said that KIP programme provides an opportunity to the youth of Indian origin to learn about the culture and heritage of India. It also helps them to understand their roots and family connections, he said. The Minister interacted with the youth and understood other aspects including their educational and professional background and the states to which their ancestors belong. The youth also shared their experiences with the Minister. They talked about the places they visited in Punjab and Haryana, such as Golden temple, Atari border, Jallianwala Bagh, Kurukshetra, Anadpur Sahib, Pinjore Gardens and Virasat-e-Khalsa, among others.",
               "schemeEligiiblity":"Minimum qualification required for participating in KIP is graduation from a recognized University/Institute or enrolled for graduation and ability to speak in English.",
               "schemeTargetGroup":"Young youths of india",
               "schemeMiscDetails":"For further details visit https://mea.gov.in/know-india-programme.htm",
               "schemeDepartments":"Department of External Affairs"
            },
            {
               "schemeUiId":"M_0018_S_002",
               "schemeName":"SAMEEP - Students and MEA Engagement Programme",
               "schemeObj":"The main objective of SAMEEP is to take Indian foreign policy and its global engagements to students across the country. Under this programme, all the ministry officers - under-secretary and above - will be asked to go to their hometowns, particularly their alma maters. They will be expected to interact with the students about the way the MEA works, basic elements of its policies, how diplomacy is conducted, and generally give students an idea of what a career in the MEA would look like.",
               "schemeDesc":"SAMEEP is an outreach initiative of the External Publicity & Public Diplomacy (XPD) Division of Ministry of External Affairs (MEA) launched in January, 2018 to reach out to the student community in different cities and towns across India. The objective is to familiarise school and college students with the role and functions of MEA, key elements of India’s Foreign Policy and success stories and achievements on the foreign policy front. The initiative is undertaken with the help of officers of MEA and involves their visit to schools and colleges in their hometown/states during leave and is voluntary in nature. So far, four such programs have already been organised in Jalandhar, Delhi, Trichy and Sonepat and many more are in the pipeline.",
               "schemeEligiiblity":"To involve school and college students for a diplomacy job and give them a knowledge in detail.",
               "schemeTargetGroup":"Students",
               "schemeMiscDetails":"For further details visit www.mea.gov.in",
               "schemeDepartments":"Department of External Affairs"
            },
            {
               "schemeUiId":"M_0018_S_003",
               "schemeName":"Pravasi Kaushal Vikas Yojana",
               "schemeObj":"The objective is to provide quality education, better skills and employment opportunities and to empower India’s youth to be more employable and self-sustainable.",
               "schemeDesc":"Under the PMKVY 2016-20 scheme, as on 30.11.2018, 33.93 lakh (appx.) candidates have been trained under STT (24.13 lakh), RPL (9.08 lakh) and Special Project (0.72 lakh) across the country in various sector. PMKVY 2016-20 scheme has mandatory provisions for placement tracking. The placement data is reported within 90 days of certification of trained candidates on the Skill Development Management System (SDMS). As per data reported on SDMS, as on 30.11.2018, 20.18 lakh candidates have been certified under Short Term Training of PMKVY 2016-20. The number of candidates certified under Short Term Training of PMKVY 90 days prior i.e. 31.08.2018 is 18.42 lakh. Out of these candidates, as on 30.11.2018, 10.09 lakh candidates have been reported placed in various sectors across the country.",
               "schemeEligiiblity":"An unemployed youth, college / school dropout. Has a verifiable identity proof - Aadhaar / Voter id  and a bank account",
               "schemeTargetGroup":"Indian youth seeking overseas employment",
               "schemeMiscDetails":"For further details visit https://www.msde.gov.in/pmkvy.html",
               "schemeDepartments":"Department of External Affairs"
            },
         ]
      },
         ]
      },