{
   "ListOfMinistries":[
      {
         "ministryId":1,
         "ministryName":"நிதி அமைச்சகம்",
         "ministrySchemesList":[
        {
               "schemeUiId":"M_0019_S_001",
               "schemeName":"தேசிய ஓய்வூதிய திட்டம் (என்.பி.எஸ்)",
               "schemeObj":"இந்திய குடிமக்களுக்கு ஓய்வூதிய வருமானத்தை வழங்கும் நோக்கம். ஓய்வூதிய சீர்திருத்தங்களை நிறுவுவதற்கும், மக்கள் மத்தியில் ஓய்வு பெறுவதற்கான பழக்கத்தை தூண்டுவதற்கும் என்.பி.எஸ் திட்டம் இலக்கு வைத்துள்ளது. தேசிய ஓய்வூதியத் திட்டம் அல்லது என்.பி.எஸ் இன் கீழ், நீங்கள் ஒரு தனிப்பட்ட ஓய்வூதியக் கணக்கைத் திறக்கலாம், அதில் ஓய்வூதிய கார்பஸை வேலை வாழ்க்கையில் சேமிக்க முடியும். என்.பி.எஸ் திட்டம் அனைவருக்கும் திறந்திருக்கும், ஆனால் அனைத்து அரசு ஊழியர்களுக்கும் கட்டாயமாகும்.",
               "schemeDesc":"தேசிய ஓய்வூதிய திட்டம் (என்.பி.எஸ்), அரசாங்கத்தால் வழங்கப்படும் ஓய்வூதிய திட்டம், ஜனவரி 2004 இல் அரசு ஊழியர்களுக்காக தொடங்கப்பட்டது. இது 2009 ஆம் ஆண்டில் அனைத்து பிரிவுகளுக்கும் திறக்கப்பட்டது. ஒரு சந்தாதாரர் தனது பணி வாழ்க்கையில் ஒரு ஓய்வூதிய கணக்கில் தவறாமல் பங்களிக்க முடியும், கார்பஸின் ஒரு பகுதியை ஒரு லம்ப்சத்தில் திரும்பப் பெறலாம் மற்றும் மீதமுள்ள கார்பஸைப் பயன்படுத்தி ஓய்வூதியத்திற்குப் பிறகு வழக்கமான வருமானத்தைப் பெற வருடாந்திரத்தை வாங்கலாம். தேசிய ஓய்வூதிய முறை தனிநபர்கள் பின்வரும் இரண்டு கணக்குகளில் ஏதேனும் ஒன்றை முறையாக முதலீடு செய்ய அனுமதிக்கிறது. தேசிய ஓய்வூதிய முறையுடன் கணக்குத் திறப்பதைத் தொடர்ந்து ஒவ்வொரு சந்தாதாரருக்கும் ஒரு தனித்துவமான நிரந்தர ஓய்வூதிய கணக்கு எண் அல்லது PRAN வழங்கப்படுகிறது. இந்த திட்டத்தின் பங்களிப்பு உட்பட நிதி மேலாண்மை PRAN வழியாக செய்யப்படுகிறது.",
               "schemeEligiiblity":"தேசிய ஓய்வூதிய முறைக்கு ஒரு நபரின் தகுதி செயல்பாட்டில் உள்ள பல்வேறு என்.பி.எஸ் மாதிரிகளைப் பொறுத்தது. அவையாவன - அரசுத் துறை தேசிய ஓய்வூதிய முறை மாதிரி, தேசிய ஓய்வூதிய முறையின் பெருநிறுவன மாதிரி, நிறுவனங்கள் சட்டத்தின்படி பதிவு செய்யப்பட்டுள்ளது, அனைத்து குடிமக்களின் மாதிரியும் என்.பி.எஸ்.",
               "schemeTargetGroup":"ஓய்வூதியத் துறை கட்டுப்பாட்டாளர், மார்ச் 2020 க்குள் 3.5 கோடி மக்களைக் குறிவைத்து சந்தாதாரர்களின் தளத்தை விரிவுபடுத்த திட்டமிட்டுள்ளார். இந்த வளர்ச்சி ஓய்வூதியத் திட்டம் தொடர்பான இளைஞர்களிடையே விழிப்புணர்வின் வளர்ச்சியைக் கூறுகிறது.",
               "schemeMiscDetails":"மேலும் பல தகவல்களுக்கு https://www.india.gov.in/spotlight/national-pension-system-retirement-plan-all",
               "schemeDepartments":"நிதி சேவைகள் துறை"
            },
            {
               "schemeUiId":"M_0019_S_002",
               "schemeName":"வர்த்தகர்கள் மற்றும் சுயதொழில் செய்பவர்களுக்கான தேசிய ஓய்வூதிய திட்டம்",
               "schemeObj":"இது 18 முதல் 40 வயது வரையிலான நுழைவு வயதினருக்கான தன்னார்வ மற்றும் பங்களிப்பு ஓய்வூதியத் திட்டமாகும், இது 60 வயதை எட்டும்போது மாதந்தோறும் ரூ .3000 / - என்ற குறைந்தபட்ச உறுதிப்படுத்தப்பட்ட ஓய்வூதியத்திற்கான ஏற்பாடாகும். மாதாந்திர பங்களிப்பில் 50% பங்கை மத்திய அரசு வழங்கும், மீதமுள்ள 50% பங்களிப்பு பயனாளியால் வழங்கப்படும். மலிவு செய்ய மாத பங்களிப்பு குறைவாக வைக்கப்படுகிறது. எடுத்துக்காட்டாக, ஒரு பயனாளி 29 வயது சராசரி நுழைவு வயதில் மாதத்திற்கு ரூ .100 / - குறைவாக பங்களிக்க வேண்டும்.",
               "schemeDesc":"வர்த்தகர்கள் மற்றும் சுயதொழில் செய்பவர்களுக்கான தேசிய ஓய்வூதிய திட்டம் பிரதமர் நரேந்திர மோடியால் செப்டம்பர் 12, 2019 அன்று ஜார்க்கண்டின் ராஞ்சியில் தொடங்கப்பட்டது. ஓய்வூதியத் திட்டம் கடைக்காரர்கள் மற்றும் சில்லறை வர்த்தகர்கள் மற்றும் சுயதொழில் செய்பவர்களுக்கு ஆண்டு வருவாய் ரூ .1.5 கோடிக்கு மிகாமல் உள்ளது. தகுதிவாய்ந்த கடைக்காரர்கள் மற்றும் சில்லறை வர்த்தகர்கள் நாடு முழுவதும் 3.50 லட்சம் பொது சேவை மையங்கள் (சி.எஸ்.சி) மூலம் தங்களை இந்த திட்டத்தின் கீழ் சேர்க்க முடியும். 18-40 வயதுக்குட்பட்ட நுழைவு வயதினருக்கு மாதந்தோறும் குறைந்தபட்சம் 3000 / - ரூபாய் ஓய்வூதியத்தை வழங்குவதற்காக கடைக்காரர் / சில்லறை வர்த்தகர்கள் மற்றும் சுயதொழில் செய்பவர்களுக்கான திட்டம். இது ஒரு தன்னார்வ மற்றும் பங்களிப்பு அடிப்படையிலான மத்திய துறை திட்டமாகும். இந்த திட்டம் 2019 ஜூலை 22 ஆம் தேதி முதல் நடைமுறைக்கு வருகிறது. இந்த திட்டம் 3 கோடிக்கும் மேற்பட்ட சிறு கடைக்காரர்கள் மற்றும் வர்த்தகர்களுக்கு பயனளிக்கும். இந்த திட்டத்தின் கீழ் சேர அவர்கள் அருகிலுள்ள சி.எஸ்.சி.களை பார்வையிடலாம்.",
               "schemeEligiiblity":"சில்லறை வர்த்தகர் / கடைக்காரர் அல்லது சுயதொழில் செய்பவர்களாக இருக்க வேண்டும். நுழைவு வயது 18 முதல் 40 வயது வரை. ஆண்டு விற்றுமுதல் ரூ. 1.5 கோடி அல்லது அதற்கும் குறைவாக.",
               "schemeTargetGroup":"இந்தத் திட்டம் 2019-20 ஆம் ஆண்டில் 25 லட்சம் சந்தாதாரர்களையும் 2023-2024 க்குள் 2 கோடி சந்தாதாரர்களையும் சேர்ப்பதை இலக்காகக் கொள்ளும். ஓய்வூதிய திட்டத்தின் கீழ் நாட்டில் 3 கோடி வியாபாரிகள் பயனடைவார்கள் என்று எதிர்பார்க்கப்படுகிறது.",
               "schemeMiscDetails":"மேலும் பல தகவல்களுக்கு https://labour.gov.in/nps-traders",
               "schemeDepartments":"நிதி சேவைகள் துறை"
            },
              {
               "schemeUiId":"M_0019_S_003",
               "schemeName":"பிரதான் மந்திரி முத்ரா யோஜனா (பி.எம்.எம்.ஒய்)",
               "schemeObj":"உற்பத்தி, வர்த்தகம் அல்லது சேவைகள் போன்ற சிறு வணிகங்களின் தொழில்முனைவோருக்கு ஆதரவளிப்பதற்காக “மைக்ரோ யூனிட்ஸ் டெவலப்மென்ட் அண்ட் ரீஃபைனன்ஸ் ஏஜென்சி” (முத்ரா) வங்கியைத் தொடங்குவதே இந்த திட்டத்தின் நோக்கம். இப்போதெல்லாம், இந்த அலகுகள் திட்டமிடப்பட்ட வங்கிகளிடமிருந்து நிதி பெறுவது மிகவும் கடினம், ஏனெனில் அவை கடுமையான ஆய்வுக்கு செல்ல வேண்டும். இந்த அலகுகளில் 4% மட்டுமே தங்கள் வணிகத் தேவைகளுக்காக கடன்களைப் பெற முடிகிறது, மற்றவர்கள் பணம் கொடுப்பவர்களுடன் தரையிறங்க வேண்டிய கட்டாயத்தில் உள்ளனர். எனவே, முத்ரா யோஜனா இந்த அனைத்து துறைகளுக்கும் கடன் வசதியை வழங்குவதன் மூலம் செயல்படும். இது MSME மைக்ரோ நிதி நிறுவனங்களுக்கான கொள்கை வழிகாட்டுதல்களையும் உருவாக்கும். இது மைக்ரோ நிதி நிறுவனங்களையும் பதிவு செய்து ஒழுங்குபடுத்தும். மற்றொரு மிக முக்கியமான குறிக்கோள் என்னவென்றால், நாட்டின் கடைசி மனிதனுக்கு அவர்களின் வணிகத்தை அமைப்பதற்கும் கடன் நம்பகத்தன்மையை வழங்குவதன் மூலமும் அவரை தன்னம்பிக்கை கொள்ளச் செய்யும். இதனால், இது மறைமுகமாக வேலைவாய்ப்பை உருவாக்கும், மேலும் அனைத்தையும் உள்ளடக்கிய வளர்ச்சியை அடைய உதவும்.",
               "schemeDesc":"கார்ப்பரேட் அல்லாத, பண்ணை அல்லாத சிறு / மைக்ரோ நிறுவனங்களுக்கு 10 லட்சம் வரை கடன்களை வழங்குவதற்காக மாண்புமிகு பிரதமரால் ஏப்ரல் 8, 2015 அன்று தொடங்கப்பட்ட ஒரு திட்டம்தான் பிரதான் மந்திரி முத்ரா யோஜனா (பி.எம்.எம்.ஒய்). இந்த கடன்கள் PMMY இன் கீழ் முத்ரா கடன்கள் என வகைப்படுத்தப்பட்டுள்ளன. இந்த கடன்களை வணிக வங்கிகள், ஆர்ஆர்பி, சிறு நிதி வங்கிகள், எம்எஃப்ஐ மற்றும் என்.பி.எஃப்.சி. கடன் வாங்கியவர் மேலே குறிப்பிட்டுள்ள எந்தவொரு கடன் வழங்கும் நிறுவனத்தையும் அணுகலாம் அல்லது www.udyamimitra.in என்ற இணையதளத்தின் மூலம் ஆன்லைனில் விண்ணப்பிக்கலாம். பி.எம்.எம்.யுவின் உதவியுடன், முத்ரா 'ஷிஷு', 'கிஷோர்' மற்றும் 'தருண்' ஆகிய மூன்று தயாரிப்புகளை உருவாக்கியுள்ளது, இது பயனாளி மைக்ரோ யூனிட் / தொழில்முனைவோரின் வளர்ச்சி / வளர்ச்சி மற்றும் நிதி தேவைகளின் கட்டத்தை குறிக்கிறது, மேலும் அடுத்த ஒரு குறிப்பு புள்ளியை வழங்குகிறது பட்டப்படிப்பு / வளர்ச்சியின் கட்டம்.",
               "schemeEligiiblity":"குறைந்தபட்ச வயது 18 வயது மற்றும் அதிகபட்சம் 65 வயதுடைய விண்ணப்பதாரர்கள், வணிக உரிமையாளர்கள், கடைக்காரர்கள், சிறு தொழிலதிபர்கள் மற்றும் உற்பத்தியாளர்கள், விவசாய நடவடிக்கைகளில் ஈடுபடும் நபர்கள், தொடக்க தொழில்முனைவோர்.",
               "schemeTargetGroup":"பிரதான் மந்திரி முத்ரா யோஜனா (பி.எம்.எம்.ஒய்) இன் கீழ் இலக்கு சிறு மற்றும் வளர்ந்து வரும் தொழில்முனைவோருக்கு பொருந்தும். மார்ச் 22 முதல் ஒரு மாதத்தில், கடன் வழங்குநர்கள் முத்ரா கடன்களை ரூ .71,080 கோடிக்கு வழங்கினர், அல்லது அவர்களின் முழு ஆண்டு (எஃப்ஒய் 19) இலக்கில் 3 லட்சம் கோடி ரூபாய்க்கு அருகில் ஒரு சாதனை படைத்தனர். மார்ச் 22 ஆம் தேதி நிலவரப்படி அவர்கள் மொத்தம் ரூ .2,73,749 கோடியை வழங்கியுள்ளனர், இது பிப்ரவரி 22 வரை 2,02,669 கோடி ரூபாயாக இருந்தது.",
               "schemeMiscDetails":"மேலும் பல தகவல்களுக்கு https://www.mudra.org.in/offerings",
               "schemeDepartments":"நிதி சேவைகள் துறை"
            },
             {
               "schemeUiId":"M_0019_S_004",
               "schemeName":"அடல் ஓய்வூதிய யோஜனா (APY)",
               "schemeObj":"இந்த திட்டத்தின் அடிக்கோடிட்டுக் குறிக்கோள், வயதான காலத்தில் மக்களுக்கு அவர்களின் உற்பத்தி ஆண்டுகளில் வழக்கமான சேமிப்புகளைச் செய்வதன் மூலம் அவர்களுக்கு சமூக மற்றும் நிதி பாதுகாப்பை வழங்குவதாகும். APY 60 வயதிற்குப் பிறகு குறைந்தபட்ச உத்தரவாதமான மாத ஓய்வூதியத்தை வெவ்வேறு அடுக்குகளில் வழங்குவதை நோக்கமாகக் கொண்டுள்ளது. ரூ. 1,000, ரூ. 2,000, ரூ. 3,000, ரூ. 4,000 மற்றும் ரூ. 5,000. இத்திட்டம் அதிக நன்மை பயக்கும் அமைப்புசாரா துறையில் உள்ள தொழிலாளர்களைத் தவிர, தனியார் துறையைச் சேர்ந்த ஊழியர்களும் APY க்கு அதன் ஏராளமான நன்மைகளைப் பெற விண்ணப்பிக்கலாம். ஓய்வூதியத் தொகை சந்தாதாரரின் வயது மற்றும் அவர் அல்லது அவள் அளித்த பங்களிப்பைப் பொறுத்து நிர்ணயிக்கப்படும்.",
               "schemeDesc":"அடல் ஓய்வூதிய யோஜனா (APY) என்பது இந்தியாவின் அனைத்து குடிமக்களுக்கும் முக்கியமாக ஒழுங்கமைக்கப்படாத துறையில் கவனம் செலுத்தும் ஒரு அரசு நடத்தும் ஓய்வூதிய திட்டமாகும். APY ஐ தேசிய ஓய்வூதிய முறைமையின் (NPS) கீழ் ஓய்வூதிய நிதி ஒழுங்குமுறை மற்றும் மேம்பாட்டு ஆணையம் (PFRDA) நிர்வகிக்கிறது. இந்தத் திட்டத்தின் கீழ், பயனாளிகளுக்கு குறைந்தபட்ச மாத ஓய்வூதியம் ரூ .1000 முதல் ரூ .5000 வரை உத்தரவாதம் அளிக்கப்படுகிறது. சந்தாதாரர்கள் மாதாந்திர ஓய்வூதியத்தை 1000, 2000, 3000, 4000 அல்லது 5000 ரூபாயாக தேர்வு செய்யலாம், இது 60 வயதிற்குப் பிறகு தொடங்கும். ஒருவர் பெறும் ஓய்வூதியத்தின் அளவு, தனிநபர் APY இல் சேர்ந்த வயது மற்றும் பங்களிக்கப்பட்ட மாதத் தொகை ஆகியவற்றுடன் நேரடியாக தொடர்புடையது.",
               "schemeEligiiblity":"18 முதல் 40 வயதிற்குட்பட்ட அனைத்து இந்திய குடிமக்களும் APY இன் கீழ் 60 வயதிற்குப் பிறகு ஓய்வூதியத்தில் சேரலாம். திட்டத்தின் நன்மைக்காக விண்ணப்பிக்கும் நபர் குறைந்தது 20 ஆண்டுகளுக்கு பங்களிக்க வேண்டும். ஸ்வாலம்பன் யோஜனாவின் கீழ் சேர்க்கப்பட்ட தனிநபர் தானாக அடல் ஓய்வூதிய திட்டத்தின் கீழ் இடம்பெயரப்படுவார்.",
               "schemeTargetGroup":"ஒழுங்கமைக்கப்படாத துறையைச் சேர்ந்தவர்கள் மற்றும் எந்த சமூக பாதுகாப்புத் திட்டத்தின் கீழ் இல்லாத 2.20 மார்ச் மாதத்திற்குள் 2.25 கோடி மக்களை இலக்காகக் கொண்டு APY இன் கீழ் சந்தாதாரர்களின் தளத்தை விரிவுபடுத்த PFRDA திட்டமிட்டுள்ளது.",
               "schemeMiscDetails":"மேலும் பல தகவல்களுக்கு https://www.alankit.in/atal-pension-yojana-scheme-details.aspx",
               "schemeDepartments":"நிதி சேவைகள் துறை"  
             },
             {
               "schemeUiId":"M_0019_S_005",
               "schemeName":"பிரதான் மந்திரி சுரக்ஷா பீமா யோஜனா (பி.எம்.எஸ்.பி.ஒய்)",
               "schemeObj":"கொள்கையின் நோக்கம் சமுதாயத்தின் ஒவ்வொரு வகுப்பினருக்கும் குறிப்பாக குறைந்த வருமானம் உடையவர்களுக்கு மலிவு அளிப்பதாகும். இந்த காரணியை மனதில் வைத்து பிரீமியம் ஒரு உறுப்பினருக்கு ஆண்டுக்கு குறைந்தபட்சம் 12 ரூபாய் வரை வைக்கப்பட்டுள்ளது. இந்த திட்டத்துடன் இணைக்கப்பட்ட சேமிப்புக் கணக்கிலிருந்து பிரீமியம் தானாக டெபிட் செய்யப்படும். பிரீமியம் ஒவ்வொரு ஆண்டும் ஜூன் 1 அல்லது அதற்கு முன்னர் கழிக்கப்படும்.",
               "schemeDesc":"பிரதான் மந்திரி சுரக்ஷா பீமா யோஜனா (பி.எம்.எஸ்.பி.ஒய்) குறிப்பாக நிதிக் கட்டுப்பாடு காரணமாக காப்பீடு கிடைக்காத மக்களுக்காக தொடங்கப்பட்டது. இந்த திட்டத்தை நமது தற்போதைய இந்திய பிரதமர் ஸ்ரீ நரேந்திர மோடி 2015 மே 9 அன்று கொல்கத்தாவில் அனைத்து இந்திய குடிமக்களுக்காக அதிகாரப்பூர்வமாக தொடங்கினார். அரசாங்கத்தால் ஆதரிக்கப்படும் இந்த காப்பீட்டு திட்டத்தின் நோக்கம் இந்தியாவில் அதிகமான மக்களுக்கு காப்பீட்டுத் தொகையை அதிகரிப்பதாகும். பிரதான் மந்திரி சுரக்ஷா பீமா யோஜனா (பி.எம்.எஸ்.பி.ஒய்) ஒரு குழு தற்செயலான காப்பீட்டுக் கொள்கையாகும். இது தற்செயலான மரணம் மற்றும் இயலாமை மறைப்பை வழங்கும். தற்செயலான மரணம் மற்றும் மொத்த நிரந்தர இயலாமை மற்றும் நிரந்தர பகுதி இயலாமைக்கு 1 லட்சம் ரூபாய்.",
               "schemeEligiiblity":"வங்கிக் கணக்கு மற்றும் ஆதார் எண்ணைக் கொண்ட எந்தவொரு நபரும் இந்த திட்டத்தில் சேர ஒவ்வொரு ஆண்டும் ஜூன் 1 ஆம் தேதிக்கு முன்பு வங்கியில் ஒரு எளிய படிவத்தை கொடுக்கலாம். படிவத்தில் கொடுக்கப்பட வேண்டிய வேட்பாளரின் பெயர்.",
               "schemeTargetGroup":"ஏழைகளையும், நலிந்த மக்களையும் குறிவைத்து, அவர்களை அடிப்படை சமூக பாதுகாப்பு நலனுடன் மறைக்க வேண்டும். ஜனவரி 2018 நிலவரப்படி, இந்த திட்டத்தின் கீழ் ஏற்கனவே 13.28 கோடிக்கு மேல் சேர்க்கை செய்யப்பட்டுள்ளது.",
               "schemeMiscDetails":"மேலும் பல தகவல்களுக்கு https://financialservices.gov.in/insurance-divisions/Government-Sponsored-Socially-Oriented-Insurance-Schemes/Pradhan-Mantri-Suraksha-Bima-Yojana(PMSBY)",
               "schemeDepartments":"நிதி சேவைகள் துறை"  
             },
             {
                 "schemeUiId":"M_0019_S_006",
               "schemeName":"பிரதான் மந்திரி ஜீவன் ஜோதி பீமா யோஜனா (பி.எம்.ஜே.ஜே.பி.ஒய்)",
               "schemeObj":"நிதி எதிர்காலத்தைப் பாதுகாக்க, ஆயுள் காப்பீட்டில் ஊடுருவலை அதிகரித்தல், விழிப்புணர்வை அதிகரித்தல்.",
               "schemeDesc":"ஆட்டோ டெபிட்டில் சேர / இயக்க ஒப்புதல் அளிக்கும் வங்கிக் கணக்கு கொண்ட 18 முதல் 50 வயதுக்குட்பட்டவர்களுக்கு PMJJBY கிடைக்கிறது. ஆதார் வங்கி கணக்கிற்கான முதன்மை கே.ஒய்.சி. ஆயுட்காலம் ரூ. ஜூன் 1 முதல் மே 31 வரை ஒரு வருட காலத்திற்கு 2 லட்சம் மற்றும் புதுப்பிக்கத்தக்கதாக இருக்கும். இந்த திட்டத்தின் கீழ் இடர் பாதுகாப்பு ரூ. எந்தவொரு காரணத்தினாலும் காப்பீட்டாளரின் மரணம் ஏற்பட்டால் 2 லட்சம். பிரீமியம் ரூ. திட்டத்தின் கீழ் ஒவ்வொரு வருடாந்திர கவரேஜ் காலத்தின் மே 31 அல்லது அதற்கு முன்னதாக அவர் வழங்கிய விருப்பத்தின்படி சந்தாதாரரின் வங்கிக் கணக்கில் ஒரு தவணையில் தானாக டெபிட் செய்யப்பட வேண்டிய ஆண்டுக்கு 330 ரூபாய். இத்திட்டத்தை ஆயுள் காப்பீட்டுக் கழகம் மற்றும் பிற ஆயுள் காப்பீட்டாளர்கள் வழங்குகிறார்கள், அவர்கள் தேவையான ஒப்புதல்களுடன் இதேபோன்ற விதிமுறைகளை வழங்க தயாராக உள்ளனர், மேலும் இந்த நோக்கத்திற்காக வங்கிகளுடன் இணைகிறார்கள்.",
               "schemeEligiiblity":"எந்தவொரு நபரும் 18 வயது முதல் 50 வயது வரை உள்ளவர்கள் மற்றும் வங்கியில் சேமிப்புக் கணக்கு வைத்திருப்பவர்கள் இந்தத் திட்டத்தைத் தேர்வு செய்யலாம். 31-08-2015 அல்லது 30-11-2015 வரை நீட்டிக்கப்பட்ட திட்டத்தில் சேரும் நபர்கள், நல்ல உடல்நலம் குறித்த சுய சான்றிதழை சமர்ப்பிக்க வேண்டும், குறிப்பிட்ட நபர் குறிப்பிட்ட நோயால் பாதிக்கப்படுவதில்லை. ஒப்புதல் மற்றும் அறிவிப்பு வடிவத்தில்.",
               "schemeTargetGroup":"ஆரம்பத்தில் ஜூன் 1, 2015 முதல் 31 மே 2016 வரையிலான கவர் காலத்திற்கான துவக்கத்தில், சந்தாதாரர்கள் தங்கள் ஆட்டோ டெபிட் சம்மதத்தை 31 மே 2015 க்குள் பதிவுசெய்து வழங்க வேண்டும். வருங்கால அட்டைப்படத்திற்கான தாமதமான பதிவு 2015 ஆகஸ்ட் 31 வரை சாத்தியமாகும், இது இருக்கலாம் அரசாங்கத்தால் நீட்டிக்கப்பட்டது. இந்தியாவின் மேலும் மூன்று மாதங்களுக்கு, அதாவது நவம்பர் 30, 2015 வரை.",
               "schemeMiscDetails":"மேலும் பல தகவல்களுக்கு https://financialservices.gov.in/insurance-divisions/Government-Sponsored-Socially-Oriented-Insurance-Schemes/Pradhan-Mantri-Jeevan-Jyoti-Bima-Yojana(PMJJBY)",
               "schemeDepartments":"நிதி சேவைகள் துறை"
             },
             {
               "schemeUiId":"M_0019_S_007",
               "schemeName":"பிரதான் மந்திரி வயா வந்தனா யோஜனா (பி.எம்.வி.வி)",
               "schemeObj":"மூத்த குடிமக்களுக்கு வழக்கமான ஓய்வூதியம் வழங்குவதே இத்திட்டத்தின் நோக்கம். இத்திட்டத்தை இயக்குவதற்கான முழு உரிமைகளும் அவர்களுக்கு வழங்கப்பட்டிருப்பதால், இந்திய ஆயுள் காப்பீட்டுக் கழகம் மூலம் ஆஃப்லைனிலும் ஆன்லைனிலும் வாங்கலாம். எல்.ஐ.சி 58,152 பி.எம்.வி.வி திட்டங்களை ஐ.ஆர்.ஆர். மே 4, 2017 அன்று தொடங்கப்பட்டதிலிருந்து 2,705 கோடி ரூபாய்.",
               "schemeDesc":"பிரதான் மந்திரி வயா வந்தனா திட்டம் என்பது மூத்த குடிமக்களுக்கான ஓய்வூதிய திட்டமாகும், இது இந்திய அரசால் அறிமுகப்படுத்தப்பட்டுள்ளது. இந்த திட்டம் 2017 ஜூலை 4 ஆம் தேதி இந்திய நிதியமைச்சர் அருண் ஜெட்லியால் அதிகாரப்பூர்வமாக தொடங்கப்பட்டது, இருப்பினும் இது 4 மே 2017 அன்று மென்மையாக அறிமுகப்படுத்தப்பட்டதிலிருந்து வாங்குவதற்கு கிடைக்கிறது. வட்டி விகிதங்கள் வீழ்ச்சியடையும் காலங்களில் மூத்த குடிமக்களுக்கு இந்த திட்டம் ஒரு வரப்பிரசாதமாகும். நாட்டின் மூத்த குடிமக்களுக்கு வருமானத்திற்கான மாற்று வழிகளை வழங்கும் காப்பீட்டுக் கொள்கை மற்றும் ஓய்வூதியத் திட்டம் ஆகும். இந்திய அரசாங்கத்தின் ஆதரவுடன், இந்த ஓய்வூதியத் திட்டம் தேசிய சேமிப்புத் திட்டங்களின் கீழ் ஓய்வூதியத்திற்குப் பிந்தைய நிதித் திட்டத்திற்கான தேவையை பூர்த்தி செய்கிறது. 60 வயதிற்கு மேற்பட்ட நபர்கள் 2020 மார்ச் 31 வரை இந்தத் திட்டத்தைப் பெறலாம். மூத்த குடிமக்களை கணிக்க முடியாத சந்தை நிலைமைகளிலிருந்து பாதுகாப்பதற்கும், சமூக-பொருளாதார பாதுகாப்பை வழங்குவதற்கும், 8% மாதாந்திர வீதத்தில் ஓய்வூதியமாக தொடர்ச்சியான கட்டண செயல்முறைக்கு அரசாங்கம் உறுதியளித்துள்ளது 10 ஆண்டு காலத்திற்கு 8.30% வருடாந்திர வீதமாகக் குவிக்கும் வட்டி.",
               "schemeEligiiblity":"குறைந்தபட்ச நுழைவு வயது: 60 வயது (நிறைவு), அதிகபட்ச நுழைவு வயது: வரம்பு இல்லை, கொள்கை காலம்: 10 ஆண்டுகள், முதலீட்டு வரம்பு: மூத்த குடிமகனுக்கு ரூ .15 லட்சம், 'குறைந்தபட்ச ஓய்வூதியம்: ரூ. 1,000 / - மாதத்திற்கு ரூ. 3,000 / - காலாண்டில் ரூ .6,000 / - அரை வருடத்திற்கு ரூ .12,000 / - ',' அதிகபட்ச ஓய்வூதியம்: ரூ. 10,000 / - மாதத்திற்கு ரூ. 30,000 / - காலாண்டில் ரூ. 60,000 / - அரை வருடத்திற்கு ரூ. ஆண்டுக்கு 1,20,000 /'",
               "schemeTargetGroup":"பி.எம்.வி.வி.யில் முதலீடுகள் அடுத்த 10 ஆண்டுகளுக்கு ஆண்டுக்கு 8% வட்டி விகிதத்தைப் பெறும். தற்போதைய மேக்ரோ-பொருளாதார சூழலில் இது கவர்ச்சிகரமானதாகத் தோன்றுகிறது, மேலும் பணவீக்கம் இலக்கு 4-6% வரம்பில் இருந்தால் அது அப்படியே இருக்கும். ஓய்வுபெற்றவருக்கு கிடைக்கக்கூடிய உறுதிசெய்யப்பட்ட வருவாய் வழிகளில், இது மூத்த குடிமக்கள் சேமிப்பு திட்டத்திற்கு (எஸ்சிஎஸ்எஸ்) 8.6% விளைச்சலைக் கொடுக்கும் அடுத்த மிக உயர்ந்த வருமானத்தை அளிக்கிறது.",
               "schemeMiscDetails":"மேலும் பல தகவல்களுக்கு https://www.personalfinanceplan.in/pmvvy-pradhan-mantri-vaya-vandana-yojana/",
               "schemeDepartments":"நிதி சேவைகள் துறை"  
             },
             {
               "schemeUiId":"M_0019_S_008",
               "schemeName":"பிரதான் மந்திரி ஜந்தன் யோஜனா (பி.எம்.ஜே.டி.ஒய்)",
               "schemeObj":"நாட்டின் ஒவ்வொரு ஏழைகளுக்கும் வங்கி கணக்கு வழங்குவது. சிறு விவசாயிகளுக்கு வட்டி இல்லாத கடனை வழங்குவது. பழங்குடி சமூகங்களுக்கு நிதி உதவி வழங்குவது. சிறுபான்மை மக்களுக்கு இலவச மருத்துவ வசதி வழங்குதல்.",
               "schemeDesc":"'பிரதான் மந்திரி ஜான்-தன் யோஜனா என்பது நாட்டின் அனைத்து வீடுகளுக்கும் நிதி சேவைகளை வழங்குவதற்கான நிதி சேர்க்கைக்கான ஒரு தேசிய பணியாகும், குறிப்பாக கிராமப்புற பெண்கள், சிறு மற்றும் குறு விவசாயிகள் மற்றும் தொழிலாளர்கள் உட்பட சமூகத்தின் பலவீனமான பிரிவினரை மேம்படுத்துவதில் கவனம் செலுத்துகிறது. மற்றும் நகர்ப்புற' - ஸ்ரீ அருண் ஜெட்லி, நிதி அமைச்சர். கார்ப்பரேட் விவகாரங்கள் மற்றும் பாதுகாப்பு (ஆகஸ்ட் 2014). ஆகஸ்ட் 28 ஆம் தேதி இந்தத் திட்டத்தைத் தொடங்கும்போது, ​​ஏழைகளை ஒரு தீய சுழற்சியில் இருந்து விடுவித்ததைக் கொண்டாடும் ஒரு பண்டிகை என்று பிரதமர் விவரித்தார். ஸ்ரீ நரேந்திர மோடி பண்டைய சமஸ்கிருத வசனத்தை குறிப்பிட்டுள்ளார்: சுகஸ்ய மூலம் தர்மம், தர்மஸ்ய மூலம் அர்த்த, அர்த்தஸ் மூலம் ராஜ்யம் - இது மக்களை பொருளாதார நடவடிக்கைகளில் ஈடுபடுத்துவதற்கான பொறுப்பை மாநிலத்தின் மீது செலுத்துகிறது. 'இந்த அரசாங்கம் இந்த பொறுப்பை ஏற்றுக்கொண்டது'",
               "schemeEligiiblity":"இந்திய நாட்டினரான தனிநபர்கள் இந்த திட்டத்தின் கீழ் ஒரு கணக்கைத் திறக்க தகுதியுடையவர்கள். 10 வயதுக்கு மேற்பட்ட சிறுபான்மையினர் கூட இந்த திட்டத்தின் கீழ் ஒரு கணக்கைத் திறக்க தகுதியுடையவர்கள். ஆயினும்கூட, சிறார்களுக்கு, கணக்குகள் பாதுகாவலர்களால் நிர்வகிக்கப்படுகின்றன. சிறுபான்மையினர் ஒரு மாதத்திற்கு நான்கு முறை பணத்தை எடுக்க பயன்படுத்தக்கூடிய ரூபே அட்டைக்கு தகுதியுடையவர்கள். ஏற்கனவே இருக்கும் சேமிப்புக் கணக்கைக் கொண்ட தனிநபர்கள் இந்தத் திட்டத்தின் கீழ் ஒரு கணக்கையும் திறக்கலாம். நன்மைகளை அனுபவிப்பதற்காக அவர்கள் தங்கள் கணக்கு நிலுவை PMJDY திட்டத்திற்கு மாற்றலாம். ஒரு வேளை, தனிநபர்கள் தங்கள் தேசியத்தை நிலைநிறுத்துவதற்கு எந்த ஆவணங்களும் இல்லை என்றால், வங்கி தனிநபரிடம் ஒரு முதன்மை காசோலையை நடத்தி அவற்றை குறைந்த ஆபத்துள்ள தனிநபராக வகைப்படுத்துகிறது. இந்த நபர்கள் ஒரு தற்காலிக கணக்கைத் திறக்க அனுமதிக்கப்படுகிறார்கள், இது கணக்கைத் திறந்த நாளிலிருந்து 12 மாதங்களுக்குள் தேவையான ஆவணங்களைச் சமர்ப்பிப்பதன் மூலம் நிரந்தரமாக செய்ய முடியும்.",
               "schemeTargetGroup":"நாட்டில் 21.02 கோடி வீடுகளில் கணக்கெடுப்பு நடத்திய பின்னர் இலக்கு நிர்ணயிக்கப்பட்டுள்ளது. இன்று, கிட்டத்தட்ட 100% கவரேஜ் அடையப்பட்டுள்ளது. திறக்கப்பட்ட கணக்குகளில், 60% கிராமப்புறங்களிலும், 40% நகர்ப்புறங்களிலும் உள்ளன. பெண் கணக்கு வைத்திருப்பவர்களின் பங்கு சுமார் 51% ஆகும்.",
               "schemeMiscDetails":"மேலும் பல தகவல்களுக்கு https://www.pmindia.gov.in/en/major_initiatives/pradhan-mantri-jan-dhan-yojana/",
               "schemeDepartments":"நிதி சேவைகள் துறை"   
             },
             {
               "schemeUiId":"M_0019_S_009",
               "schemeName":"ஆம் அட்மி பீமா யோஜனா (AABY)",
               "schemeObj":"கிராமப்புற மக்களுக்கு சமூக பாதுகாப்பு மற்றும் நிதி உதவிகளை வழங்குதல். நகர்ப்புற சுகாதார வசதி இல்லாமல் வறுமைக் கோட்டுக்குக் கீழே வாழும் மக்களுக்கு / கிராமப்புறங்களில் வாழும் மக்களுக்கு சமூகப் பாதுகாப்பை வழங்குதல்.",
               "schemeDesc":"ஆம் ஆத்மி பீமா யோஜனா ஒரு சமூக பாதுகாப்புத் திட்டமாகும், இது பெரும்பாலும் கிராமப்புற நிலமற்ற வீடுகளுக்கு இந்திய அரசாங்கத்தால் தொடங்கப்பட்டது மற்றும் நிர்வகிக்கப்படுகிறது. இது அக்டோபர் 2, 2007 அன்று தொடங்கப்பட்டது. இந்தத் திட்டம் குடும்பத் தலைவருக்கு அல்லது குடும்பத்தில் சம்பாதிக்கும் ஒரு உறுப்பினருக்கு பாதுகாப்பு வழங்குகிறது. காப்பீடு செய்யப்பட்ட நபர் பிரீமியம் செலுத்த வேண்டியதில்லை என்பதை உறுதி செய்வதற்காக, ஒரு நபருக்கு ஆண்டுக்கு ரூ .200 / - பிரீமியம் மத்திய அரசும் மாநில அரசும் சமமாகப் பகிரப்படுகிறது. உள்ளடக்கப்பட்ட உறுப்பினர் 18 முதல் 59 வயதுக்கு உட்பட்டவராக இருக்க வேண்டும். சமூக பாதுகாப்புத் திட்டங்களை, ஆம் ஆத்மி பீமா யோஜனா (ஏஏபிஒய்) மற்றும் ஜனஸ்ரீ பீமா யோஜனா (ஜேபிஒய்) இணைப்பதற்கு இந்திய அரசின் கீழ் நிதி அமைச்சகம் ஒப்புதல் அளித்தது. இணைக்கப்பட்ட திட்டம் 'ஆம் ஆத்மி பீமா யோஜனா' என்று மறுபெயரிடப்பட்டது, இது ஜனவரி 1, 2013 முதல் நடைமுறைக்கு வந்துள்ளது.",
               "schemeEligiiblity":"உறுப்பினர்கள் 18 வயது பூர்த்தியடைந்தவர்களாகவும், 59 வயதுக்கு அருகில் பிறந்தவர்களாகவும் இருக்க வேண்டும். உறுப்பினர் பொதுவாக குடும்பத்தின் தலைவராக இருக்க வேண்டும் அல்லது வறுமைக் கோட்டுக்குட்பட்ட குடும்பத்தின் (பிபிஎல்) ஒரு சம்பாதிக்கும் உறுப்பினராக இருக்க வேண்டும் அல்லது அடையாளம் காணப்பட்ட தொழிற்கல்வி குழு / கிராமப்புற நிலமற்ற குடும்பத்தின் கீழ் வறுமைக் கோட்டிற்கு சற்று மேலே இருக்க வேண்டும்.",
               "schemeTargetGroup":"இது இந்தியாவின் குறைந்த வருமானம் கொண்ட குடும்பங்களை இலக்காகக் கொண்ட ஒரு சமூக பாதுகாப்புத் திட்டமாகும். இந்தத் திட்டம் பொதுவாக ஊதியத்தில் இல்லாதவர்களுக்கு பயனளிக்கிறது, எடுத்துக்காட்டாக, மீனவர்கள், ஆட்டோ ஓட்டுநர்கள், கபிலர்கள் போன்றவர்கள்.",
               "schemeMiscDetails":"மேலும் பல தகவல்களுக்கு https://www.turtlemint.com/life-insurance/articles/aam-aadmi-bima-yojana/",
               "schemeDepartments":"நிதி சேவைகள் துறை"   
             },
             {
                "schemeUiId":"M_0019_S_0010",
               "schemeName":"ஸ்டாண்ட் அப் இந்தியா திட்டம் (ஸ்டாண்டப்)",
               "schemeObj":"கிராண்ட்ஃபீல்ட் நிறுவனத்தை அமைப்பதற்கான ஒரு வங்கிக் கிளைக்கு குறைந்தபட்சம் ஒரு பட்டியல் சாதி (எஸ்சி) அல்லது பட்டியல் பழங்குடி (எஸ்.டி) கடன் வாங்குபவருக்கு குறைந்தபட்சம் ஒரு பெண் கடன் வாங்குபவருக்கு 10 லாக் முதல் 1 கோடி வரை வங்கிக் கடன்களை எளிதாக்குவதே ஸ்டாண்ட்-அப் இந்தியா திட்டத்தின் நோக்கம். இந்த நிறுவனம் உற்பத்தி சேவைகள், சேவைகள் அல்லது வர்த்தக துறையில் இருக்கலாம். தனிநபர் அல்லாத நிறுவனங்களின் பங்கில் குறைந்தபட்சம் 51% பங்குகளை வைத்திருத்தல் மற்றும் கட்டுப்படுத்துதல் பங்குகளை ஒரு எஸ்சி / எஸ்டி அல்லது பெண் தொழில்முனைவோர் வைத்திருக்க வேண்டும்.",
               "schemeDesc":"இந்தியப் பிரதம மந்திரி திரு நரேந்திர மோடி ஏப்ரல் 2016 இல் ஸ்டாண்ட் அப் இந்தியா திட்டத்தை தொடங்கினார், நாடு முழுவதும் உள்ள சாதி மற்றும் திட்டமிடப்பட்ட பழங்குடியினர் மற்றும் பெண்களை ஊக்குவித்து தொழில் தொடங்குவதற்கு ஒரு தொகையை கடன் கொடுத்து தொழில்முனைவோராக மாற ஊக்குவித்தார். அப் இந்தியா திட்டம், திட்டமிடப்பட்ட சாதி அல்லது பட்டியல் பழங்குடியினரைச் சேர்ந்த அல்லது நாட்டின் பெண்களுக்கு அவர்களின் தேவையின் அடிப்படையில் ரூ .10 லட்சம் முதல் ரூ .1 கோடி வரை கடன் வழங்குவதை நோக்கமாகக் கொண்டுள்ளது. அவர்கள் மத்தியில் தொழில்முனைவோரை வளர்ப்பதே இதன் நோக்கம். ‘ஸ்டாண்ட் அப் இந்தியா திட்டம்’ என்ற தலைப்பு ஐ.ஏ.எஸ் தேர்வின் இந்திய பாலிட்டி பாடத்திட்டத்தின் கீழ் வருகிறது, மேலும் இது குறித்த பொருத்தமான உண்மைகளை இந்த கட்டுரை உங்களுக்கு வழங்கும்.",
               "schemeEligiiblity":"எஸ்சி / எஸ்டி மற்றும் / அல்லது பெண் தொழில்முனைவோர், 18 வயதுக்கு மேற்பட்டவர்கள். இத்திட்டத்தின் கீழ் கடன்கள் பசுமைக் கள திட்டத்திற்கு மட்டுமே கிடைக்கின்றன. இந்த சூழலில், உற்பத்தி அல்லது சேவைகள் அல்லது வர்த்தக துறையில் பயனாளியின் முதல் முறையாக பசுமை புலம் குறிக்கிறது. தனிநபர் அல்லாத நிறுவனங்களைப் பொறுத்தவரை, 51% பங்குதாரர் மற்றும் கட்டுப்படுத்தும் பங்குகளை எஸ்சி / எஸ்டி மற்றும் / அல்லது பெண்கள் தொழில்முனைவோர் வைத்திருக்க வேண்டும். கடன் வாங்குபவர் எந்தவொரு வங்கி / நிதி நிறுவனத்திற்கும் இயல்புநிலையாக இருக்கக்கூடாது.",
               "schemeTargetGroup":"ஸ்டாண்ட் அப் இந்தியா திட்டம் தொடங்கப்பட்டு 36 மாதங்களே குறைந்தது 2.5 லட்சம் ஒப்புதல்களின் இலக்கை எட்டும் என்று எதிர்பார்க்கப்படுகிறது. எஸ்சி / எஸ்டி, பெண் தொழில்முனைவோர், உற்பத்தி, வர்த்தகம் மற்றும் சேவை துறைகள் இலக்கு பார்வையாளர்களில் சில.",
               "schemeMiscDetails":"மேலும் பல தகவல்களுக்கு https://www.standupmitra.in/Home/SchemeGuidelines",
               "schemeDepartments":"நிதி சேவைகள் துறை"    
             },
             {
                "schemeUiId":"M_0019_S_0011",
               "schemeName":"தங்க நாணயமாக்கல் திட்டம்",
               "schemeObj":"இது வீடு மற்றும் நிறுவனங்கள் வைத்திருக்கும் தங்கத்தை அணிதிரட்டுகிறது. வங்கியிடமிருந்து கடனில் தங்கத்தை மூலப்பொருளாகக் கிடைக்கச் செய்வதன் மூலம், இது நாட்டில் ரத்தினங்கள் மற்றும் நகைத் துறைகளை உயர்த்துகிறது. இது உள்நாட்டு தேவைக்கு காலப்போக்கில் தங்கத்தை இறக்குமதி செய்வதை நம்புவதையும் குறைக்கிறது. முதலீட்டாளர்கள் தங்கத்தை 1-3 ஆண்டுகளுக்கு குறுகிய கால வைப்பு, 5-7 ஆண்டுகளுக்கு நடுத்தர கால மற்றும் 12-15 ஆண்டுகளுக்கு நீண்ட காலத்திற்கு டெபாசிட் செய்யலாம். வட்டி விகிதம் வெவ்வேறு பதவிகளுக்கு வித்தியாசமாக இருக்கும். குறுகிய கால வைப்புத்தொகை ஒரு தனிநபர் வங்கியால் தங்கள் சொந்த கணக்கில் ஏற்றுக்கொள்ளப்படும், ஆனால் நடுத்தர மற்றும் நீண்ட கால வைப்புத்தொகை இந்திய அரசாங்கத்தின் சார்பாக வங்கிகளால் ஏற்றுக்கொள்ளப்படும், இது இந்திய ரிசர்வ் வங்கி வழங்கிய அறிவிப்பின் அடிப்படையில்.",
               "schemeDesc":"பிரதமர் நரேந்திர மோடியின் படி மத்திய பணப்பரிமாற்றத்தால் 2015-16 மத்திய பட்ஜெட்டின் போது தங்க நாணயமாக்கல் திட்டம் முதன்முதலில் உரையாற்றப்பட்டது. இந்திய வீடுகளில் கிடந்த தங்கங்களைத் திரட்டுவதற்கும் அதை உற்பத்தி நோக்கத்திற்காகப் பயன்படுத்துவதற்கும் ஒரு முயற்சியாக தங்க நாணயமாக்கல் திட்டம் (ஜிஎம்எஸ்) இந்திய அரசால் 2015 நவம்பர் 5 ஆம் தேதி தொடங்கப்பட்டது. தங்க பணமாக்குதல் திட்டத்தை தொடங்குவதோடு, அரசு தங்கப் பத்திரத் திட்டத்தையும், இந்திய தங்க நாணயத்தின் வளர்ச்சியையும் தொடங்குவதாக அரசாங்கம் அறிவித்தது. தற்போதுள்ள தங்க வைப்புத் திட்டத்தை (ஜி.டி.எஸ்) மாற்றுவதற்காக கோல்ட் பணமாக்குதல் திட்டம் அறிமுகப்படுத்தப்பட்டது. 1999 தங்க வைப்புத்தொகையாளர்கள் ஒரு வருடம் முதல் மூன்று ஆண்டுகள் வரை குறுகிய கால வைப்புக்கு ஆண்டுக்கு 2.25% வட்டி சம்பாதிக்க வேண்டும். நடுத்தர மற்றும் நீண்ட கால வைப்புகளுக்கு வைப்புத்தொகையாளர்களுக்கு 2.5% வட்டி விகிதம் வழங்கப்படுகிறது. 2015 ஆம் ஆண்டில் தொடங்கப்பட்ட இந்த திட்டம், இந்தியாவில் உள்ள பல்வேறு குடும்பங்கள் மற்றும் நிறுவனங்களின் தங்கத்தை அணிதிரட்டுவதை உறுதி செய்கிறது.",
               "schemeEligiiblity":"டெபாசிட் செய்ய தகுதியுள்ள நபர்கள் - குடியுரிமை பெற்ற இந்தியர்கள் [தனிநபர்கள், HUF கள், உரிமையாளர் மற்றும் கூட்டு நிறுவனங்கள் 2, செபி (மியூச்சுவல் ஃபண்ட்) விதிமுறைகள், நிறுவனங்கள், தொண்டு நிறுவனங்கள், மத்திய அரசு, மாநில அரசு அல்லது வேறு ஏதேனும் ஒரு நிறுவனத்தின் கீழ் பதிவுசெய்யப்பட்ட பரஸ்பர நிதிகள் / பரிமாற்ற வர்த்தக நிதிகள் உள்ளிட்ட அறக்கட்டளைகள் மத்திய அரசு அல்லது மாநில அரசுக்கு சொந்தமானது] 3 திட்டத்தின் கீழ் டெபாசிட் செய்யலாம். இரண்டு அல்லது அதற்கு மேற்பட்ட தகுதி வாய்ந்த வைப்புத்தொகையாளர்களின் கூட்டு வைப்புத்தொகையும் திட்டத்தின் கீழ் அனுமதிக்கப்படுகிறது, அவ்வாறான வைப்புத்தொகை அத்தகைய வைப்புத்தொகையாளர்களின் பெயரில் திறக்கப்பட்ட கூட்டு வைப்புக் கணக்கில் வரவு வைக்கப்படும். வேட்புமனுக்கள் உட்பட வங்கி வைப்புக் கணக்குகளின் கூட்டு செயல்பாடு தொடர்பான தற்போதைய விதிகள் இந்த தங்க வைப்புகளுக்கு பொருந்தும்.",
               "schemeTargetGroup":"தங்க நாணயமாக்குதல் திட்டம் தனிப்பட்ட வீடுகள், கோயில்கள், மத அறக்கட்டளைகள் போன்றவற்றுடன் சும்மா கிடக்கும் தங்கத்தைப் பயன்படுத்துவதை இலக்காகக் கொண்டுள்ளது, ஜிபிஎஸ் இயற்பியல் அல்லாத தங்கத்தில் முதலீட்டு தேவையை ஈடுசெய்ய வடிவமைக்கப்பட்டுள்ளது.",
               "schemeMiscDetails":"மேலும் பல தகவல்களுக்கு https://www.rbi.org.in/Scripts/NotificationUser.aspx?Id=10084&Mode=0",
               "schemeDepartments":"ரிசர்வ் வங்கியுடன் இணைந்து பொருளாதார விவகாரங்கள் துறை"    
             },
             {
                "schemeUiId":"M_0019_S_0012",
               "schemeName":"இறையாண்மை தங்க பத்திர திட்டம்",
               "schemeObj":"இறையாண்மை தங்க பத்திரங்கள் (எஸ்ஜிபி) அரசாங்க பத்திரங்கள், அவை கிராம் தங்க வடிவில் குறிப்பிடப்படுகின்றன. இது உடல் விநியோகத்தை எடுக்காமல் தங்கத்தை வாங்குவதைப் போன்றது. ஜிஜிபிகளை இந்திய அரசாங்கத்தின் சார்பாக ரிசர்வ் வங்கி வழங்குகிறது.",
               "schemeDesc":"முதலீட்டாளர்களுக்கு சொந்தமான தங்கத்திற்கு மாற்றாக இந்திய அரசு 2015 நவம்பரில் சவர்ன் கோல்ட் பாண்ட் (எஸ்ஜிபி) திட்டத்தை அறிமுகப்படுத்தியது. மேலும், இது கடன் நிதி வகையைச் சேர்ந்தது. பல ஆண்டுகளாக, சந்தை தங்க தங்கத்திற்கான தேவையில் கணிசமான சரிவைக் கண்டது. எஸ்ஜிபி சொத்தின் இறக்குமதி-ஏற்றுமதி மதிப்பைக் கண்காணிப்பது மட்டுமல்லாமல், அதே நேரத்தில் வெளிப்படைத்தன்மையையும் உறுதி செய்கிறது. எஸ்ஜிபிக்கள் அரசாங்க பத்திரங்கள் மற்றும் அவை பாதுகாப்பானவை என்று கருதப்படுகின்றன. அவற்றின் மதிப்பு தங்க கிராம் பெருக்கங்களில் குறிப்பிடப்படுகிறது. எஸ்.ஜி.பிக்கள் முதலீட்டாளர்களில் கணிசமான அதிகரிப்பு கண்டன, இது உடல் தங்கத்திற்கு மாற்றாக கருதப்படுகிறது. நீங்கள் ஒரு எஸ்ஜிபி வாங்க விரும்பினால், நீங்கள் செய்ய வேண்டியது செபி அங்கீகரிக்கப்பட்ட முகவரை அணுக வேண்டும். நீங்கள் பத்திரத்தை மீட்டெடுத்தவுடன், கார்பஸ் (தற்போதைய சந்தை மதிப்பின்படி) உங்கள் பதிவு செய்யப்பட்ட வங்கிக் கணக்கில் டெபாசிட் செய்யப்படும்.",
               "schemeEligiiblity":"இந்திய குடியிருப்பாளர் - இந்தத் திட்டம் இந்திய குடியிருப்பாளர்களுக்கு மட்டுமே திறந்திருக்கும், 1999 இன் அந்நிய செலாவணி மேலாண்மைச் சட்டம் தகுதிக்கான அளவுகோல்களை வகுக்கிறது. தனிநபர்கள் / குழுக்கள் - தனிநபர்கள், சங்கங்கள், அறக்கட்டளைகள், HUF கள் போன்றவை அனைத்தும் இந்த திட்டத்தில் முதலீடு செய்ய தகுதியுடையவை, அவர்கள் இந்திய குடியிருப்பாளர்களாக இருந்தால். இத்திட்டத்தின் கீழ், ஒருவர் மற்ற தகுதி வாய்ந்த உறுப்பினர்களுடன் கூட்டாக பத்திரங்களில் முதலீடு செய்யலாம். மைனர்கள் - இந்த பத்திரத்தை சிறார்களின் சார்பாக பாதுகாவலர்கள் அல்லது பெற்றோர்கள் வாங்கலாம்.",
               "schemeTargetGroup":"ஒவ்வொரு ஆண்டும் வாங்கப்பட்ட 300 டன் தங்க பார்கள் மற்றும் நாணயங்களின் ஒரு பகுதியை டிமேட் தங்கப் பத்திரங்களில் முதலீடு செய்வதே இலக்கு. இத்திட்டத்தின் கீழ் இலக்கு திரட்டப்படுவது 2015-16ல் ரூ .15,000 கோடியும், 2016-17ல் ரூ .10,000 கோடியும் ஆகும். அரசு கணக்கில் இதுவரை வரவு வைக்கப்பட்டுள்ள தொகை ரூ .4,769 கோடி.",
               "schemeMiscDetails":"மேலும் பல தகவல்களுக்கு https://m.rbi.org.in/Scripts/FAQView.aspx?Id=109",
               "schemeDepartments":"ரிசர்வ் வங்கியுடன் இணைந்து பொருளாதார விவகாரங்கள் துறை"    
             },
             {
                "schemeUiId":"M_0019_S_0013",
               "schemeName":"ஸ்வச் பாரத் கோஷ் (எஸ்.பி.கே)",
               "schemeObj":"தனிநபர்கள் மற்றும் பரோபகாரர்கள் 2019 ஆம் ஆண்டிற்குள் தூய்மையான இந்தியாவின் (ஸ்வச் பாரத்) நோக்கத்தை அடைவதற்கான முயற்சிகளில் பங்களிப்பதில் ஆர்வம் தெரிவித்துள்ளனர். ஸ்வச் பாரத் கோஷ், மனிதநேய பங்களிப்புகளையும், பெருநிறுவன சமூக பொறுப்புணர்வு (சி.எஸ்.ஆர்) நிதிகளையும் சேர்ப்பதற்கு வசதியாக அமைக்கப்பட்டுள்ளது காரணம்.",
               "schemeDesc":"ஸ்வச் பாரத் கோஷ் நிதி அமைச்சகத்தின் செலவுத் துறையால் 2014 இல் தொடங்கப்பட்டது. கார்ப்பரேட் துறையிலிருந்து கார்ப்பரேட் சமூக பொறுப்புணர்வு (சி.எஸ்.ஆர்) நிதிகளை ஈர்ப்பதற்காக எஸ்.பி.கே அமைக்கப்பட்டுள்ளது மற்றும் 2019 ஆம் ஆண்டிற்குள் தூய்மையான இந்தியாவின் (ஸ்வச் பாரத்) நோக்கத்தை அடைய தனிநபர்கள் மற்றும் பரோபகாரர்களின் பங்களிப்புகள். கோஷ் மேம்படுத்தப்படும் நோக்கத்தை அடைய பயன்படுத்தப்படும் பள்ளிகள் உட்பட கிராமப்புற மற்றும் நகர்ப்புறங்களில் தூய்மை நிலைகள். கார்ப்பரேட் சமூக பொறுப்புணர்வு நடவடிக்கைகளின் ஒரு பகுதியாக ஸ்வச் பாரத் கோஷ் (எஸ்.பி.கே) 2015-16 முதல் ஜூலை 2018 வரை மூன்று ஆண்டுகளில் ரூ .673 கோடிக்கு மேல் பெற்றுள்ளது. 2015-16ஆம் ஆண்டில் எஸ்.பி.கே ரூ .253.03 கோடி, ரூ .244.72 கோடி 2016-17 மற்றும் 2017-18 ஆம் ஆண்டில் ரூ .175.32 கோடி.",
               "schemeEligiiblity":"நிறுவனங்கள் சட்டம், 2013 இன் பிரிவு 135 இன் துணைப்பிரிவு (5) இன் கீழ் “கார்ப்பரேட் சமூக பொறுப்புணர்வு” க்காக செலவிடப்பட்ட தொகையைத் தவிர, “ஸ்வச் பாரத் கோஷ்” க்கான நன்கொடைகள் வருமான வரி 80 ஜி பிரிவின் கீழ் 100% விலக்குக்கு தகுதியானவை சட்டம், 1961. இது மதிப்பீட்டு ஆண்டு 2015-16 மற்றும் அடுத்தடுத்த ஆண்டுகளுக்கு பொருந்தும்.",
               "schemeTargetGroup":"ஒவ்வொரு ஊரிலும் 1.04 கோடி வீடுகளை உள்ளடக்குதல், 2.5 லட்சம் சமூக கழிப்பறைகள், 2.6 லட்சம் பொது கழிப்பறைகள் மற்றும் ஒரு திட கழிவு மேலாண்மை வசதி ஆகியவற்றை இந்த நோக்கம் இலக்காகக் கொண்டுள்ளது. இந்த திட்டம் 4,401 நகரங்களில் ஐந்தாண்டு காலத்தில் செயல்படுத்தப்படும்.",
               "schemeMiscDetails":"மேலும் பல தகவல்களுக்கு http://sbkosh.gov.in/",
               "schemeDepartments":"செலவுத் துறை"    
             },
             {
               "schemeUiId":"M_0019_S_0014",
               "schemeName":"திட்டம் சக்ஷம்",
               "schemeObj":"அதன் ஊழியர்களின் செயல்திறன் மற்றும் உற்பத்தித்திறனை அதிகரிப்பதை வலியுறுத்துவதன் மூலம் இந்திய ரயில்வேக்கு ஒரு பட தயாரிப்பைக் கொண்டுவருவதை இது நோக்கமாகக் கொண்டுள்ளது. இந்திய ரயில்வேயில் 13 லட்சம் வலுவான பணியாளர்களின் திறன் தொகுப்பை மேம்படுத்துவதை இந்த திட்டம் நோக்கமாகக் கொண்டுள்ளது. இது ஒன்பது மாதங்களுக்கு ஒற்றை இயக்கி பரவலாக நடத்தப்படும். இது 2018 ஜனவரி முதல் செப்டம்பர் வரை மேற்கொள்ளப்படும்.",
               "schemeDesc":"இந்திய ரயில்வே தனது 13 லட்சம் வலுவான பணியாளர்களின் திறன்களை ஒன்பது மாத கால இடைவெளியில் ஒற்றை இயக்கி மூலம் மேம்படுத்துவதற்காக அரசாங்க ஊழியர்களுக்கான நாட்டின் மிகப் பெரிய நேரத்திற்குட்பட்ட “மேம்பாட்டு” பயிற்சியைத் தொடங்கும். திட்ட சக்ஷம் என்று பெயரிடப்பட்ட இந்த பயிற்சி 2018 ஜனவரியில் தொடங்கி செப்டம்பர் வரை தொடரும், பயிற்சி வகுப்புகள் மற்றும் சிறப்பாக வடிவமைக்கப்பட்ட திறன்-மேம்படுத்தல் தொகுதிகள் மூலம். ஒரு பியூன் பதவியில் இருந்து ரயில்வே வாரிய உறுப்பினர்கள் வரை பணியாளர்கள் மற்றும் இடையில் உள்ள அனைவரும் பயிற்சிக்கு உட்படுவார்கள். வளர்ந்து வரும் சேவைகள், சேவை வழங்கலின் புதிய வரையறைகள் மற்றும் வாடிக்கையாளர்களின் அதிக எதிர்பார்ப்புகளுடன், ஊழியர்கள் சந்தர்ப்பத்திற்கு உயர திறன்களை வளர்த்துக் கொள்ள வேண்டும். அனைவரிடமிருந்தும் நாம் வைத்திருக்கும் சிறப்பான புதிய தரங்களை வழங்குவதற்கான சரியான திறன்கள், அறிவு மற்றும் மனப்போக்கு ஆகியவற்றைக் கொண்டிருக்கும்போது மட்டுமே ஊழியர்கள் வழங்க முடியும் மற்றும் செய்ய முடியும். பொது மேலாளர்கள் பயிற்சி தொகுதிகளை அடையாளம் காண்பார்கள், தங்கள் பணியாளர்களை சிறு குழுக்களாகப் பிரித்து முழு திட்டத்தையும் டிசம்பர் 31 க்குள் அமைச்சகத்துடன் தொடர்புகொள்வார்கள். ஒவ்வொன்றும் ஐந்து நாள் வேலைவாய்ப்பு பயிற்சி அல்லது ரயில்வே பயிற்சி மையங்களில் வகுப்பறை அமர்வுகள், பாடத்தின் தன்மை. உத்தரவின் படி, அனைத்து ஊழியர்களின் அறிக்கையிடல் மேலாளர்களும் புதிதாக கற்ற திறன்களை வழக்கமான வேலைகளில் எளிதாக ஒருங்கிணைக்க முடியும் என்பதை உறுதிப்படுத்த முன் பயிற்சி மற்றும் பயிற்சிக்கு பிந்தைய செயல்பாட்டில் தீவிரமாக ஈடுபட வேண்டும். ஷிங்கன்சென் புல்லட் ரயில் மற்றும் கனரக பயண தொழில்நுட்பங்களின் பல்வேறு செயல்முறைகளில் பயிற்சி பெற ரயில்வே அதிகாரிகளின் குழுக்கள் ஜப்பானுக்கு செல்கின்றன.",
               "schemeEligiiblity":"அடுத்த ஒரு வருடம், ஒவ்வொரு மண்டலத்திலும் உள்ள அனைத்து ஊழியர்களும் தங்கள் பணி பகுதிக்கு பொருத்தமான திறன்கள் மற்றும் அறிவைப் பற்றிய ஒரு வார பயிற்சி மூலம் வழங்கப்படுவார்கள். இது அவர்களின் வேலைவாய்ப்பின் தன்மையைப் பொறுத்து, ரயில்வே பயிற்சி மையங்களில் ஐந்து நாள் வேலை அல்லது வகுப்பறை பயிற்சியாக இருக்கும். குறுகிய கால பயிற்சியின் தன்மை, புத்துணர்ச்சியூட்டும் படிப்புகள் முதல், அந்தந்த பகுதிகளில் உருவாகியுள்ள உலகளாவிய நடைமுறைகள், தற்போதுள்ள செயல்பாட்டின் திறன்கள் வரை இருக்கும். ஒரு பியூன் பதவியில் இருந்து ரயில்வே வாரிய உறுப்பினர்களின் உயர் பதவியில் உள்ள ஊழியர்கள் பயிற்சிக்கு வருவார்கள்.",
               "schemeTargetGroup":"கிராமப்புற சூழலில் சுய வேலைவாய்ப்பு / தொழில் முனைவோர் ஊக்குவிப்பை வழங்க இந்த திட்டம் கவனம் செலுத்துகிறது. தொழில்முனைவோர் மேம்பாட்டிற்கான தொழிற்பயிற்சிக்கான (வி.டி.இ.பி.) இளைஞர்களுக்கு அணுகலை வழங்குவதற்காக சாக்ஷாமின் கீழ் மேற்கொள்ளப்பட்ட அனைத்து செயல்முறைகள் மற்றும் பயிற்சிகளையும் இது குறிக்கிறது, இது சுய வேலைவாய்ப்பு வாய்ப்புகள் என மாறி மாறி குறிப்பிடப்படுகிறது.",
               "schemeMiscDetails":"மேலும் பல தகவல்களுக்கு https://dfccil.com/upload/PROJECT_SAKSHAM_-__A_Project_Report_V3.PDF",
               "schemeDepartments":"வருவாய் துறை"    
             },
             {
               "schemeUiId":"M_0019_S_0015",
               "schemeName":"ரிசர்வ் வங்கியின் தாராளமயமான பணம் அனுப்பும் திட்டம்",
               "schemeObj":"எல்.ஆர்.எஸ் கூரையுடன் மேம்பட்ட கண்காணிப்பு மற்றும் இணக்கத்தை உறுதி செய்வதன் நோக்கம், வங்கிகளால் தனிநபர் பரிவர்த்தனைகளை தினசரி புகாரளிப்பதற்கான ஒரு அமைப்பை வைக்க முடிவு செய்யப்பட்டுள்ளது.",
               "schemeDesc":"தாராளமயமாக்கப்பட்ட பணம் அனுப்பும் திட்டம் பிப்ரவரி 2004 இல் தொடங்கப்பட்டது, அதன் நோக்கம் ஒரு நிதியாண்டில் (ஏப்ரல் - மார்ச்) 25,000 டாலர் என்ற வரம்பை மீறவில்லை எனில், எந்தவொரு நோக்கத்திற்காகவும் தனிநபர்கள் வெளிநாடுகளில் பணம் அனுப்ப அனுமதிக்க வேண்டும். பொருளாதாரத்தில் சாதகமான மேக்ரோ நிலைமைகள் ரிசர்வ் வங்கியை எல்.ஆர்.எஸ் இன் கீழ் அனுமதிக்கப்பட்ட தொகையை தற்போது ஒரு நிதியாண்டுக்கு 2,50,000 டாலர்களாக உயர்த்த அனுமதித்தன. தாராளமயமாக்கப்பட்ட பணம் அனுப்பும் திட்டத்தின் கீழ், எந்தவொரு அனுமதிக்கப்பட்ட நடப்பு அல்லது மூலதன கணக்கு பரிவர்த்தனை அல்லது இரண்டின் சேர்க்கைக்கும் சிறுபான்மையினர் உட்பட அனைத்து வதிவிட நபர்களும் நிதியாண்டுக்கு (ஏப்ரல் - மார்ச்) 2,50,000 அமெரிக்க டாலர் வரை இலவசமாக அனுப்ப அனுமதிக்கப்படுகிறார்கள். மேலும், மே 26, 2015 தேதியிட்ட FEM (CAT) திருத்த விதிகள் 2015 இன் அட்டவணை III இன் பாரா 1 இல் குறிப்பிடப்பட்டுள்ள நோக்கங்களுக்காக வசிக்கும் நபர்கள் அந்நிய செலாவணி வசதியைப் பெற முடியும், இது 2,50,000 அமெரிக்க டாலர் வரம்பிற்குள் மட்டுமே. இந்த திட்டம் பிப்ரவரி 4, 2004 அன்று 25,000 அமெரிக்க டாலர் வரம்பில் அறிமுகப்படுத்தப்பட்டது. எல்.ஆர்.எஸ் வரம்பு நிலவும் மேக்ரோ மற்றும் மைக்ரோ பொருளாதார நிலைமைகளுக்கு ஏற்ப கட்டங்களில் திருத்தப்பட்டுள்ளது. பணம் செலுத்துபவர் சிறியவராக இருந்தால், எல்.ஆர்.எஸ் அறிவிப்பு படிவம் மைனரின் இயற்கையான பாதுகாவலரால் எதிர் கையொப்பமிடப்பட வேண்டும். கார்ப்பரேட்டுகள், கூட்டு நிறுவனங்கள், HUF, அறக்கட்டளைகள் போன்றவற்றுக்கு இந்த திட்டம் கிடைக்கவில்லை.",
               "schemeEligiiblity":"இந்த திட்டம் சிறுபான்மையினர் உட்பட அனைத்து குடியிருப்பாளர்களுக்கும் கிடைக்கிறது. பணம் செலுத்துபவர் சிறியவராக இருந்தால், 4 படிவம் மைனரின் இயற்கையான பாதுகாவலரால் எதிர் வடிவமைக்கப்பட வேண்டும்.",
               "schemeTargetGroup":"எல்.ஆர்.எஸ் இன் கீழ் பணம் அனுப்புவது 2013-14ல் 0 1,093 மில்லியனாக இருந்தபோது, ​​வரம்பு, 000 75,000 ஆக இருந்தது, அதன் பின்னர் பணம் அனுப்புதல் 2017-18 ஆம் ஆண்டில், 11,333 மில்லியனாக இருந்தது. ரிசர்வ் வங்கியிடமிருந்து ஒரு மாற்றத்தை பெற்ற நெருங்கிய உறவினர்களின் பராமரிப்பு 2013-14 ஆம் ஆண்டில் மிகக் குறைந்த $ 173.9 மில்லியனாக இருந்தது, இது 2017-18 ஆம் ஆண்டில் 3737 டாலராக உயர்ந்துள்ளது. வெளிநாடுகளில் மேற்கொள்ளப்பட்ட ஆய்வுகள் 2013-14ல் 159.3 மில்லியன் டாலர்களிலிருந்து 2017-18ல் 21 2121.4 மில்லியனாக அதிகரித்துள்ளன.",
               "schemeMiscDetails":"மேலும் பல தகவல்களுக்கு https://m.rbi.org.in/Scripts/FAQView.aspx?Id=115",
               "schemeDepartments":"நிதி சேவைகள் துறை"    
             },
             {
               "schemeUiId":"M_0019_S_0016",
               "schemeName":"தேஜஸ்வினி யோஜனா",
               "schemeObj":"இந்த திட்டத்தின் நோக்கம் இளம் பருவ பெண்கள் மற்றும் இளம் பெண்களுக்கான சந்தை உந்துதல் திறன் பயிற்சி மற்றும் இடைநிலைக் கல்வியை முடிப்பதை மேம்படுத்துவதாகும்.",
               "schemeDesc":"தேஜஸ்வினி யோஜனா என்பது இளம் பருவ பெண்கள் மற்றும் இளம் பெண்களுக்கான அதிகாரமளிக்கும் திட்டமாகும். மாநில சிறுமிகளுக்கு திறன் பயிற்சி அளிக்க ஜார்க்கண்ட் அரசு இந்த யோஜனாவை அறிமுகப்படுத்தியுள்ளது. இந்த யோஜனாவின் முக்கிய நோக்கம் 14 முதல் 24 வயதுக்குட்பட்ட சிறுமிகளுக்கு ஆதரவளிப்பதும், அவர்களின் இரண்டாம் நிலை கல்வியை முடிப்பதும், வேலைக்கு பொருத்தமான திறன்களைப் பெறுவதும் ஆகும். இந்தத் திட்டம் அவர்களின் திறன்களை மேம்படுத்துவதோடு கல்வி, பயிற்சி, வேலைவாய்ப்பு ஆகியவற்றைப் பெறவும், பொருளாதாரத்தின் வளரும் துறைகளில் அனுபவம் வாய்ந்த பணியாளர்களில் நுழையவும் உதவுகிறது. இந்த திட்டத்தின் கீழ், பெண்கள் மற்றும் இளம் பெண்களுக்கு அவர்களின் மேம்பட்ட நல்வாழ்வுக்காக பொருளாதார, சமூக மற்றும் அரசியல் வாய்ப்புகள் வழங்கப்படுகின்றன. தேஜஸ்வினி யோஜனாவுக்கான உலக வங்கியுடன் நிதி ஒப்பந்தத்தில் மார்ச் 1, 2017 அன்று அரசாங்கம் கையெழுத்திட்டது. இந்த யோஜனாவுக்கு உலக வங்கி இந்தியாவுக்கு 63 மில்லியன் டாலர் கடனை வழங்கியுள்ளது. தேஜஸ்வினி யோஜனா இந்தியாவின் முதல் உலக வங்கி திட்டமாகும், இது இளம் பருவ பெண்கள் மற்றும் இளம் பெண்களின் நலனில் முழுமையாக கவனம் செலுத்துகிறது. இந்த திட்டத்தின் செல்லுபடியாகும் காலம் ஜூன் 30, 2021 வரை ஆகும்.",
               "schemeEligiiblity":"டீனேஜ் பெண்கள் மற்றும் 14 முதல் 24 வயது வரையிலான வயது வரம்புள்ள இளம் பெண்கள் இந்த திட்டத்திற்கு விண்ணப்பிக்க தகுதியுடையவர்கள். மாநிலத்தின் கிராமப்புறங்களில் வசிக்கும் பெண்களும் இந்த திட்டத்தின் கீழ் உள்ளனர். மாற்றுத்திறனாளிகள் (பி.டபிள்யூ.டி), கடத்தலுக்கு பலியானவர்கள், கையேடு தோட்டக்காரர்கள், திருநங்கைகள், புனர்வாழ்வளிக்கப்பட்ட பிணைக்கப்பட்ட தொழிலாளர்கள் அடங்கிய சிறப்புக் குழுக்கள் 16 வயதுக்கு மேற்பட்டவர்களாக இருந்தால் அவர்கள் சேர அனுமதிக்கப்படுவார்கள்.",
               "schemeTargetGroup":"இந்த திட்டம் ஜார்க்கண்டின் தேர்ந்தெடுக்கப்பட்ட 17 மாவட்டங்களில் செயல்பட்டு வருகிறது, மேலும் இந்த திட்டத்தில் சுமார் 680,000 இளம் பருவ பெண்கள் மற்றும் இளம் பெண்கள் பயனடைவார்கள் என்று எதிர்பார்க்கப்படுகிறது.",
               "schemeMiscDetails":"மேலும் பல தகவல்களுக்கு http://socialwelfarejhar.gov.in/recruitment",
               "schemeDepartments":"பொருளாதார விவகாரங்கள் துறை"    
             },
         ]
      },
         ]
      },
   