{
   "ListOfMinistries":[
      {
         "ministryId":1,
         "ministryName":"Ministry of Finance",
         "ministrySchemesList":[
            {
               "schemeUiId":"M_0019_S_001",
               "schemeName":"National Pension Scheme (NPS)",
               "schemeObj":"Aim of providing retirement income to the citizens of India. The NPS scheme targets to establish pension reforms and induce the habit of saving for retirement among people. Under National Pension Scheme or NPS, you can open a personal retirement account in which pension corpus can be saved during the working life. NPS Scheme is open to all but is mandatory for all government employees.",
               "schemeDesc":"National Pension Scheme (NPS), a government-sponsored pension scheme, was launched in January 2004 for government employees. It was opened to all sections in 2009. A subscriber can contribute regularly in a pension account during her working life, withdraw a part of the corpus in a lumpsum and use the remaining corpus to buy an annuity to secure a regular income after retirement. The National Pension System allows individuals to make systematic investments via either of the following two accounts. Account opening with the National Pension System is followed by the generation of a unique Permanent Retirement Account Number or PRAN issued to each subscriber. Fund management, including contribution to this scheme, is done via PRAN.",
               "schemeEligiiblity":"An individual’s eligibility for the National Pension System depends on the various NPS models in operation. These are – Government sector National Pension System model, The corporate model of National Pension System, Registered as per the Companies Act, All citizens model of NPS.",
               "schemeTargetGroup":"The pension sector regulator, has envisioned to expand the subscribers base by targeting 3.5 crore people by March 2020. This growth states the rise of awareness amongst the youth pertaining to retirement planning.",
               "schemeMiscDetails":"For further details visit https://www.india.gov.in/spotlight/national-pension-system-retirement-plan-all",
               "schemeDepartments":"Department of Financial Services"
            },
            {
               "schemeUiId":"M_0019_S_002",
               "schemeName":"National Pension Scheme for Traders and Self-Employed Persons",
               "schemeObj":"It is a voluntary and contributory pension scheme for entry age of 18 to 40 years with a provision for minimum assured pension of Rs 3,000/- monthly on attaining the age of 60 years. The Central Government shall give 50% share of the monthly contribution and the remaining 50% contribution shall be made by the beneficiary. The monthly contribution is kept low to make it affordable. For example, a beneficiary is required to contribute as little as Rs.100/- per month at a median entry age of 29 years.",
               "schemeDesc":"The National Pension Scheme for Traders and Self Employed Persons was launched by Prime Minister Narendra Modi on September 12, 2019 at Ranchi, Jharkhand. The pension scheme is for the shopkeepers and retail traders and self-employed persons with an annual turnover not exceeding Rs 1.5 crore. The eligible shopkeepers and retail traders will be able to enroll themselves under the scheme through 3.50 lakh Common Service Centers (CSCs) across the country. scheme for shopkeeper’s/ retail traders and self-employed persons for providing monthly minimum assured pension of Rs 3000/- for the entry age group of 18-40 years. It is a voluntary and contribution based central sector scheme. The scheme is in effect from 22nd day of July, 2019. The scheme would benefit more than 3 crore small shopkeepers and traders. They can visit their nearest CSCs to get enrolled under the scheme.",
               "schemeEligiiblity":"Should be a retail trader/ shopkeeper or self-employed persons. Entry age between 18 and 40 years. Annual turnover is Rs. 1.5 crore or below.",
               "schemeTargetGroup":"This scheme will target enrolling 25 lakh subscribers in 2019-20 and 2 crore subscribers by 2023-2024. An estimated 3 crore Vyaparis in the country are expected to be benefitted under the pension scheme.",
               "schemeMiscDetails":"For further details visit https://labour.gov.in/nps-traders",
               "schemeDepartments":"Department of Financial Services"
            },
            {
               "schemeUiId":"M_0019_S_003",
               "schemeName":"Pradhan Mantri Mudra Yojana(PMMY)",
               "schemeObj":"The objective of this scheme is to launch a “Micro Units Development and Refinance Agency” (MUDRA) Bank to support the entrepreneurs of the small businesses like manufacturing, trading or services. Nowadays, It is very difficult for these units to get finance from the scheduled banks as they have to go through a tight scrutiny. Only 4% of these units are able to get loans for their business needs and others are forced to land with money-lenders. So, MUDRA Yojana will work for all of these sectors by providing credit facility. It will also frame policy guidelines for MSME Micro Finance Institutions. It will also register and regulate Micro Finance Institutions. Another most important objective is that it will empower the last man of the country by providing credit facility to set up their business and make him self-reliant. Thus, it will indirectly generate employment and also help in achieving inclusive growth.",
               "schemeDesc":"Pradhan Mantri MUDRA Yojana (PMMY) is a scheme launched by the Hon’ble Prime Minister on April 8, 2015 for providing loans up to 10 lakh to the non-corporate, non-farm small/micro enterprises. These loans are classified as MUDRA loans under PMMY. These loans are given by Commercial Banks, RRBs, Small Finance Banks, MFIs and NBFCs. The borrower can approach any of the lending institutions mentioned above or can apply online through this portal www.udyamimitra.in . Under the aegis of PMMY, MUDRA has created three products namely 'Shishu', 'Kishore' and 'Tarun' to signify the stage of growth / development and funding needs of the beneficiary micro unit / entrepreneur and also provide a reference point for the next phase of graduation / growth.",
               "schemeEligiiblity":"Applicants with minimum age of 18 years and maximum 65 years, Business owners, Shopkeepers, Small Industrialists and Manufacturers, Individuals involved with Agricultural activities, Startup entrepreneurs.",
               "schemeTargetGroup":"The target under the Pradhan Mantri Mudra Yojana (PMMY) meant for small and budding entrepreneurs. In just one month through March 22, lenders disbursed Mudra loans of as much as Rs 71,080 crore, or close to a quarter of their full-year (FY19) target of Rs 3 lakh crore, setting a record. They disbursed a total of Rs 2,73,749 crore as of March 22, compared with Rs 2,02,669 crore reported up to February 22.",
               "schemeMiscDetails":"For further details visit https://www.mudra.org.in/offerings",
               "schemeDepartments":"Department of Financial Services"
            },
             {
               "schemeUiId":"M_0019_S_004",
               "schemeName":"Atal Pension Yojana (APY)",
               "schemeObj":"The underlining objective of this scheme is to provide social and financial security to people in their old age by enabling them to make regular savings during their productive years. APY aims at providing minimum guaranteed monthly pension after the age of 60 years in different slabs viz. Rs. 1,000, Rs. 2,000, Rs. 3,000, Rs. 4,000 and Rs. 5,000. Apart from workers in the unorganised sector for which the scheme is highly beneficial, employees from the private sector can also apply for APY to avail its numerous advantages. The pension amount will be fixed depending on the age of the subscriber and the contribution made by him or her.",
               "schemeDesc":"Atal Pension Yojana (APY) is a Government run pension scheme open to all citizens of India mainly focusing on the unorganised sector. APY is administered by the Pension Fund Regulatory and Development Authority (PFRDA) under the National Pension System (NPS). Under this scheme, a minimum monthly pension between Rs.1000 to Rs.5000 is guaranteed for the beneficiaries. Subscribers can opt for a monthly pension which could be 1000, 2000, 3000, 4000 or 5000 rupees, which will start after the age of 60 years. The amount of pension one receives is directly related to the age at which the individual has joined APY and the monthly amount which is contributed.",
               "schemeEligiiblity":"All Indian citizens between the age of 18 to 40 years can enroll for pension after the age of 60 under the APY. The individual applying for the benefit of the scheme must contribute for at least 20 years. The individual enrolled under Swavalamban Yojana will be migrated under Atal Pension Scheme automatically.",
               "schemeTargetGroup":"The PFRDA has envisioned to expand the subscribers base under APY by targeting 2.25 crore people by March 2020, who belong to the unorganised sector and are not covered under any social security scheme.",
               "schemeMiscDetails":"For further details visit https://www.alankit.in/atal-pension-yojana-scheme-details.aspx",
               "schemeDepartments":"Department of Financial Services"  
             },
             {
               "schemeUiId":"M_0019_S_005",
               "schemeName":"Pradhan Mantri Suraksha Bima Yojana (PMSBY)",
               "schemeObj":"The aim of the policy is to be affordable for every class of the society especially the low-income group. Keeping this factor in mind the premium has been kept to a bare minimum of INR 12 per annum per member. The premium will be auto-debited from the saving account linked to this scheme. The premium will be deducted on or before 1st June every year.",
               "schemeDesc":"Pradhan Mantri Suraksha Bima Yojana (PMSBY) was launched especially for people for whom insurance was out of reach due to a financial constraint. The scheme was officially launched by our current Prime Minister of India, Shri Narendra Modi on 9th May, 2015 in Kolkata for all Indian citizens. The aim of this government-backed insurance scheme is to increase the reach of insurance to more people in India.Pradhan Mantri Suraksha Bima Yojana (PMSBY) is a group accidental insurance policy. It will offer accidental death and disability cover. A sum assured of INR 2 lakhs is paid upon accidental death and total permanent disability and INR 1 lakh on permanent partial disability.",
               "schemeEligiiblity":" Any person having a bank account and Aadhaar number linked to the bank account can give a simple form to the bank every year before 1st of June in order to join the scheme.  Name of nominee to be given in the form.",
               "schemeTargetGroup":"Targetting the poor and the underprivileged people and to cover them with the basic social security benefit. As on January 2018, over 13.28 crore enrolments have already been made under this scheme.",
               "schemeMiscDetails":"For further details visit https://financialservices.gov.in/insurance-divisions/Government-Sponsored-Socially-Oriented-Insurance-Schemes/Pradhan-Mantri-Suraksha-Bima-Yojana(PMSBY)",
               "schemeDepartments":"Department of Financial Services" 
             },
             {
               "schemeUiId":"M_0019_S_006",
               "schemeName":"Pradhan Mantri Jeevan Jyoti Bima Yojana (PMJJBY)",
               "schemeObj":"To secure financial future, Increase penetration of life insurance, Increase Awareness.",
               "schemeDesc":"The PMJJBY is available to people in the age group of 18 to 50 years having a bank account who give their consent to join / enable auto-debit. Aadhar would be the primary KYC for the bank account. The life cover of Rs. 2 lakhs shall be for the one year period stretching from 1st June to 31st May and will be renewable. Risk coverage under this scheme is for Rs. 2 Lakh in case of death of the insured, due to any reason. The premium is Rs. 330 per annum which is to be auto-debited in one installment f rom the subscriber’s bank account as per the option given by him on or before 31st May of each annual coverage period under the scheme. The scheme is being offered by Life Insurance Corporation and all other life insurers who are willing to offer the product on similar terms with necessary approvals and tie up with banks for this purpose.",
               "schemeEligiiblity":"Any individual aged between 18 years and 50 years and having savings account in a bank can opt for this scheme. Individuals who join the scheme post initial enrolment period extended up to 31-08-2015 or 30-11-2015 will have to submit a self-certification of good health that the concerned person doesn’t suffer from any of the critical illness as specified in the consent cum declaration form.",
               "schemeTargetGroup":"Initially on launch for the cover period 1st June 2015 to 31st May 2016, subscribers will be required to enroll and give their auto-debit consent by 31st May 2015. Late enrollment for prospective cover will be possible up to 31st August 2015, which may be extended by Govt. of India for another three months, i.e. up to 30th of November, 2015.",
               "schemeMiscDetails":"For further details visit https://financialservices.gov.in/insurance-divisions/Government-Sponsored-Socially-Oriented-Insurance-Schemes/Pradhan-Mantri-Jeevan-Jyoti-Bima-Yojana(PMJJBY)",
               "schemeDepartments":"Department of Financial Services"  
             },
             {
               "schemeUiId":"M_0019_S_007",
               "schemeName":"Pradhan Mantri Vaya Vandana Yojana (PMVVY)",
               "schemeObj":"The aim of the scheme is to give senior citizens regular pension. The scheme can be purchased offline and online through Life Insurance Corporation of India as they have been given sole rights to operate it. LIC has sold 58,152 PMVVY schemes generating INR. 2,705 crore since its launch on May 4, 2017.",
               "schemeDesc":"Pradhan Mantri Vaya Vandana Yojana is a pension scheme for senior citizens which has been introduced by the Government of India. The scheme was launched officially on 21st July 2017 by Finance Minister of India Arun Jaitley, although it has been available for purchase since its soft launch on 4th May 2017. The scheme is a boon for senior citizens in the times of falling interest rates.It is an insurance policy-cum- pension scheme that provides alternative avenues of income to senior citizens of the country. Backed by the Indian government, this pension plan caters to one’s need for post-retirement financial planning under National Savings Schemes. Individuals more than 60 years of age can avail this scheme till 31st March 2020. To protect senior citizens from unpredictable market conditions and also to provide socio-economic security, the Government has promised a continuous payment process as a pension at 8% monthly rate of interest that accumulates to 8.30% yearly rate, for a 10-year period.",
               "schemeEligiiblity":"Minimum Entry Age: 60 years (completed), Maximum Entry Age: No limit, Policy Term : 10 years, Investment limit : Rs 15 lakh per senior citizen, 'Minimum Pension: Rs. 1,000/- per month Rs. 3,000/- per quarter Rs.6,000/- per half-year Rs.12,000/- per year', 'Maximum Pension: Rs. 10,000/- per month Rs. 30,000/- per quarter Rs. 60,000/- per half-year Rs. 1,20,000/- per year'",
               "schemeTargetGroup":"Investments in the PMVVY will fetch an interest rate of 8% per annum for the next 10 years. This looks attractive in the current macro-economic context and will likely remain so if inflation remains in the target 4-6% range. Among the assured return avenues available to a retiree, this yields the next highest returns after the Senior Citizen Savings Scheme (SCSS) which yields 8.6%.",
               "schemeMiscDetails":"For further details visit https://www.personalfinanceplan.in/pmvvy-pradhan-mantri-vaya-vandana-yojana/",
               "schemeDepartments":"Department of Financial Services"  
             },
             {
               "schemeUiId":"M_0019_S_008",
               "schemeName":"Pradhan Mantri Jandhan Yojana (PMJDY)",
               "schemeObj":"To provide a bank account to every poor in the country. To provide interest free loan to small farmers. To provide financial assistance to tribal communities. To provide free medical facility to minority people.",
               "schemeDesc":"“Pradhan Mantri Jan-Dhan Yojana [is] a National Mission on Financial Inclusion to provide all households in the country with financial services, with particular focus to empower the weaker sections of society, including women, small and marginal farmers and labourers, both rural and urban.” - Shri Arun Jaitley, Minister of Finance. Corporate Affairs and Defence (August 2014). While launching the programme on 28th August, the Prime Minister had described the occasion as a festival to celebrate the liberation of the poor from a vicious cycle. Shri Narendra Modi had referred to the ancient Sanskrit verse: Sukhasya Moolam Dharma, Dharmasya Moolam Artha, Arthasya Moolam Rajyam – which puts the onus on the state to involve people in economic activity. “This Government has accepted this responsibility,” ",
               "schemeEligiiblity":"Individuals who are Indian nationals are eligible to open an account under this scheme. Even minors above 10 years old are eligible to open an account under this scheme. Nevertheless, for minors, the accounts are managed by guardians. The minors are eligible for RuPay Card that can be used to withdraw money four times a month. Individuals who already have an existing Savings Account can also open an account under this scheme. They can even transfer their account balance to the PMJDY scheme so as to enjoy the benefits. If in case, individuals are not able to meet the above do not have any documents to establish their nationality then, bank conducts a primary check on the individual and classified them as low-risk individual. These individuals are allowed to open a temporary account which can be done permanent by submitting the required documents within 12 months from the date of opening the account.",
               "schemeTargetGroup":"The target was set after conducting a survey of 21.02 crore households in the country. Today, a coverage of almost 100% has been achieved. Out of the accounts opened, 60% are in rural areas and 40% are in urban areas. Share of female account holders is about 51%.",
               "schemeMiscDetails":"For further details visit https://www.pmindia.gov.in/en/major_initiatives/pradhan-mantri-jan-dhan-yojana/",
               "schemeDepartments":"Department of Financial Services"   
             },
             {
               "schemeUiId":"M_0019_S_009",
               "schemeName":"Aam Admi Bima Yojana (AABY) ",
               "schemeObj":"Provide social security and financial aid to the rural population. Provide social security to people living below the poverty line/people living in rural areas without any access to urban healthcare.",
               "schemeDesc":"Aam Aadmi Bima Yojana is a Social Security Scheme which had been initiated as well as administered by the Indian Government for mostly the rural landless households. It was launched as recently as October 2, 2007. This scheme provides coverage to the head of the family or one earning member in the family. The premium of Rs.200/- per person per annum is shared equally by the Central Government and the State Government, so as to ensure that the insured person has to pay no premium. The member to be covered should be aged between 18 and 59 years. The Ministry of Finance, under the Government of India made an approval for the merger of Social Security Schemes viz., Aam Aadmi Bima Yojana (AABY) and Janashree Bima Yojana (JBY). The merged scheme was hence renamed “Aam Aadmi Bima Yojana” and has come into effect from January 1, 2013.",
               "schemeEligiiblity":"The members should be aged between 18 years completed and 59 years nearer birthday. The member should normally be the head of the family or one earning member of the below poverty line family (BPL) or marginally above the poverty line under identified vocational group/rural landless household.",
               "schemeTargetGroup":" It is a social security scheme that is targeted toward the low-income families of India. This scheme benefits those who are usually not on a payroll, for example, fishermen, auto drivers, cobblers, etc.",
               "schemeMiscDetails":"For further details visit https://www.turtlemint.com/life-insurance/articles/aam-aadmi-bima-yojana/",
               "schemeDepartments":"Department of Financial Services"   
             },
             {
                 "schemeUiId":"M_0019_S_0010",
               "schemeName":" Stand up India Scheme (Standup)",
               "schemeObj":"The objective of Stand-Up india scheme is to facilitate bank loans between 10lakh and 1crore to atleast one Scheduled Caste (SC) or Scheduled Tribe(ST) borrower and atleast one woman borrower per bank branch of setting up a greenfield enterprise. This enterprise may be in manufacturing services, services or the trading sector. In case of non-individual enterprises atleast 51% of the share holding and controlling stake should be held by either an SC/ST or woman entrepreneur.",
               "schemeDesc":"The Prime Minister of India, Mr Narendra Modi launched the Stand Up India Scheme in April 2016, encouraging people from the scheduled caste and scheduled tribes and women across the country to become entrepreneurs by loaning them a sum of money to start a business.The Stand Up India scheme aims at providing people belonging to the scheduled caste or scheduled tribe or women of the country a loan between Rs.10 lakhs to Rs.1 crore, based on their requirement. The aim is to promote entrepreneurship among them. The topic, ‘Stand Up India Scheme’ comes under Indian Polity Syllabus of the IAS Exam and this article will provide you relevant facts about it.",
               "schemeEligiiblity":"SC/ST and/or woman entrepreneurs, above 18 years of age. Loans under the scheme is available for only green field project. Green field signifies, in this context, the first time venture of the beneficiary in the manufacturing or services or trading sector. In case of non-individual enterprises, 51% of the shareholding and controlling stake should be held by either SC/ST and/or Women Entrepreneur. Borrower should not be in default to any bank/financial institution.",
               "schemeTargetGroup":"The expected date of reaching the target of at least 2.5 lakh approvals is 36 months from the launch of the Stand Up India scheme. SC/ST, woman entrepreneurs, manufacturing, trading and service sectors are some of the target audience.",
               "schemeMiscDetails":"For further details visit https://www.standupmitra.in/Home/SchemeGuidelines",
               "schemeDepartments":"Department of Financial Services"  
             },
             {
               "schemeUiId":"M_0019_S_0011",
               "schemeName":"Gold Monetization Scheme ",
               "schemeObj":"It mobilises the gold held by household and institutions. By making gold available as raw material on loan from the bank, it boosts the gems and jewellery sectors in the country. It also reduces the dependence on import of gold over time for the domestic demand. The investors can deposit gold in short-term deposits for 1-3 years, medium-term for 5-7 years and long term for 12-15 years. The interest rate will be different for different tenures. The short-term deposits would be accepted by an individual bank on their own account but the medium and long-term deposits would be accepted by banks on behalf of the Government of India, based on the notification issued by the Reserve Bank of India.",
               "schemeDesc":"The Gold Monetisation Scheme was first addressed during the Union Budget 2015-16 by the Union Cabinet in accordance with PM Narendra Modi. Gold Monetisation Scheme (GMS) was launched by the Government of India on 5th November 2015 as an initiative for mobilizing the golds lying in the Indian households and using it for productive purpose. Along with the launch of Gold Monetisation Scheme, the government also announced the launch of the Sovereign Gold Bond Scheme and development of Indian Gold Coin.Gold Monetisation Scheme was introduced to replace the existing Gold Deposit Scheme (GDS), 1999. The scheme facilitates the gold depositors to earn interest of 2.25% annually for a short-term deposit of one year to three years. An interest rate of 2.5% is provided to the depositors for medium and long-term deposits. Launched in 2015, the scheme ensures the mobilization of gold possessed by various families and institutions in India.",
               "schemeEligiiblity":"Persons eligible to make a deposit - Resident Indians [Individuals, HUFs, Proprietorship & Partnership firms2, Trusts including Mutual Funds/Exchange Traded Funds registered under SEBI (Mutual Fund) Regulations, Companies, charitable institutions, Central Government, State Government or any other entity owned by Central Government or State Government]3 can make deposits under the scheme. Joint deposits of two or more eligible depositors are also allowed under the scheme and the deposit in such case shall be credited to the joint deposit account opened in the name of such depositors. The existing rules regarding joint operation of bank deposit accounts including nominations will be applicable to these gold deposits.",
               "schemeTargetGroup":"The Gold Monetization Scheme is targeted at harnessing the gold lying idle with the individual households, temples, religious trusts, etc, the GBS is designed to addressthe investment demand in non-physical gold.",
               "schemeMiscDetails":"For further details visit https://www.rbi.org.in/Scripts/NotificationUser.aspx?Id=10084&Mode=0",
               "schemeDepartments":"Department of Economic affairs in association with RBI"    
             },
             {
               "schemeUiId":"M_0019_S_0012",
               "schemeName":"Sovereign Gold Bond Scheme",
               "schemeObj":"Sovereign Gold Bonds (SGBs) are government securities which are denominated in the form of grams of gold. It is similar to buying gold without taking its physical delivery.SGBs are issued by the RBI on behalf of the Government of India.",
               "schemeDesc":"The Government of India introduced the Sovereign Gold Bond (SGB) Scheme in November 2015 to offer investors an alternative to own gold. Also, it belongs to the debt fund category. Over the years, the market has witnessed a considerable decline in the demand for physical gold. SGB not only tracks the import-export value of the asset but also ensures transparency at the same time. SGBs are government securities and are considered safe. Their value is denominated in multiples of gold grams. SGBs has witnessed a significant increase in investors, with it being considered a substitute for physical gold. If you are looking to purchase an SGB, all you have to do is approach a SEBI authorised agent. Once you have redeemed the bond, the corpus (as per the current market value) will be deposited to your registered bank account.",
               "schemeEligiiblity":"Indian resident – This scheme is open only to Indian residents, with the Foreign Exchange Management Act of 1999 formulating the eligibility criteria. Individuals/groups – Individuals, associations, trusts, HUFs, etc. are all eligible to invest in this scheme, provided they are Indian residents. Under the scheme, one can jointly invest in bonds with other eligible members. Minors – This bond can be purchased by guardians or parents on behalf of minors.",
               "schemeTargetGroup":"The target was to shift part of the estimated 300 tonnes of physical bars and coins purchased every year for investment into demat gold bonds. The target mobilisation under the scheme was Rs 15,000 crore in 2015-16 and Rs 10,000 crore in 2016-17. The amount so far credited in the government account is Rs 4,769 crore.",
               "schemeMiscDetails":"For further details visit https://m.rbi.org.in/Scripts/FAQView.aspx?Id=109",
               "schemeDepartments":"Department of Economic affairs in association with RBI"    
             },
             {
               "schemeUiId":"M_0019_S_0013",
               "schemeName":"Swachh Bharat Kosh (SBK)",
               "schemeObj":"Individuals and philanthropists have expressed interest in contributing to efforts to achieve the objective of Clean India (Swachh Bharat) by the year 2019. The Swachh Bharat Kosh has been set up to facilitate channelization of philanthropic contributions and Corporate Social Responsibility (CSR) funds towards this cause.",
               "schemeDesc":"Swachh Bharat Kosh was launched in 2014 by the Department of Expenditure, The Ministry of Finance. SBK has been set up to attract Corporate Social Responsibility (CSR) funds from Corporate Sector and contributions from individuals and philanthropists to achieve the objective of Clean India (Swachh Bharat) by the year 2019. The Kosh will be used to achieve the objective of improving cleanliness levels in rural and urban areas, including in schools. The Swachh Bharat Kosh (SBK) has received more than Rs 673 crores as part of corporate social responsibility activities in three years since 2015-16 as of July 2018. In the year 2015-16, the SBK received Rs 253.03 crore, Rs 244.72 crore in 2016-17 and Rs 175.32 crore in 2017-18.",
               "schemeEligiiblity":"Donations to the “Swachh Bharat Kosh” , other than the sums spent for “Corporate Social Responsibility” under sub-section (5) of Section 135 of the Companies Act, 2013 are eligible for 100% deduction under section 80G of the Income-tax Act, 1961. This is applicable to the assessment year 2015-16 and subsequent years.",
               "schemeTargetGroup":"The mission has targeted to cover 1.04 crore households, provide 2.5 lakh community toilets, 2.6 lakh public toilets, and a solid waste management facility in each town. The programme will be implemented over a five-year period in 4,401 towns.",
               "schemeMiscDetails":"For further details visit http://sbkosh.gov.in/",
               "schemeDepartments":"Department of Expenditure"  
             },
             {
               "schemeUiId":"M_0019_S_0014",
               "schemeName":"Project Saksham ",
               "schemeObj":"It aims at bringing about an image makeover for the Indian Railways by emphasizing on increasing the efficiency and productivity of its employees.  The project aims at upgrading the skill set of the 13 lakh strong workforce in the Indian railways. It will be conducted as a single drive spread for nine months. It would be carried out from January to September 2018.",
               "schemeDesc":"The Indian Railways will launch the country’s largest time-bound “upskilling” exercise for government employees to upgrade the skillsets of its 13 lakh-strong workforce with a single drive spanning nine months. Named Project Saksham, the exercise will start in January 2018 and go on till September, putting through training courses and specially designed skill-upgrade modules. Employees from the rank of a peon to the Railway Board Members and everyone in between will undergo the training. With growing services, newer benchmarks of service delivery and higher expectations of the clientele, employees need to build skills to rise to the occasion.  Employees can and do deliver only when they have the right skills, knowledge and the mindset to deliver to the new standards of excellence that we hold from them all. General Managers would identify training modules, divide their workforce into small groups and communicate the entire plan to the ministry by December 31. Each will be a five-day on-the-job training, or classroom sessions in Railway Training Centres, depending on the nature of the course. According to the directive, the reporting managers of all employees need to be actively involved in the pre-training and post-training process to ensure that the newly learned skills can be easily integrated into the regular jobs. Groups of railway officers are going to Japan to train in various processes of the Shinkansen bullet train and heavy haul technologies.",
               "schemeEligiiblity":"The next one year, all employees in each zone will be put through a week’s training in skills and knowledge relevant to their work area. It will be a five-day-on-the-job or classroom training in Railway Training Centres, depending on the nature of their employment. The nature of short-duration training will range from refresher courses, with eye on evolved global practices in respective areas, to skills in existing lining of functioning. Employees from rank of a peon to higher echelons of Railway Board Members will undergo the training.",
               "schemeTargetGroup":"The project focuses to provide self-employment/entrepreneurship promotion in rural context. This refers to all processes and trainings undertaken under Saksham to provide youth access to Vocational Training for Entrepreneurship Promotion (VTEP) also interchangeably referred to as self-employment opportunities.",
               "schemeMiscDetails":"For further details visit https://dfccil.com/upload/PROJECT_SAKSHAM_-__A_Project_Report_V3.PDF",
               "schemeDepartments":"Department of Revenue"    
             },
             {
               "schemeUiId":"M_0019_S_0015",
               "schemeName":" Liberalized Remittance Scheme of RBI",
               "schemeObj":"The objective of improved monitoring and ensuring compliance with the LRS ceilings, it has been decided to put in place a system for daily reporting of individual transactions by banks.",
               "schemeDesc":"Liberalized Remittance Scheme was initiated in February 2004 and its purpose was to allow individuals to remit money abroad for almost any purpose provided that the said limit of $25,000 in a financial year (April – March) is not breached. The favourable macro conditions in the economy allowed the RBI to prop up the amount allowed under LRS to $2,50,000 per financial year currently. Under the Liberalised Remittance Scheme, all resident individuals, including minors, are allowed to freely remit up to USD 2,50,000 per financial year (April – March) for any permissible current or capital account transaction or a combination of both. Further, resident individuals can avail of foreign exchange facility for the purposes mentioned in Para 1 of Schedule III of FEM (CAT) Amendment Rules 2015, dated May 26, 2015, within the limit of USD 2,50,000 only. The Scheme was introduced on February 4, 2004, with a limit of USD 25,000. The LRS limit has been revised in stages consistent with prevailing macro and micro economic conditions. In case of remitter being a minor, the LRS declaration form must be countersigned by the minor’s natural guardian. The Scheme is not available to corporates, partnership firms, HUF, Trusts etc.",
               "schemeEligiiblity":"The Scheme is available to all resident individuals including minors. In case of remitter being a minor,4 the Form A2 must be countersigned by the minor’s natural guardian.",
               "schemeTargetGroup":"Remittances under the LRS was $1,093 million in 2013-14 when the limit was $75,000  and since then the remittances had a quantum jump to $11,333 million in 2017-18. The maintenance of close relatives which got a tweaking from RBI was a meager $173.9 million in 2013-14 has risen to a whopping $2937 in 2017-18. The studies abroad category saw a massive surge from $159.3 million in 2013-14 to $2021.4 million in 2017-18.",
               "schemeMiscDetails":"For further details visit https://m.rbi.org.in/Scripts/FAQView.aspx?Id=115",
               "schemeDepartments":"Department of Financial Services"    
             },
             {
               "schemeUiId":"M_0019_S_0016",
               "schemeName":"Tejaswini Yojana",
               "schemeObj":"The objective of this project is to improve the completion of market-driven skills training and secondary education for adolescent girls and young women.",
               "schemeDesc":"Tejaswini Yojana is an empowerment Programme for adolescent girls and young women. Jharkhand government has launched this yojana to provide skill training to girls of the state. The main objective of this Yojana is to support girls between the ages 14 to 24, to complete their secondary level education and acquire relevant skills for the job. This project aims to enhance their skills and help them acquire education, training, employment and enter the experienced workforce in developing sectors of the economy. Under this project, girls and young women are provided with economic, social and political opportunities for their improved well-being. Government signed Financing Agreement with World Bank for Tejaswini Yojana on March 1, 2017 The World Bank has provided $63 million loan to India for this yojana.  Tejaswini yojana is the first World Bank project in India which is fully focused on the welfare of adolescent girls and young women. The validity period of this project is until June 30, 2021.",
               "schemeEligiiblity":"There are teenage girls and young women with the age limit between 14 to 24 years are eligible to apply for this scheme. Women those who live in the rural areas of the state are also covered under this scheme. Special groups comprising of Persons with Disabilities (PwD), victims of trafficking, manual scavengers, transgender, rehabilitated bonded labour are allowed to enrol if they are above the age of 16 years.",
               "schemeTargetGroup":"The scheme is operational in select 17 districts of Jharkhand and is expected to benefit around 680,000 adolescent girls and young women in the project.",
               "schemeMiscDetails":"For further details visit http://socialwelfarejhar.gov.in/recruitment",
               "schemeDepartments":"Department of Economic affairs"    
             },
         ]
      },
         ]
      },