{
   "ListOfMinistries":[
      {
         "ministryId":1,
         "ministryName":"Ministry of Food Processing Industries",
         "ministrySchemesList":[
            {
               "schemeUiId":"M_0021_S_001",
               "schemeName":"PradhanMantri Kisan Sampada Yojana (PMKSY)",
               "schemeObj":"Creation of modern infrastructure for food processing mega food parks/ clusters and individual units. To create effective backward and forward linkages - linking farmers, processors and markets. To create robust supply chain infrastructure for perishables.",
               "schemeDesc":"A Central Sector Scheme - SAMPADA (Scheme for Agro-Marine Processing and Development of Agro-Processing Clusters)was approved by the Cabinet Committee on Economic Affairs (CCEA) in 2017. This umbrella scheme has now been renamed as the 'Pradhan Mantri Kisan Sampada Yojana (PMKSY)' to be implemented by Ministry of Food Processing Industries (MoFPI). PM Kisan SAMPADA Yojana is a comprehensive package which aims to create modern infrastructure with efficient supply chain management from farm gate to retail outlet. It will not only provide a big boost to the growth of food processing sector in the country but also help in providing better returns to farmers and is a big step towards doubling of farmers income, creating huge employment opportunities especially in the rural areas, reducing wastage of agricultural produce, increasing the processing level and enhancing the export of the processed foods.The following schemes will be implemented under PM Kisan SAMPADA Yojana : Mega Food Parks, Integrated Cold Chain and Value Addition Infrastructure, Creation/ Expansion of Food Processing/ Preservation Capacities (Unit Scheme), Infrastructure for Agro-processing Clusters, Creation of Backward and Forward Linkages, Food Safety and Quality Assurance Infrastructure and Human Resources and Institutions.",
               "schemeEligiiblity":"In the database, the land owner's name, gender. Social Classification (Scheduled Tribes / Scheduled Tribes). Aadhaar number, bank account number and mobile number etc. Land record details. Jan Dhan Bank Account Number, Aadhaar and Mobile Number will help in identifying eligible beneficiaries and incompetent claimants. The scheme is sponsored by the Central Government. Therefore, the farmers have to be citizens of the country.",
               "schemeTargetGroup":"NIL",
               "schemeMiscDetails":"PMKSY with an allocation of Rs. 6,000 crore is expected to leverage investment of Rs. 31,400 crore, handling of 334 lakh MT agro-produce valuing Rs. 1,04,125 crore, benefit 20 lakh farmers and generate 5,30,500 direct/ indirect employment in the country by the year 2019-20.",
               "schemeDepartments":"Department of Food Processing Industries"
            },
            {
               "schemeUiId":"M_0021_S_002",
               "schemeName":"Mega Food Park",
               "schemeObj":"Providing a mechanism to link agricultural production to the market by bringing together farmers, processors, and retailers so as to ensure maximizing value addition, minimizing wastage, increasing farmers income and creating employment opportunities particularly in the rural sector. It also aims to facilitate the establishment of a strong food processing industry backed by an efficient supply chain, which would include collection centers, primary processing centers, and cold chain infrastructure.",
               "schemeDesc":"Mega Food Parks Scheme launched by the government in 2008 provides financial assistance upto 50 crores to setup modern infrastructure facilities for food processing called Mega Food Parks. It establishes a mechanism to bring together farmers, processors and retailers and link agriculture production to the market so as to ensure maximization of value addition, minimization of wastage and improving farmers’ income. The way it functions by establishing infrastructures like CPC, PCC, CC; and the locations of 18 Mega Food Parks in India. Of the 40 mega food parks set up in the nation, around 23 have been given final approval. 5 Mega Food Parks have become operational namely: Haridwar (Uttarkhand), Chittoor (Andhra Pradesh), Fazilka (Punjab), Tumkur (Karnataka), Nalbari (Assam). The MFPS scheme envisages a one-time capital grant of 50% of the project cost (excluding land cost) subject to a maximum of Rs 50 crore in general areas and 75% of the project cost (excluding land cost) subject to a ceiling of Rs. 50 crore in difficult and hilly areas i.e. North East Region including Sikkim, J&K, Himachal Pradesh, Uttarakhand and ITDP notified areas of the states. Each Central Processing Centre (CPC) requires around 50-100 acres of land, depending on region to region. On an average, each project is expected to house around 30-35 food processing units with an aggregate investment of Rs. 250 crore. The key objectives of the scheme are to reduce wastage of perishables; ensure maximum value addition, and help raise processing of food items from 6 to 20% and increase India’s share in food processing industry from 1.5 to 3%.",
               "schemeEligiiblity":"The main eligibility criteria of the SPVs, which shall act as Implementing Agencies (IAs) of the project under the Scheme, are indicated below: SPV shall be a body corporate registered under the Companies Act. The promoter holding maximum equity in the SPV will be the lead promoter. The combined net worth of the promoters/proposed shareholders of SPV should not be less than Rs.50.00 cr.  The SPV needs to bring in at least 20 percent of the total project cost as equity. The common facilities in the park cannot be sold or leased out. They can only be offered to units on rental basis. ",
               "schemeTargetGroup":"NIL",
               "schemeMiscDetails":"Each Mega Food Park will attract investment of INR 100 crore in common facilities and additional investment of INR 250 crore. Expected annual turnover of the park is around INR 500 crore and this is projected to benefit 6000 farmers in a direct way and 25,000 to 30,000 farmers in an indirect manner.",
               "schemeDepartments":"Department of Food Processing Industries"
            },
            {
               "schemeUiId":"M_0021_S_003",
               "schemeName":"Scheme of Cold Chain, Value Addition & Preservation Infrastructure",
               "schemeObj":"To provide integrated and complete cold chain and preservation infrastructure facilities without any break, from the farm gate to the consumer. To enable linking groups of producers to the processors and market through well-equipped supply chain. To establish value addition with infrastructural facilities like sorting, grading, packaging and processing for horticulture including organic produce, marine, dairy, poultry, etc. ",
               "schemeDesc":"The Ministry of Food Processing Industries had announced sanction of 30 Cold Chain Projects in 2015.  In the Ministry announces sanction of 101 new integrated Cold Chain Projects spread across the country. These projects are for fruits and vegetables, dairy, fish, meat, marine, poultry, ready to eat/ready to cook sectors. These Integrated Cold Chain projects will not only provide a big boost to the growth of food processing infrastructure in the concerned states but also help in providing better prices to farmers and is a step towards doubling of farmers’ income.  The infrastructure will also reduce wastage of perishables, add value to the agricultural produce and create huge employment opportunities, especially in rural areas. The scheme allows flexibility in project planning with special emphasis on creation of cold chain infrastructure at farm level. The different components of the Cold Chain projects are as under: Minimal Processing Centre at the farm level and centres is to have facility for weighing, sorting,grading waxing, packing,pre-cooling, Control Atmosphere (CA)/ Modified Atmosphere (MA) cold storage,normal storage and Individual Quick Freezing(IQF), Mobile pre-cooling vans and reefer trucks, Distribution hubs with multi products and multi Control Atmosphere (CA)/ Modified Atmosphere(MA) chambers/ cold storage/ Variable Humidity Chambers, Packing facility,Cleaning in Process (CIP) Fog treatment, Individual Quick Freezing (IQF) and blast freezing,Irradiationfacility.",
               "schemeEligiiblity":"The integrated cold chain project is set up by Partnership / Proprietorship Firms, Companies, Corporations, Cooperatives, Self Help Groups (SHGs), Farmer Producer Organizations (FPOs), NGOs, Central / State PSUs, etc. subject to fulfilment of eligibility conditions of scheme guidelines.",
               "schemeTargetGroup":"NIL",
               "schemeMiscDetails":"Maximum grant-in-aid would be Rs. 10 crore per project. The grant will be provided only in respect of technical civil works and eligible plant & machinery. The net worth of the applicant should be at least 1.5 times of the grant applied for. Infusion of equity of at least 20% of the total project cost in general areas and 10% of the total project cost for projects in North East States, Himalayan States, Islands & ITDP Areas.",
               "schemeDepartments":"Department of Food Processing Industries"
             },
             {
               "schemeUiId":"M_0021_S_004",
               "schemeName":"Operation GREENS",
               "schemeObj":"Enhancing value realisation of TOP farmers by targeted interventions to strengthen TOP production clusters and their FPOs, and linking/connecting them with the market. Price stabilisation for producers and consumers by proper production planning in the TOP clusters and introduction of dual use varieties. Reduction in post-harvest losses by creation of farm gate infrastructure, development of suitable agro-logistics, creation of appropriate storage capacity linking consumption centres. Increase in food processing capacities and value addition in TOP value chain with firm linkages with production clusters. Setting up of a market intelligence network to collect and collate real time data on demand and supply and price of TOP crops.",
               "schemeDesc":"In the budget speech of Union Budget 2018-19, a new Scheme “Operation Greens” was announced on the line of “Operation Flood”, with an outlay of Rs.500 crore to promote Farmer Producers Organizations (FPOs #), agri-logistics, processing facilities and professional management. It focuses on organized marketing of Tomatoes, Onions and Potatoes (TOP vegetables) by connecting farmers with consumers. State Agriculture and other Marketing Federations, Farmer Producer Organizations (FPO), cooperatives, companies, Self-help groups, food processors etc. can avail the financial assistance under it. To help in the structural and infrastructure part of the scheme, agriculture market committee (APMCs) promoted markets will be connected to the e-NAM platform. E-NAM (e-National Agriculture Market) is an important initiative of GoI to use pan-India electronic trading portal for bidding and network the existing APMC mandis to create a unified national market for agricultural commodities. The government will also help in development of 22,000 agricultural markets. The strategy will comprise of a series of measures as decided by the Ministry which include: Short term Price Stabilisation Measures and Long Term Integrated value chain development projects.",
               "schemeEligiiblity":"Eligible Organisation would include State Agriculture and other Marketing Federations, Farmer Producer Organizations (FPO), cooperatives, companies, Self-help groups, food processors, logistic operators, service providers, supply chain operators, retail and wholesale chains and central and state governments and their entities/organizations will be eligible to participate in the programme and to avail financial assistance.",
               "schemeTargetGroup":"NIL",
               "schemeMiscDetails":"The pattern of assistance will comprise of grants-in-aid at the rate of 50% of the eligible project cost in all areas, subject to maximum Rs. 50 crores per project. However, in case where PIA is/are FPO(s), the grant-in-aid will be at the rate of 70% of the eligible project cost in all areas, subject to maximum Rs. 50 crores per project.",
               "schemeDepartments":"Department of Food Processing Industries"  
             },
             {
               "schemeUiId":"M_0021_S_005",
               "schemeName":"Nivesh Bandhu",
               "schemeObj":"Its objective is to assist investors to make informed investment decisions. The portal would provide information on Central and State Governments’ investor friendly policies, agro-producing clusters, infrastructure, and potential areas of investment in the food processing sector. World Food India 2017 will provide global businesses a platform to explore Indian market across the value chain in food processing and food retail. It brings together global & Indian leaders across the food value chain for possible partnerships and facilitates investment flow in the food processing sector.",
               "schemeDesc":"Ministry organised World Food India 2017 from November 3-5th in Delhi to showcase investment potential of India in the Food Processing Sector. The three day event inaugurated by Prime Minister Sh Narendra Modi exhibited opportunities in the Indian Food Processing Sector to foster maximum investment commitments. The event provided a platform for exhibiting innovative products and manufacturing processes showcasing the entire value chain of food processing industry with a vision to leverage innovation, technology, development & sustainability in the backdrop of achieving food security. 61 Countries and Global CEOs participated in the Fair along with 800 global & Domestic exhibitors from 27 States. The exhibition saw footfall from 75000 business visitors. Germany, Japan and Denmark were Partner Countries to World Food India whereas Italy & Netherlands were Focus Countries. The President of India at the Valedictory function of World Food India 2017 aptly termed it the “the Kumbh Mela of Indian Food. India was showcased as the preferred investment destination in Food Processing sector at WFI 2017; MoUs worth investment intent of USD 13.56 billion from Domestic and foreign investors were signed during WFI 2017. A special cell has been setup in Invest India to follow up on these negotiations. Ministry of Food Processing Industries is guided by the principles of - ensure steps to reduce wastage, produce more and process more. Farm to Fork is their mantra and Food Processing Industries aim to be the bridge between Farmers and Consumers.",
               "schemeEligiiblity":"Food Items Labs were licensed by NABL, Ministry has finalized guidelines for your Scheme and contains encouraged suggestions from interested and eligible individuals/associations.",
               "schemeTargetGroup":"NIL",
               "schemeMiscDetails":"India is expected to attract an investment of 10 billion dollar in food processing sector and generate 10 lakh jobs in the next 3 years. More than 40 countries have committed FDI in Food Processing Sector till now and this is the first time such Exhibition on Food Processing is happening in India.",
               "schemeDepartments":"Department of Food Processing Industries"   
             },
         ]
      },
         ]
      },

