{
   "ListOfMinistries":[
      {
         "ministryId":1,
         "ministryName":"உணவு பதப்படுத்தும் தொழில்கள் அமைச்சகம்",
         "ministrySchemesList":[
        {
               "schemeUiId":"M_0021_S_001",
               "schemeName":"பிரதான் மந்திரி கிசான் சம்பதா யோஜனா (பி.எம்.கே.எஸ்.ஒய்)",
               "schemeObj":"உணவு பதப்படுத்தும் மெகா உணவு பூங்காக்கள் / கொத்துகள் மற்றும் தனிப்பட்ட அலகுகளுக்கான நவீன உள்கட்டமைப்பை உருவாக்குதல். பயனுள்ள பின்தங்கிய மற்றும் முன்னோக்கி இணைப்புகளை உருவாக்க - விவசாயிகள், செயலிகள் மற்றும் சந்தைகளை இணைத்தல். அழிந்துபோகக்கூடியவர்களுக்கு வலுவான விநியோக சங்கிலி உள்கட்டமைப்பை உருவாக்குதல்.",
               "schemeDesc":"மத்திய துறை திட்டம் - சம்பாடா (வேளாண்-கடல் செயலாக்கம் மற்றும் வேளாண் செயலாக்கக் கொத்துகளின் மேம்பாட்டுக்கான திட்டம்) பொருளாதார விவகாரங்களுக்கான அமைச்சரவைக் குழுவால் (சி.சி.இ.ஏ) 2017 இல் அங்கீகரிக்கப்பட்டது. இந்த குடைத் திட்டம் இப்போது 'பிரதான் மந்திரி கிசான் சம்படா' என மறுபெயரிடப்பட்டுள்ளது. யோஜனா (பி.எம்.கே.எஸ்.ஒய்) 'உணவு பதப்படுத்தும் தொழில்கள் அமைச்சகம் (MoFPI) செயல்படுத்த உள்ளது. பி.எம். கிசான் சம்பாடா யோஜனா ஒரு விரிவான தொகுப்பாகும், இது பண்ணை வாயில் முதல் சில்லறை விற்பனை நிலையம் வரை திறமையான விநியோக சங்கிலி நிர்வாகத்துடன் நவீன உள்கட்டமைப்பை உருவாக்குவதை நோக்கமாகக் கொண்டுள்ளது. இது நாட்டின் உணவு பதப்படுத்தும் துறையின் வளர்ச்சிக்கு ஒரு பெரிய ஊக்கத்தை அளிப்பதோடு மட்டுமல்லாமல், விவசாயிகளுக்கு சிறந்த வருவாயை வழங்கவும் உதவும், மேலும் விவசாயிகளின் வருமானத்தை இரட்டிப்பாக்குவதற்கும், குறிப்பாக கிராமப்புறங்களில் பெரும் வேலை வாய்ப்புகளை உருவாக்குவதற்கும், வீணாவதைக் குறைப்பதற்கும் இது ஒரு பெரிய படியாகும். வேளாண் விளைபொருள்கள், செயலாக்க அளவை அதிகரித்தல் மற்றும் பதப்படுத்தப்பட்ட உணவுகளின் ஏற்றுமதியை மேம்படுத்துதல். பின்வரும் திட்டங்கள் பிரதமர் கிசான் சம்பாடா யோஜனாவின் கீழ் செயல்படுத்தப்படும்: மெகா உணவு பூங்காக்கள், ஒருங்கிணைந்த குளிர் சங்கிலி மற்றும் மதிப்பு கூட்டல் உள்கட்டமைப்பு, உணவு பதப்படுத்துதல் / பாதுகாப்பு திறன்களை உருவாக்குதல் / விரிவாக்கம் (அலகு திட்டம்), வேளாண் செயலாக்கக் கொத்துகளுக்கான உள்கட்டமைப்பு, பின்தங்கிய மற்றும் முன்னோக்கி இணைப்புகளை உருவாக்குதல், உணவு பாதுகாப்பு மற்றும் தர உத்தரவாத உள்கட்டமைப்பு மற்றும் மனித வளங்கள் மற்றும் நிறுவனங்கள்.",
               "schemeEligiiblity":"தரவுத்தளத்தில், நில உரிமையாளரின் பெயர், பாலினம். சமூக வகைப்பாடு (பட்டியல் பழங்குடியினர் / பட்டியல் பழங்குடியினர்). ஆதார் எண், வங்கி கணக்கு எண் மற்றும் மொபைல் எண் போன்றவை நில பதிவு விவரங்கள். தகுதியான பயனாளிகள் மற்றும் திறமையற்ற உரிமைகோருபவர்களை அடையாளம் காண ஜன தன் வங்கி கணக்கு எண், ஆதார் மற்றும் மொபைல் எண் உதவும். இத்திட்டத்திற்கு மத்திய அரசு நிதியுதவி அளிக்கிறது. எனவே, விவசாயிகள் நாட்டின் குடிமக்களாக இருக்க வேண்டும்.",
               "schemeTargetGroup":"NIL",
               "schemeMiscDetails":"பி.எம்.கே.எஸ்.ஒய் ரூ. 6,000 கோடி ரூபாய் முதலீடு செய்ய எதிர்பார்க்கப்படுகிறது. 31,400 கோடி, 334 லட்சம் எம்டி வேளாண் விளைபொருட்களைக் கையாளுதல் ரூ. 1,04,125 கோடி, 20 லட்சம் விவசாயிகளுக்கு பயனளித்தல் மற்றும் 2019-20ஆம் ஆண்டில் 5,30,500 நேரடி / மறைமுக வேலைவாய்ப்புகளை நாட்டில் உருவாக்குதல்.",
               "schemeDepartments":"உணவு பதப்படுத்தும் தொழில்கள் துறை"
            },
            {
               "schemeUiId":"M_0021_S_002",
               "schemeName":"மெகா உணவு பூங்கா",
               "schemeObj":"விவசாயிகள், செயலிகள் மற்றும் சில்லறை விற்பனையாளர்களை ஒன்றிணைப்பதன் மூலம் விவசாய உற்பத்தியை சந்தையுடன் இணைப்பதற்கான ஒரு பொறிமுறையை வழங்குதல், இதனால் மதிப்பு கூட்டல், வீணாவதைக் குறைத்தல், விவசாயிகளின் வருமானத்தை அதிகரித்தல் மற்றும் குறிப்பாக கிராமப்புறத் துறையில் வேலை வாய்ப்புகளை உருவாக்குதல் ஆகியவற்றை உறுதிசெய்கிறது. சேகரிப்பு மையங்கள், முதன்மை செயலாக்க மையங்கள் மற்றும் குளிர் சங்கிலி உள்கட்டமைப்பு ஆகியவற்றை உள்ளடக்கிய ஒரு திறமையான விநியோகச் சங்கிலியால் ஆதரிக்கப்படும் வலுவான உணவு பதப்படுத்தும் தொழிற்துறையை நிறுவுவதற்கும் இது உதவுகிறது.",
               "schemeDesc":"2008 ஆம் ஆண்டில் அரசாங்கத்தால் தொடங்கப்பட்ட மெகா உணவு பூங்காக்கள் திட்டம் மெகா உணவு பூங்காக்கள் எனப்படும் உணவு பதப்படுத்துதலுக்கான நவீன உள்கட்டமைப்பு வசதிகளை அமைப்பதற்கு 50 கோடி வரை நிதி உதவி வழங்குகிறது. விவசாயிகள், செயலிகள் மற்றும் சில்லறை விற்பனையாளர்களை ஒன்றிணைத்து, விவசாய உற்பத்தியை சந்தையுடன் இணைப்பதற்கான ஒரு பொறிமுறையை இது நிறுவுகிறது, இதனால் மதிப்பு கூட்டல் அதிகபட்சம், வீணாகப்படுவதைக் குறைத்தல் மற்றும் விவசாயிகளின் வருமானத்தை மேம்படுத்துதல் ஆகியவற்றை உறுதிசெய்கிறது. சிபிசி, பிசிசி, சிசி போன்ற உள்கட்டமைப்புகளை நிறுவுவதன் மூலம் அது செயல்படும் விதம்; மற்றும் இந்தியாவில் 18 மெகா உணவு பூங்காக்களின் இடங்கள். நாட்டில் அமைக்கப்பட்ட 40 மெகா உணவு பூங்காக்களில், சுமார் 23 க்கு இறுதி ஒப்புதல் அளிக்கப்பட்டுள்ளது. 5 மெகா உணவு பூங்காக்கள் செயல்பட்டு வருகின்றன: ஹரித்வார் (உத்தரகண்ட்), சித்தூர் (ஆந்திரா), பாசில்கா (பஞ்சாப்), தும்கூர் (கர்நாடகா), நல்பாரி (அசாம்). எம்.எஃப்.பி.எஸ் திட்டம் ஒரு முறை மூலதன மானியத்தை 50% திட்ட நிலத்தில் (நில செலவைத் தவிர்த்து) பொது இடங்களில் அதிகபட்சமாக ரூ .50 கோடிக்கு உட்பட்டது மற்றும் திட்ட செலவில் 75% (நில செலவைத் தவிர) உச்சவரம்புக்கு உட்பட்டது ரூ. கடினமான மற்றும் மலைப்பாங்கான பகுதிகளில் 50 கோடி, அதாவது சிக்கிம், ஜே & கே, இமாச்சலப் பிரதேசம், உத்தரகண்ட் மற்றும் ஐடிடிபி உள்ளிட்ட மாநிலங்களின் வடகிழக்கு பகுதி. ஒவ்வொரு மத்திய செயலாக்க மையத்திற்கும் (சிபிசி) பிராந்தியத்திற்கு ஏற்ப 50-100 ஏக்கர் நிலம் தேவைப்படுகிறது. சராசரியாக, ஒவ்வொரு திட்டத்திலும் சுமார் 30-35 உணவு பதப்படுத்தும் அலகுகள் மொத்தமாக ரூ. 250 கோடி. இத்திட்டத்தின் முக்கிய நோக்கங்கள் அழிந்துபோகக்கூடியவற்றைக் குறைப்பதாகும்; அதிகபட்ச மதிப்பு கூட்டலை உறுதிசெய்து, உணவுப் பொருட்களின் செயலாக்கத்தை 6 முதல் 20% வரை உயர்த்தவும், உணவு பதப்படுத்தும் துறையில் இந்தியாவின் பங்கை 1.5 முதல் 3% ஆக உயர்த்தவும் உதவுங்கள்.",
               "schemeEligiiblity":"திட்டத்தின் கீழ் திட்டத்தின் அமலாக்க முகவர் (ஐஏக்கள்) ஆக செயல்படும் எஸ்பிவிக்களின் முக்கிய தகுதி அளவுகோல்கள் கீழே குறிப்பிடப்பட்டுள்ளன: எஸ்பிவி என்பது நிறுவனங்கள் சட்டத்தின் கீழ் பதிவுசெய்யப்பட்ட ஒரு உடல் நிறுவனமாகும். SPV இல் அதிகபட்ச ஈக்விட்டி வைத்திருக்கும் விளம்பரதாரர் முன்னணி விளம்பரதாரராக இருப்பார். SPV இன் விளம்பரதாரர்கள் / முன்மொழியப்பட்ட பங்குதாரர்களின் ஒருங்கிணைந்த நிகர மதிப்பு ரூ .50.00 கோடிக்கு குறைவாக இருக்கக்கூடாது. எஸ்பிவி மொத்த திட்ட செலவில் குறைந்தது 20 சதவீதத்தை ஈக்விட்டியாக கொண்டு வர வேண்டும். பூங்காவில் உள்ள பொதுவான வசதிகளை விற்கவோ அல்லது குத்தகைக்கு விடவோ முடியாது. அவற்றை வாடகை அடிப்படையில் மட்டுமே யூனிட்டுகளுக்கு வழங்க முடியும்.",
               "schemeTargetGroup":"NIL",
               "schemeMiscDetails":"ஒவ்வொரு மெகா உணவு பூங்காவும் 100 கோடி ரூபாய் பொதுவான வசதிகளில் முதலீடு செய்வதோடு 250 கோடி ரூபாய் கூடுதல் முதலீட்டையும் ஈர்க்கும். பூங்காவின் வருடாந்திர வருவாய் சுமார் 500 கோடி ரூபாய் ஆகும், இது 6000 விவசாயிகளுக்கு நேரடி வழியில் மற்றும் 25,000 முதல் 30,000 விவசாயிகளுக்கு மறைமுகமாக பயனளிக்கும் என்று எதிர்பார்க்கப்படுகிறது.",
               "schemeDepartments":"உணவு பதப்படுத்தும் தொழில்கள் துறை"
            },
              {
               "schemeUiId":"M_0021_S_003",
               "schemeName":"குளிர் சங்கிலி, மதிப்பு கூட்டல் மற்றும் பாதுகாப்பு உள்கட்டமைப்பு திட்டம்",
               "schemeObj":"பண்ணை வாயிலிலிருந்து நுகர்வோர் வரை எந்த இடைவெளியும் இல்லாமல் ஒருங்கிணைந்த மற்றும் முழுமையான குளிர் சங்கிலி மற்றும் பாதுகாப்பு உள்கட்டமைப்பு வசதிகளை வழங்குதல். தயாரிப்பாளர்களின் குழுக்களை செயலிகள் மற்றும் சந்தையுடன் நன்கு பொருத்தப்பட்ட விநியோகச் சங்கிலி மூலம் இணைக்க உதவுகிறது. கரிம விளைபொருள்கள், கடல், பால், கோழி போன்றவை உள்ளிட்ட தோட்டக்கலைக்கு வரிசைப்படுத்துதல், தரம் பிரித்தல், பேக்கேஜிங் மற்றும் செயலாக்கம் போன்ற உள்கட்டமைப்பு வசதிகளுடன் மதிப்பு கூட்டலை நிறுவுதல்.",
               "schemeDesc":"உணவு பதப்படுத்தும் தொழில்கள் அமைச்சகம் 2015 ஆம் ஆண்டில் 30 குளிர் சங்கிலித் திட்டங்களுக்கு அனுமதி வழங்குவதாக அறிவித்தது. நாடு முழுவதும் பரவியுள்ள 101 புதிய ஒருங்கிணைந்த குளிர் சங்கிலித் திட்டங்களுக்கு அனுமதி வழங்குவதாக அமைச்சகம் அறிவித்துள்ளது. இந்த திட்டங்கள் பழங்கள் மற்றும் காய்கறிகள், பால், மீன், இறைச்சி, கடல், கோழி, சாப்பிட தயாராக / சமைக்கத் தயாராக உள்ளன. இந்த ஒருங்கிணைந்த குளிர் சங்கிலித் திட்டங்கள் சம்பந்தப்பட்ட மாநிலங்களில் உணவு பதப்படுத்தும் உள்கட்டமைப்பின் வளர்ச்சிக்கு ஒரு பெரிய ஊக்கத்தை அளிப்பது மட்டுமல்லாமல், விவசாயிகளுக்கு சிறந்த விலையை வழங்க உதவுவதோடு விவசாயிகளின் வருமானத்தை இரட்டிப்பாக்குவதற்கான ஒரு படியாகும். உள்கட்டமைப்பு அழிந்துபோகக்கூடிய பொருட்களின் வீணாவதைக் குறைக்கும், விவசாய விளைபொருட்களுக்கு மதிப்பு சேர்க்கும் மற்றும் குறிப்பாக கிராமப்புறங்களில் பெரும் வேலை வாய்ப்புகளை உருவாக்கும். பண்ணை மட்டத்தில் குளிர் சங்கிலி உள்கட்டமைப்பை உருவாக்குவதற்கு சிறப்பு முக்கியத்துவம் அளித்து திட்ட திட்டமிடலில் நெகிழ்வுத்தன்மையை இந்த திட்டம் அனுமதிக்கிறது. குளிர் சங்கிலி திட்டங்களின் வெவ்வேறு கூறுகள் பின்வருமாறு: பண்ணை மட்டத்திலும் மையங்களிலும் குறைந்தபட்ச செயலாக்க மையம் எடையுள்ள, வரிசைப்படுத்துதல், தரம் உயர்த்தும் வளர்பிறை, பொதி செய்தல், முன் குளிரூட்டல், கட்டுப்பாட்டு வளிமண்டலம் (சிஏ) / மாற்றியமைக்கப்பட்ட வளிமண்டலம் (எம்ஏ) குளிர் சேமிப்பு, இயல்பான சேமிப்பு மற்றும் தனிநபர் விரைவு முடக்கம் (IQF), மொபைல் முன் குளிரூட்டும் வேன்கள் மற்றும் ரீஃபர் டிரக்குகள், பல தயாரிப்புகள் மற்றும் பல கட்டுப்பாட்டு வளிமண்டலம் (CA) / மாற்றியமைக்கப்பட்ட வளிமண்டலம் (MA) அறைகள் / குளிர் சேமிப்பு / மாறுபடும் ஈரப்பதம் அறைகள், பொதி வசதி, சுத்தம் செயல்முறை (சிஐபி) மூடுபனி சிகிச்சை, தனிப்பட்ட விரைவான முடக்கம் (ஐக்யூஎஃப்) மற்றும் குண்டு வெடிப்பு உறைதல், கதிர்வீச்சு திறன்.",
               "schemeEligiiblity":"ஒருங்கிணைந்த குளிர் சங்கிலித் திட்டம் கூட்டாண்மை / உரிமையாளர் நிறுவனங்கள், நிறுவனங்கள், நிறுவனங்கள், கூட்டுறவு, சுய உதவிக்குழுக்கள் (சுய உதவிக்குழுக்கள்), உழவர் உற்பத்தியாளர் அமைப்புகள் (FPO கள்), தன்னார்வ தொண்டு நிறுவனங்கள், மத்திய / மாநில பொதுத்துறை நிறுவனங்கள் திட்ட வழிகாட்டுதல்கள் போன்றவற்றால் அமைக்கப்பட்டுள்ளது.",
               "schemeTargetGroup":"NIL",
               "schemeMiscDetails":"அதிகபட்ச மானிய உதவி ரூ. ஒரு திட்டத்திற்கு 10 கோடி ரூபாய். தொழில்நுட்ப சிவில் பணிகள் மற்றும் தகுதியான ஆலை மற்றும் இயந்திரங்கள் தொடர்பாக மட்டுமே இந்த மானியம் வழங்கப்படும். விண்ணப்பதாரரின் நிகர மதிப்பு விண்ணப்பித்த மானியத்தின் குறைந்தது 1.5 மடங்கு இருக்க வேண்டும். பொதுப் பகுதிகளில் மொத்த திட்ட செலவில் குறைந்தது 20% மற்றும் வடகிழக்கு மாநிலங்கள், இமயமலை மாநிலங்கள், தீவுகள் மற்றும் ஐ.டி.டி.பி பகுதிகளில் உள்ள திட்டங்களுக்கான மொத்த திட்ட செலவில் 10% ஈக்விட்டி உட்செலுத்துதல்.",
               "schemeDepartments":"உணவு பதப்படுத்தும் தொழில்கள் துறை"
            },
             {
               "schemeUiId":"M_0021_S_004",
               "schemeName":"ஆபரேஷன் பசுமை",
               "schemeObj":"TOP உற்பத்தி கிளஸ்டர்கள் மற்றும் அவற்றின் FPO களை வலுப்படுத்த இலக்கு தலையீடுகள் மூலம் TOP விவசாயிகளின் மதிப்பு உணர்தலை மேம்படுத்துதல், அவற்றை சந்தையுடன் இணைத்தல் / இணைத்தல். TOP கிளஸ்டர்களில் முறையான உற்பத்தித் திட்டமிடல் மற்றும் இரட்டை பயன்பாட்டு வகைகளை அறிமுகப்படுத்துவதன் மூலம் உற்பத்தியாளர்கள் மற்றும் நுகர்வோருக்கான விலை உறுதிப்படுத்தல். பண்ணை வாயில் உள்கட்டமைப்பை உருவாக்குதல், பொருத்தமான வேளாண் தளவாடங்களை உருவாக்குதல், நுகர்வு மையங்களை இணைக்கும் பொருத்தமான சேமிப்பு திறனை உருவாக்குதல் ஆகியவற்றின் மூலம் அறுவடைக்கு பிந்தைய இழப்புகளைக் குறைத்தல். உற்பத்தி கிளஸ்டர்களுடனான உறுதியான இணைப்புகளுடன் TOP மதிப்பு சங்கிலியில் உணவு பதப்படுத்தும் திறன் மற்றும் மதிப்பு கூட்டல் அதிகரிப்பு. TOP பயிர்களின் தேவை மற்றும் வழங்கல் மற்றும் விலை குறித்த நிகழ்நேர தரவுகளை சேகரித்து ஒருங்கிணைக்க சந்தை நுண்ணறிவு வலையமைப்பை அமைத்தல்.",
               "schemeDesc":"யூனியன் பட்ஜெட் 2018-19 இன் பட்ஜெட் உரையில், “ஆபரேஷன் பசுமை” என்ற வரிசையில் ஒரு புதிய திட்டம் அறிவிக்கப்பட்டது, உழவர் உற்பத்தியாளர்கள் அமைப்புகளை (FPO கள் #), வேளாண் தளவாடங்களை மேம்படுத்துவதற்காக ரூ .500 கோடி ஒதுக்கீடு , செயலாக்க வசதிகள் மற்றும் தொழில்முறை மேலாண்மை. விவசாயிகளை நுகர்வோருடன் இணைப்பதன் மூலம் தக்காளி, வெங்காயம் மற்றும் உருளைக்கிழங்கு (TOP காய்கறிகள்) ஒழுங்கமைக்கப்பட்ட சந்தைப்படுத்துதலில் இது கவனம் செலுத்துகிறது. மாநில வேளாண்மை மற்றும் பிற சந்தைப்படுத்தல் கூட்டமைப்புகள், உழவர் உற்பத்தியாளர் அமைப்புகள் (FPO), கூட்டுறவு நிறுவனங்கள், நிறுவனங்கள், சுய உதவிக்குழுக்கள், உணவு செயலிகள் போன்றவை இதன் கீழ் நிதி உதவியைப் பெறலாம். திட்டத்தின் கட்டமைப்பு மற்றும் உள்கட்டமைப்பு பகுதிக்கு உதவ, வேளாண் சந்தைக் குழு (ஏபிஎம்சி) ஊக்குவிக்கப்பட்ட சந்தைகள் இ-நாம் தளத்துடன் இணைக்கப்படும். ஈ-நாம் (இ-தேசிய வேளாண் சந்தை) என்பது விவசாய பொருட்களுக்கான ஒருங்கிணைந்த தேசிய சந்தையை உருவாக்க ஏலமிடுதலுக்காகவும், தற்போதுள்ள ஏபிஎம்சி மண்டிஸை நெட்வொர்க் செய்வதற்கும் பான்-இந்தியா மின்னணு வர்த்தக போர்ட்டலைப் பயன்படுத்துவதற்கான ஒரு முக்கிய முயற்சியாகும். 22,000 விவசாய சந்தைகளின் வளர்ச்சிக்கும் அரசாங்கம் உதவும். அமைச்சகம் தீர்மானித்தபடி தொடர்ச்சியான நடவடிக்கைகளை இந்த மூலோபாயம் உள்ளடக்கும்: குறுகிய கால விலை உறுதிப்படுத்தல் நடவடிக்கைகள் மற்றும் நீண்ட கால ஒருங்கிணைந்த மதிப்பு சங்கிலி மேம்பாட்டு திட்டங்கள்.",
               "schemeEligiiblity":"தகுதியான அமைப்பில் மாநில வேளாண்மை மற்றும் பிற சந்தைப்படுத்தல் கூட்டமைப்புகள், உழவர் உற்பத்தியாளர் அமைப்புகள் (FPO), கூட்டுறவு, நிறுவனங்கள், சுய உதவிக்குழுக்கள், உணவு செயலிகள், லாஜிஸ்டிக் ஆபரேட்டர்கள், சேவை வழங்குநர்கள், விநியோக சங்கிலி ஆபரேட்டர்கள், சில்லறை மற்றும் மொத்த சங்கிலிகள் மற்றும் மத்திய மற்றும் மாநில அரசுகள் மற்றும் அவர்களின் நிறுவனங்கள் / நிறுவனங்கள் திட்டத்தில் பங்கேற்க மற்றும் நிதி உதவியைப் பெற தகுதியுடையவை.",
               "schemeTargetGroup":"NIL",
               "schemeMiscDetails":"உதவியின் முறை அனைத்து பகுதிகளிலும் தகுதிவாய்ந்த திட்ட செலவில் 50% என்ற விகிதத்தில் மானிய உதவி வழங்கப்படும், அதிகபட்சமாக ரூ. ஒரு திட்டத்திற்கு 50 கோடி ரூபாய். இருப்பினும், பி.ஐ.ஏ / எப்.பி.ஓ (கள்) எனில், மானிய உதவி அனைத்து பகுதிகளிலும் தகுதிவாய்ந்த திட்ட செலவில் 70% வீதத்தில் இருக்கும், அதிகபட்சமாக ரூ. ஒரு திட்டத்திற்கு 50 கோடி ரூபாய்.",
               "schemeDepartments":"உணவு பதப்படுத்தும் தொழில்கள் துறை"  
             },
             {
                "schemeUiId":"M_0021_S_005",
               "schemeName":"நிவேஷ் பந்து",
               "schemeObj":"தகவலறிந்த முதலீட்டு முடிவுகளை எடுக்க முதலீட்டாளர்களுக்கு உதவுவதே இதன் நோக்கம். மத்திய மற்றும் மாநில அரசுகளின் முதலீட்டாளர் நட்பு கொள்கைகள், வேளாண் உற்பத்தி செய்யும் கொத்துகள், உள்கட்டமைப்பு மற்றும் உணவு பதப்படுத்தும் துறையில் முதலீடு செய்யக்கூடிய பகுதிகள் பற்றிய தகவல்களை இந்த போர்டல் வழங்கும். உலக உணவு இந்தியா 2017 உலகளாவிய வணிகங்களுக்கு உணவு பதப்படுத்துதல் மற்றும் உணவு சில்லறை விற்பனை ஆகியவற்றில் மதிப்புச் சங்கிலி முழுவதும் இந்திய சந்தையை ஆராய ஒரு தளத்தை வழங்கும். இது சாத்தியமான கூட்டாண்மைகளுக்காக உணவு மதிப்பு சங்கிலி முழுவதும் உலகளாவிய மற்றும் இந்திய தலைவர்களை ஒன்றிணைக்கிறது மற்றும் உணவு பதப்படுத்தும் துறையில் முதலீட்டு ஓட்டத்தை எளிதாக்குகிறது.",
               "schemeDesc":"உணவு பதப்படுத்தும் துறையில் இந்தியாவின் முதலீட்டு திறனை வெளிப்படுத்தும் வகையில் உலக உணவு இந்தியா 2017 ஐ டெல்லியில் நவம்பர் 3-5 வரை அமைச்சு அமைத்தது. பிரதமர் எஸ்.நரேந்திர மோடி திறந்து வைத்த மூன்று நாள் நிகழ்வு, இந்திய உணவு பதப்படுத்தும் துறையில் அதிகபட்ச முதலீட்டு உறுதிப்பாட்டை வளர்ப்பதற்கான வாய்ப்புகளை வெளிப்படுத்தியது. புதுமையான தயாரிப்புகள் மற்றும் உற்பத்தி செயல்முறைகளை காட்சிப்படுத்துவதற்கான ஒரு தளத்தை இந்த நிகழ்வு வழங்கியது, உணவு பதப்படுத்துதல் துறையின் முழு மதிப்பு சங்கிலியையும் காண்பிக்கும், உணவுப் பாதுகாப்பை அடைவதற்கான பின்னணியில் புதுமை, தொழில்நுட்பம், மேம்பாடு மற்றும் நிலைத்தன்மையை மேம்படுத்துவதற்கான பார்வை ஆகியவற்றைக் கொண்டுள்ளது. இந்த கண்காட்சியில் 61 நாடுகளும் உலகளாவிய தலைமை நிர்வாக அதிகாரிகளும் 27 மாநிலங்களைச் சேர்ந்த 800 உலகளாவிய மற்றும் உள்நாட்டு கண்காட்சியாளர்களுடன் பங்கேற்றனர். கண்காட்சியில் 75000 வணிக பார்வையாளர்களிடமிருந்து கால் பதிந்தது. ஜெர்மனி, ஜப்பான் மற்றும் டென்மார்க் ஆகியவை உலக உணவு இந்தியாவுக்கான கூட்டாளர் நாடுகளாக இருந்தன, இத்தாலி மற்றும் நெதர்லாந்து ஃபோகஸ் நாடுகளாக இருந்தன. உலக உணவு இந்தியா 2017 இன் வலெக்டிக்டரி விழாவில் இந்திய ஜனாதிபதி இதை “இந்திய உணவின் கும்பமேளா” என்று பொருத்தமாக குறிப்பிட்டார். WFI 2017 இல் உணவு பதப்படுத்தும் துறையில் இந்தியா விருப்பமான முதலீட்டு இடமாக காட்சிப்படுத்தப்பட்டது; உள்நாட்டு மற்றும் வெளிநாட்டு முதலீட்டாளர்களிடமிருந்து 13.56 பில்லியன் அமெரிக்க டாலர் முதலீட்டு மதிப்புள்ள புரிந்துணர்வு ஒப்பந்தங்கள் WFI 2017 இன் போது கையெழுத்திடப்பட்டன. இந்த பேச்சுவார்த்தைகளைப் பின்தொடர முதலீட்டு இந்தியாவில் ஒரு சிறப்பு செல் அமைக்கப்பட்டுள்ளது. உணவு பதப்படுத்தும் தொழில்கள் அமைச்சகம் கொள்கைகளால் வழிநடத்தப்படுகிறது - வீணாவதைக் குறைப்பதற்கான நடவடிக்கைகளை உறுதிசெய்வது, அதிகமானவற்றை உற்பத்தி செய்வது மற்றும் மேலும் செயலாக்குவது. ஃபார்ம் டு ஃபோர்க் அவர்களின் மந்திரம் மற்றும் உணவு பதப்படுத்தும் தொழில்கள் விவசாயிகளுக்கும் நுகர்வோருக்கும் இடையிலான பாலமாக இருக்க வேண்டும்.",
               "schemeEligiiblity":"உணவுப் பொருட்கள் ஆய்வகங்கள் NABL ஆல் உரிமம் பெற்றன, அமைச்சகம் உங்கள் திட்டத்திற்கான வழிகாட்டுதல்களை இறுதி செய்துள்ளது மற்றும் ஆர்வமுள்ள மற்றும் தகுதியான நபர்கள் / சங்கங்களின் ஊக்குவிக்கப்பட்ட பரிந்துரைகளைக் கொண்டுள்ளது.",
               "schemeTargetGroup":"NIL",
               "schemeMiscDetails":"உணவு பதப்படுத்தும் துறையில் இந்தியா 10 பில்லியன் டாலர் முதலீட்டை ஈர்க்கும் என்றும் அடுத்த 3 ஆண்டுகளில் 10 லட்சம் வேலைவாய்ப்புகளை உருவாக்கும் என்றும் எதிர்பார்க்கப்படுகிறது. 40 க்கும் மேற்பட்ட நாடுகள் இதுவரை உணவு பதப்படுத்தும் துறையில் அன்னிய நேரடி முதலீட்டை மேற்கொண்டுள்ளன, இது உணவு பதப்படுத்துதல் குறித்த கண்காட்சி இந்தியாவில் நடப்பது இதுவே முதல் முறை.",
               "schemeDepartments":"உணவு பதப்படுத்தும் தொழில்கள் துறை"   
             },
         ]
      },
         ]
      },
   