{
   "ListOfMinistries":[
      {
         "ministryId":1,
         "ministryName":"உள்துறை அமைச்சகம்",
         "ministrySchemesList":[
        {
               "schemeUiId":"M_0024_001",
               "schemeName":"குற்றம் மற்றும் குற்றவியல் கண்காணிப்பு நெட்வொர்க் மற்றும் அமைப்புகள் (சி.சி.டி.என்.எஸ்)",
               "schemeObj":"பொலிஸ் நிலையங்களின் செயல்பாட்டை தானியங்குபடுத்துவதன் மூலம் பொலிஸ் செயல்படும் குடிமகனை நட்பாகவும், வெளிப்படையாகவும் ஆக்குங்கள். குற்றங்களை விசாரிப்பதற்கும் குற்றவாளிகளைக் கண்டறிவதற்கும் வசதியாக சிவில் காவல்துறையின் விசாரணை அதிகாரிகளுக்கு கருவிகள், தொழில்நுட்பம் மற்றும் தகவல்களை வழங்கவும். பொலிஸ் நிலையங்களிடையே தொடர்பு மற்றும் தகவல்களைப் பகிர்தல் , மாவட்டங்கள், மாநில / யூடி தலைமையகம் மற்றும் பிற பொலிஸ் முகவர் நிலையங்கள். நீதிமன்றங்கள் உட்பட வழக்குகளின் முன்னேற்றத்தைக் கண்காணிக்கவும்.",
               "schemeDesc":"குற்றம் மற்றும் குற்றவியல் கண்காணிப்பு நெட்வொர்க் மற்றும் சிஸ்டம்ஸ் (சி.சி.டி.என்.எஸ்) என்பது ஜூன் 2009 இல் தொடங்கப்பட்ட ஒரு திட்டமாகும், இது பொலிஸ் நிலைய மட்டத்தில் காவல்துறையின் செயல்திறனையும் செயல்திறனையும் மேம்படுத்துவதற்கான ஒரு விரிவான மற்றும் ஒருங்கிணைந்த அமைப்பை உருவாக்குவதை நோக்கமாகக் கொண்டுள்ளது. மின்-ஆளுமைக் கொள்கைகளை ஏற்றுக்கொள்வதன் மூலமும், “குற்றங்களை விசாரித்தல் மற்றும் குற்றவாளிகளைக் கண்டறிதல்” ஐச் சுற்றியுள்ள ஐடி-செயலாக்கப்பட்ட அதிநவீன கண்காணிப்பு முறையின் பரிணாம வளர்ச்சிக்கு நாடு தழுவிய நெட்வொர்க் உள்கட்டமைப்பை உருவாக்குவதன் மூலமும் இது செய்யப்படும். சி.சி.டி.என்.எஸ் என்பது அரசாங்கத்தின் தேசிய இ-ஆளுமை திட்டத்தின் கீழ் ஒரு மிஷன் பயன்முறை திட்டம் (எம்.எம்.பி) ஆகும். இந்த திட்டம் நாடு முழுவதும் சுமார் 15000 காவல் நிலையங்கள் மற்றும் மேற்பார்வை பொலிஸ் அதிகாரிகளின் கூடுதல் 5000 அலுவலகங்களை ஒன்றோடொன்று இணைக்கும் மற்றும் அனைத்து காவல் நிலையங்களிலும் எஃப்.ஐ.ஆர் பதிவு, விசாரணை மற்றும் குற்றப்பத்திரிகைகள் தொடர்பான தரவுகளை டிஜிட்டல் மயமாக்கும். இது காவல் நிலையத்தில் பொலிஸ் செயல்பாடுகளை தானியக்கமாக்குவது மட்டுமல்ல உயர் மட்டங்கள் ஆனால் ஆன்லைன் புகார்களைப் பதிவு செய்தல், காவல் நிலையத்தில் பதிவுசெய்யப்பட்ட வழக்கின் நிலையை அறிந்து கொள்வது, நபர்களைச் சரிபார்ப்பது போன்ற பொது சேவைகளை வழங்குவதற்கான வசதிகளையும் பொறிமுறையையும் உருவாக்கும். 2015 ஆம் ஆண்டில், ஒரு இடைநிலைக்கான அடிப்படை தளத்தை நிறுவுவதற்கான கூடுதல் நோக்கம் செயல்படக்கூடிய குற்றவியல் நீதி அமைப்பு (ஐ.சி.ஜே.எஸ்) திட்டத்தில் சேர்க்கப்பட்டது.",
               "schemeEligiiblity":"இந்த சேவை குடிமக்களுக்கு என்.சி.ஆர்.பி தேசிய தரவுத்தளத்தை (எ.கா., திருடப்பட்ட வாகனங்கள் / சொத்து, காணாமல் போன நபர்கள் போன்றவை) அணுக / தேட பொது மக்களுக்கு அணுக அனுமதிக்கப்படுகிறது.",
               "schemeTargetGroup":"இந்திய குடிமக்கள்",
               "schemeMiscDetails":"CCTNS திட்டத்தின் கீழ், CCEA குறிப்பு தோராயமாக. பொலிஸ் வரிசைக்குட்பட்ட 6000 உயர் அலுவலகங்களுக்கு அருகில் நாடு முழுவதும் 14,000 காவல் நிலையங்கள் தானியங்கி செய்ய முன்மொழியப்பட்டன. 2018 ஜனவரியில், 15,580 காவல் நிலையங்களில் மொத்தம் 15,023 குற்ற மற்றும் குற்றவியல் கண்காணிப்பு நெட்வொர்க் திட்டத்தின் கீழ் உள்ளன. இந்த காவல் நிலையங்கள் குற்றங்கள் மற்றும் குற்றவாளிகள் தொடர்பான தரவுகளை உணவளிக்க மற்றும் அனுப்ப முக்கிய மென்பொருளைப் பயன்படுத்தத் தொடங்கியுள்ளன. ",
               "schemeDepartments":"உள் பாதுகாப்புத் துறை"
            },
            {
               "schemeUiId":"M_0024_002",
               "schemeName":"எல்லை பகுதி மேம்பாட்டு திட்டம் (BADP)",
               "schemeObj":"சர்வதேச எல்லைக்கு அருகே அமைந்துள்ள தொலைதூர மற்றும் அணுக முடியாத பகுதிகளில் வாழும் மக்களின் சிறப்பு மேம்பாட்டுத் தேவைகளைப் பூர்த்தி செய்வதும், மத்திய / மாநில / பிஏடிபி / உள்ளூர் திட்டங்களை ஒன்றிணைப்பதன் மூலம் எல்லைப் பகுதிகளை முழு அத்தியாவசிய உள்கட்டமைப்புடன் நிறைவு செய்வதும் BADP இன் முக்கிய நோக்கமாகும். பங்கேற்பு அணுகுமுறை.",
               "schemeDesc":"எல்லை மேலாண்மை திணைக்களம், உள்துறை அமைச்சகம் எல்லை மேலாண்மை தொடர்பான விரிவான அணுகுமுறையின் ஒரு பகுதியாக மாநில அரசுகள் மூலம் எல்லை பகுதி மேம்பாட்டு திட்டத்தை (பிஏடிபி) செயல்படுத்தி வருகிறது. சர்வதேச எல்லைக்கு அருகே அமைந்துள்ள தொலைதூர மற்றும் அணுக முடியாத பகுதிகளில் வாழும் மக்களின் சிறப்பு மேம்பாட்டுத் தேவைகளைப் பூர்த்தி செய்வதையும், மத்திய / மாநில / பிஏடிபி / உள்ளூர் திட்டங்கள் மற்றும் பங்கேற்பு அணுகுமுறை ஆகியவற்றின் மூலம் எல்லைப் பகுதிகளை அத்தியாவசிய உள்கட்டமைப்புடன் நிறைவு செய்வதையும் இந்த திட்டம் நோக்கமாகக் கொண்டுள்ளது. அந்த ஏழாவது ஐந்தாண்டு திட்ட காலத்தில் மேற்கு பிராந்தியத்தின் எல்லைப் பகுதிகளில் BADP தொடங்கப்பட்டது, உள்கட்டமைப்பு மேம்பாடு மற்றும் எல்லை மக்களிடையே பாதுகாப்பு உணர்வை மேம்படுத்துவதன் மூலம் எல்லைப் பகுதிகளின் சீரான வளர்ச்சியை உறுதி செய்வதற்காக. இந்த திட்டம் இப்போது 17 மாநிலங்களில் 111 எல்லை மாவட்டங்களின் 394 எல்லைத் தொகுதிகளை உள்ளடக்கியது, இதில் 8 வடகிழக்கு 55 மாநிலங்களில் 167 எல்லைத் தொகுதிகள் உள்ளன, மாநிலங்கள் (சிக்கிம் உட்பட), சர்வதேச நில எல்லையில் அமைந்துள்ளது. அருணாச்சல பிரதேசம், அசாம், பீகார், குஜராத், இமாச்சலப் பிரதேசம், ஜம்மு-காஷ்மீர், மணிப்பூர், மேகாலயா, மிசோரம், நாகாலாந்து, பஞ்சாப், ராஜஸ்தான், சிக்கிம், திரிபுரா, உத்தரபிரதேசம், உத்தரகண்ட் மற்றும் மேற்கு வங்கம். இந்த திட்டத்தின் கீழ் எல்லைக்கு நெருக்கமான பகுதிகளுக்கு முன்னுரிமை அளிக்கப்படுகிறது. ஒருபுறம் சமூக-பொருளாதார உள்கட்டமைப்பில் உள்ள இடைவெளிகளைக் குறைப்பதற்கும் மேம்படுத்துவதற்கும் மாநில திட்ட நிதிகளை வழங்குவதன் மூலம் எல்லைப் பகுதிகளின் வளர்ச்சியைக் கொண்டுவருவதற்கான மத்திய அரசின் முக்கியமான தலையீடு BADP ஆகும். எல்லைப் பகுதிகளில் பாதுகாப்பு சூழல் மறுபுறம்.",
               "schemeEligiiblity":"சர்வதேச எல்லைகளைப் பகிர்ந்து கொள்ளும் தொகுதிகளுக்குள் வசிப்பவர்களை மட்டுமே BADP உள்ளடக்கியது",
               "schemeTargetGroup":"NIL",
               "schemeMiscDetails":"BADP இன் கீழ் உள்ள நிதி 100% மடிக்காத சிறப்பு மத்திய உதவியாக மாநிலங்களுக்கு வழங்கப்படுகிறது. இந்த திட்டம் இயற்கையில் துணை மற்றும் 2015-16 நிதியாண்டுக்கான பட்ஜெட் ஒதுக்கீடு ரூ .990 கோடி",
               "schemeDepartments":"எல்லை மேலாண்மைத் துறை"
            },
              {
               "schemeUiId":"M_0024_003",
               "schemeName":"பெண்கள் மற்றும் குழந்தைகளுக்கு எதிரான சைபர் குற்றத் தடுப்பு (CCPWC)",
               "schemeObj":"பெண்கள் மற்றும் குழந்தைகளுக்கு எதிரான சைபர் குற்றத் தடுப்பு (சி.சி.பி.டபிள்யூ.சி) திட்டத்தின் முக்கிய நோக்கம், நாட்டில் பெண்கள் மற்றும் குழந்தைகளுக்கு எதிரான சைபர் கிரைம்களைக் கையாள ஒரு சிறந்த வழிமுறையைக் கொண்டிருக்க வேண்டும்.",
               "schemeDesc":"இந்தியாவின் அரசியலமைப்பின் படி, காவல்துறையும் பொதுமக்களும் மாநிலப் பாடங்கள், இதன் பொருள் அவர்களின் சட்ட அமலாக்க இயந்திரங்கள் மூலம் குற்றங்களைத் தடுப்பது, கண்டறிதல் மற்றும் விசாரணை செய்வதற்கு அரசு முதன்மையாக பொறுப்பேற்கிறது. சைபர் மோசடி மற்றும் குற்றவாளிகளுக்கு எதிராக இந்திய தண்டனைச் சட்டம் மற்றும் தகவல் தொழில்நுட்பச் சட்டம் 2000 க்கு ஏற்ப சட்ட அமலாக்க முகவர் (LEA கள்) சட்ட நடவடிக்கை எடுக்கின்றன. இந்த சட்டங்களைச் செயல்படுத்த அமைச்சின் முன்முயற்சிகளில் CCPWC ஒன்றாகும். CCPWC இன் முக்கிய கூறுகள் ஆன்லைன் சைபர் கிரைம் ரிப்போர்டிங் தளம், தேசிய அளவிலான சைபர் தடயவியல் ஆய்வகம் மற்றும் திறன் மேம்பாட்டு பிரிவு ஆகியவை அடங்கும். சி.சி.டி.என்.எஸ் போர்ட்டலைப் பயன்படுத்தி, சைபர் கிரைம் பாதிக்கப்பட்டவர் புகார் அளிக்க முடியும், பின்னர் சைபர் கிரைமை அடையாளம் காண போர்டல் ஒரு மைய களஞ்சியத்தை வழங்கும். சைபர் கிரைம்கள், அவற்றின் போக்குகள் மற்றும் தீர்வு நடவடிக்கைகள் தொடர்பான வருடாந்திர பகுப்பாய்வு அறிக்கையில் புகார் பயன்படுத்தப்பட்டு வெளியிடப்படும். சைபர் கிரைம் தொடர்பான தகவல்களுக்கான தேசிய, மாநில மற்றும் உள்ளூர் மட்டத்தில் சட்ட அமலாக்க மற்றும் ஒழுங்குமுறை முகவர் பற்றிய குறிப்புகளின் களஞ்சியமும் இந்த போர்ட்டலில் உள்ளது. CCPWC இன் தடயவியல் ஆய்வகம் சைபர் கிரைம் மற்றும் அதன் பகுப்பாய்வு தொடர்பான ஆதாரங்களை ஐ.டி சட்டத்தின் விதிகளுக்கு ஏற்ப சரியாக சேகரித்து பாதுகாக்கிறது. இந்த ஆய்வகம் கடிகாரத்தைச் சுற்றி இயங்குகிறது மற்றும் அனைத்து மாநிலங்களுக்கும் யூனியன் பிரதேசங்களுக்கும் (யு.டி.) அணுகக்கூடிய சமீபத்திய தடயவியல் கருவி அமைப்பைக் கொண்டுள்ளது. தடயவியல் அலகு சைபர் பாதுகாப்பு நிபுணர்களின் குழுவைக் கொண்டுள்ளது, அவை முழுமையான மின்னணு தடயவியல் ஆய்வுகளை மேற்கொள்கின்றன மற்றும் நாடு முழுவதும் தடயவியல் பகுப்பாய்வில் LEA களுக்கு உதவுகின்றன. சி.சி.பி.டபிள்யூ.சி திறன் மேம்பாட்டு பிரிவின் கீழ் உள்ள திட்டங்கள் மூலம், காவல்துறை அதிகாரிகள், நீதிபதிகள் மற்றும் வழக்குரைஞர்களுக்கு சைபர் கிரைம் வழக்குகளை குறிப்பாக பெண்கள் மற்றும் குழந்தைகள் சம்பந்தப்பட்ட வழக்குகளை கையாள பயிற்சி அளிக்கப்படுகிறது.",
               "schemeEligiiblity":"'ஆன்லைன் சைபர் கிரைம் ரிப்போர்டிங் போர்ட்டல்' என்பது சி.சி.டி.என்.எஸ் திட்டத்தின் மைய குடிமக்கள் போர்டல் ஆகும். இந்த போர்ட்டலைப் பயன்படுத்தி, சைபர் கிரைம் பாதிக்கப்பட்டவர்களால் ஆன்லைன் சைபர்-கிரைம் புகார் செய்ய முடியும்.இது போன்ற அனைத்து குற்றங்களுக்கும் இது ஒரு மைய களஞ்சியத்தை வழங்கும், இது சைபர் குற்றங்கள், அவற்றின் போக்குகள் மற்றும் வருடாந்திர பகுப்பாய்வு அறிக்கையை வெளியிட பயன்படும். தீர்வு நடவடிக்கைகள் போன்றவை.",
               "schemeTargetGroup":"பெண்கள் மற்றும் குழந்தைகள்",
               "schemeMiscDetails":"இத்திட்டத்தின் மொத்த மதிப்பீடு ரூ. 223.198 கோடியும், ரூ. ஒவ்வொரு மாநில / யூ.டி., திறன் மேம்பாடு மற்றும் பயிற்சி ஆகியவற்றில் இணைய தடயவியல் பயிற்சி ஆய்வகத்தை அமைப்பதற்காக 93.12 கோடி மாநிலங்கள் மற்றும் யூ.டி.க்களுக்கு விடுவிக்கப்பட்டுள்ளது.",
               "schemeDepartments":"உள் பாதுகாப்புத் துறை"
            },
             {
               "schemeUiId":"M_0024_004",
               "schemeName":"உதான்",
               "schemeObj":"ஜம்மு-காஷ்மீரின் பட்டதாரிகள் மற்றும் முதுகலை பட்டதாரிகளுக்கு கார்ப்பரேட் இந்தியாவின் சிறந்தவர்களுக்கு வெளிப்பாடு வழங்குதல். கார்ப்பரேட் இந்தியாவுக்கு மாநிலத்தில் கிடைக்கும் பணக்கார திறமைக் குளத்தை வெளிப்படுத்துதல்.",
               "schemeDesc":"ஜம்மு-காஷ்மீர் (ஜே & கே) க்கான சிறப்பு தொழில் முயற்சி (எஸ்ஐஐ) உதான், உள்துறை அமைச்சகத்தால் நிதியளிக்கப்பட்டு தேசிய திறன் மேம்பாட்டுக் கழகத்தால் (என்எஸ்டிசி) செயல்படுத்தப்படுகிறது. இந்த திட்டம் ஜே & கே பொருளாதார பிரச்சினைகளுக்கு தீர்வு காண்பதற்கான ஒட்டுமொத்த முயற்சியின் ஒரு பகுதியாகும். ஜே & கே நிறுவனத்தில் பொருளாதார நடவடிக்கைகளை புதுப்பிக்க மாநில மற்றும் மத்திய அரசால் நடவடிக்கை எடுக்கப்பட்டு வரும் நிலையில், உதான் திட்டம் ஜே & கேவில் படித்த வேலையற்ற இளைஞர்களின் தேவைகளை நிவர்த்தி செய்வதற்கான ஒரு சிறப்பு முயற்சியாகும். உதான் திட்டம் பட்டதாரி, முதுகலை அல்லது மூன்று ஆண்டு டிப்ளோமா பொறியாளர்களான ஜே & கே இளைஞர்களை மையமாகக் கொண்டுள்ளது. இளைஞர்களுக்கு திறன்களையும் வேலை வாய்ப்புகளையும் வழங்குவதே இதன் நோக்கம். அதேசமயம், கார்ப்பரேட் இந்தியாவுக்கு மாநிலத்தில் கிடைக்கும் பணக்கார திறமைக் குழுவிற்கு வெளிப்பாடு வழங்குவதும் இதன் நோக்கம். 6 ஆண்டு காலப்பகுதியில் ஜே & கே நிறுவனத்தில் 40,000 இளைஞர்களை சென்றடைய இலக்கு இருந்தது. முக்கியமாக இரண்டு காரணங்களால் ஜே & கே இளைஞர்களுக்கு பல நிறுவனங்களில் வேலைவாய்ப்பு கிடைக்கவில்லை என்பதைக் காண முடிந்தது - ஒன்று நிறுவனங்களில் எந்தவொரு வாய்ப்பையும் அவர்கள் அறிந்திருக்கவில்லை அல்லது நிறுவனங்களுக்கு மாநிலத்தில் இருந்த திறமைக் குளம் பற்றி தெரியாது. உதான் திட்டத்தின் முக்கிய கவனம் இந்த இடைவெளியைக் குறைக்கும் ஒரு சுற்றுச்சூழல் அமைப்பை உருவாக்குவதாகும். கார்ப்பரேட் துறையில் பணியாற்றுவதற்கான வாய்ப்பை ஆராய விரும்பும் ஆர்வமுள்ள வேட்பாளர்களை ஜே & கே நிறுவனங்களுக்கு பயணிக்கவும், இளைஞர்களை சந்திக்கவும், வேலைக்கு அமர்த்தவும் உதான் திட்டம் வடிவமைக்கப்பட்டுள்ளது. உதான் மாநில இளைஞர்களுக்கு பயணம், பயிற்சி மற்றும் வேலைக்குச் செல்வதற்கான ஆதரவின் கட்டமைப்பை வழங்குகிறது.",
               "schemeEligiiblity":"ஒரு நபர் உதானின் கீழ் ஒரு பயிற்சியாளராக நியமிக்கப்படுவதற்கு அவர் தகுதிபெற வேண்டும்: ஜம்மு-காஷ்மீர் மாநிலத்தில் வசிப்பவர், 18 வயதுக்கு மேற்பட்டவர்கள் மற்றும் தேர்வு செய்யப்பட்ட தேதியில் 40 வயதுக்கு குறைவானவர்கள், ஒரு பட்டதாரி , முதுகலை, தொழில்முறை பட்டம் பெற்றவர் அல்லது மூன்று ஆண்டு பொறியியல் டிப்ளோமா வைத்திருப்பவர் அல்லது பட்டப்படிப்பின் இறுதி ஆண்டில் மாணவர், சேரும் தேதியில் வேலையில்லாமல் இருப்பவர்.",
               "schemeTargetGroup":"ஜம்மு-காஷ்மீரில் வேலையற்ற பட்டதாரிகள்",
               "schemeMiscDetails":"இது ஐந்து ஆண்டு காலப்பகுதியில் 40,000 இளைஞர்களை உள்ளடக்குவதை நோக்கமாகக் கொண்டுள்ளது, மேலும் இதை செயல்படுத்த ரூ .750 கோடி ஒதுக்கப்பட்டுள்ளது.",
               "schemeDepartments":"ஜம்மு-காஷ்மீர் விவகாரங்கள் துறை"  
             },
             {
               "schemeUiId":"M_0024_005",
               "schemeName":"பாதுகாப்பு அனுமதி வழங்குவதற்கான ‘இ-சஹாஜ்’ போர்டல்",
               "schemeObj":"விண்ணப்பதாரர் ஆன்லைனில் விண்ணப்பத்தை சமர்ப்பிக்கவும், அவ்வப்போது அவரது விண்ணப்பத்தின் நிலையைக் காணவும் இந்த போர்டல் உதவும். அனுமதி தரப்படுத்தப்பட்டதாகிவிட்டது, இதன் விளைவாக ஒரு செயல்முறை வேகமாகவும், வெளிப்படையாகவும், கண்காணிக்க எளிதாகவும் இருக்கும். பல்வேறு செயல்பாட்டாளர்கள் ஆன்லைனில் விண்ணப்பத்தையும் ஆவணங்களையும் அணுகலாம் மற்றும் சரியான நேரத்தில் முடிவுகளை எடுக்கலாம்.",
               "schemeDesc":"அண்மையில், மத்திய உள்துறை செயலாளர் ராஜீவ் க uba பா வணிகங்களுக்கு பாதுகாப்பு அனுமதி வழங்குவதற்காக ஆன்லைனில் ‘இ-சஹாஜ்’ போர்ட்டலை அறிமுகப்படுத்தினார். விண்ணப்பதாரர் ஆன்லைனில் விண்ணப்பத்தை சமர்ப்பிக்கவும், அவ்வப்போது அவரது விண்ணப்பத்தின் நிலையைக் காணவும் இந்த போர்டல் உதவும். நிர்வாக அமைச்சினால் நிறுவனங்கள் / ஏலதாரர்கள் / தனிநபர்களுக்கு உரிமம் / அனுமதி, அனுமதி, ஒப்பந்தம் போன்றவற்றை வழங்குவதற்கு முன் சில முக்கியமான துறைகளில் பாதுகாப்பு அனுமதிகளை வழங்குவதற்கான நோடல் அதிகாரம் உள்துறை அமைச்சகம் (எம்.எச்.ஏ) ஆகும். தேசிய பாதுகாப்பு அனுமதியின் நோக்கம், பொருளாதார அச்சுறுத்தல்கள் உள்ளிட்ட சாத்தியமான பாதுகாப்பு அச்சுறுத்தல்களை மதிப்பீடு செய்வதும், முக்கிய துறைகளில் முதலீடு மற்றும் திட்ட முன்மொழிவுகளை அழிப்பதற்கு முன் இடர் மதிப்பீட்டை வழங்குவதும் ஆகும். உள்துறை அமைச்சகம் (எம்.எச்.ஏ) சமீபத்தில் பாதுகாப்பு அனுமதி நடைமுறைகளை நெறிப்படுத்தியுள்ளது மற்றும் புதிய வழிகாட்டுதல்களை வெளியிட்டுள்ளது. பாதுகாப்பு அனுமதி திட்டங்கள் குறித்த சரியான நேரத்தில் முடிவெடுப்பதற்காக ஒவ்வொரு வாரமும் அதிகாரிகளின் குழு MHA இல் கூடுகிறது. நிர்வாக அமைச்சகத்தால் நிறுவனங்கள் / ஏலதாரர்கள் / தனிநபர்களுக்கு உரிமம் / அனுமதி, அனுமதி, ஒப்பந்தம் போன்றவற்றை வழங்குவதற்கு முன் சில முக்கிய துறைகளில் பாதுகாப்பு அனுமதிகளுக்கான நோடல் அமைச்சகம் MHA ஆகும். தேசிய பாதுகாப்பு அனுமதியின் நோக்கம், பொருளாதார அச்சுறுத்தல்கள் உள்ளிட்ட சாத்தியமான பாதுகாப்பு அச்சுறுத்தல்களை மதிப்பீடு செய்வதும், முக்கிய துறைகளில் முதலீடு மற்றும் திட்ட முன்மொழிவுகளை அழிப்பதற்கு முன்னர் இடர் மதிப்பீட்டை வழங்குவதும் ஆகும். தேசிய பாதுகாப்பின் கட்டாயங்களை பூர்த்தி செய்வதற்கும் எளிதாக்குவதற்கும் இடையே ஆரோக்கியமான சமநிலையை ஏற்படுத்துவதே இதன் நோக்கம். வணிகம் மற்றும் நாட்டில் முதலீட்டை ஊக்குவித்தல்.",
               "schemeEligiiblity":"அனைத்து பங்குதாரர்களுக்கும் ஆன்லைன் போர்டல்",
               "schemeTargetGroup":"NIL",
               "schemeMiscDetails":"கடந்த ஒரு வருடத்தில் சுமார் 1,100 பாதுகாப்பு அனுமதிகளை எம்.எச்.ஏ அகற்றியுள்ளது. பாதுகாப்பு அனுமதி வழக்குகளை 60 நாட்களில் தீர்மானிக்க MHA பாடுபடுகிறது (2018 இல் ஒரு வழக்கின் சராசரி நேரம் 53 நாட்கள்), இதில் மேலும் குறைக்கப்படுகிறது. 2016 ஆம் ஆண்டில், 6 மாதங்களுக்கும் மேலான 209 வழக்குகள் இருந்தன; 2017 ஆம் ஆண்டில், இது 154 வழக்குகளாகவும், 2018 இல் 47 வழக்குகளாகவும் குறைந்தது.",
               "schemeDepartments":"உள் பாதுகாப்புத் துறை"  
             },
             {
               "schemeUiId":"M_0024_006",
               "schemeName":"'பாரத் கே வீர்'",
               "schemeObj":"போர்ட்டலின் (bharatkeveer.gov.in) முக்கிய நோக்கம், தனிப்பட்ட தைரியமான கணக்கிற்கு அல்லது பரத் கே வீர் கார்பஸுக்கு நேரடியாக ஆன்லைனில் நன்கொடை அளிப்பதன் மூலம் படையினரின் குடும்பங்களுக்கு உதவ பொதுமக்களுக்கு உதவுவதாகும்.",
               "schemeDesc":"நீங்கள் தனிப்பட்ட துணிச்சலான கணக்கிற்கு நேரடியாக நன்கொடை அளிக்கலாம் (அதிகபட்சம் 15 லட்சம் வரை) அல்லது பாரத் கே வீர் கார்பஸுக்கு நன்கொடை அளிக்கலாம். அதிகபட்ச கவரேஜை உறுதிசெய்ய, ஒரு துணிச்சலானவருக்கு lakh 15 லட்சம் தொப்பி எதிர்பார்க்கப்படுகிறது, மேலும் அந்த தொகை  15 லட்சத்தை தாண்டினால் நன்கொடையாளர் எச்சரிக்கப்படுவார், இதனால் அவர்கள் தங்கள் பங்களிப்பைக் குறைக்க அல்லது பங்களிப்பின் ஒரு பகுதியை மற்றொரு துணிச்சலான கணக்கில் திருப்பிவிடலாம். அல்லது பாரத் கே வீர் கார்பஸுக்கு. பாரத் கே வீர் கார்பஸ் புகழ்பெற்ற பிரபலங்கள் மற்றும் மூத்த அரசாங்க அதிகாரிகளால் ஆன ஒரு குழுவால் நிர்வகிக்கப்படும், அவர்கள் சம எண்ணிக்கையில், தேவை அடிப்படையில் தைரியமான குடும்பத்திற்கு சமமாக நிதியை வழங்க முடிவு செய்வார்கள். பயன்பாடு மற்றும் போர்ட்டலின் வடிவமைப்பு மற்றும் மேம்பாடு தேசிய தகவல் மையம், பிரபலமாக என்.ஐ.சி என அழைக்கப்படுகிறது. அதிகாரப்பூர்வ அறிவிப்பு மற்றும் பதவியேற்பு 2017 ஏப்ரல் 9 ஆம் தேதி செய்யப்பட்டது. இந்த அறிவிப்பு நாட்டின் மத்திய அமைச்சர் திரு. ராஜ்நாத் சிங்கிடமிருந்து வந்தது. இந்நிகழ்ச்சியில் மத்திய உள்துறை அமைச்சர் திரு. கிரேன் ரிஜிஜு மற்றும் பாலிவுட் நட்சத்திரம் அக்‌ஷய் குமார் ஆகியோர் கலந்து கொண்டனர்.",
               "schemeEligiiblity":"பரத் கே வீர் தளம் வலை இணையதளத்திலும் மொபைல் பயன்பாட்டிலும் கிடைக்கும். இந்த டொமைன் யாரையும் அவர் விரும்பும் துணிச்சலானவர்களுக்கு அல்லது பாரத் கே வீர் கார்பஸை நோக்கி நிதி ரீதியாக ஆதரிக்க அனுமதிக்கிறது.",
               "schemeTargetGroup":"NIL",
               "schemeMiscDetails":"எல்லைப் பாதுகாப்புப் படை (பி.எஸ்.எஃப்), அசாம் ரைபிள்ஸ், மத்திய தொழில்துறை பாதுகாப்புப் படை (சி.ஐ.எஸ்.எஃப்), இந்தோ - திபெத்திய எல்லை போலீஸ் படை (ஐ.டி.பி.பி), தேசிய பாதுகாப்பு காவலர்கள் (என்.எஸ்.ஜி), இந்த திட்டத்தின் கீழ் ஆயுதப்படைகளின் பின்வரும் பிரிவுகளும் சேர்க்கப்பட்டுள்ளன. மத்திய ரிசர்வ் போலீஸ் படை (சிஆர்பிஎஃப்), சாஷாஸ்திர சீமா பால் (எஸ்எஸ்பி), மற்றும் தேசிய பேரிடர் மறுமொழி படை (என்.டி.ஆர்.எஃப் - இந்தியா.) ",
               "schemeDepartments":"உள்துறை துறை"  
             },
         ]
      },
         ]
      },
   