{
   "ListOfMinistries":[
      {
         "ministryId":1,
         "ministryName":"Ministry of Home Affairs",
         "ministrySchemesList":[
            {
               "schemeUiId":"M_0024_001",
               "schemeName":"Crime and Criminal Tracking Network and Systems (CCTNS) ",
               "schemeObj":"Make the Police functioning citizen friendly and more transparent by automating the functioning of Police Stations.Provide the Investigating Officers of the Civil Police with tools, technology and information to facilitate investigation of crime and detection of criminals.Facilitate Interaction and sharing of Information among Police Stations, Districts, State/UT headquarters and other Police Agencies.Keep track of the progress of Cases, including in Courts.",
               "schemeDesc":"Crime and Criminal Tracking Network and Systems (CCTNS) is a project initiated in June 2009 which aims at creating a comprehensive and integrated system for enhancing the efficiency and effectiveness of policing at the Police Station level. This will be done through adoption of principles of e-Governance, and creation of a nationwide networked infrastructure for evolution of IT-enabled state-of-the-art tracking system around “investigation of crime and detection of criminals”. CCTNS is a Mission Mode Project (MMP) under the National e-Governance Plan of Govt. of India.The Project will interconnect about 15000 Police Stations and additional 5000 offices of supervisory police officers across the country and digitize data related to FIR registration, investigation and charge sheets in all Police Stations.It will not only automate Police functions at Police station and higher levels but will also create facilities and mechanism to provide public services like registration of online complaints, ascertaining the status of case registered at the police station, verification of persons etc.In 2015, an additional objective of establishing a basic platform for an Inter-operable Criminal Justice System (ICJS) was added to the Project.",
               "schemeEligiiblity":"The service shall enable the citizens to access/search the NCRB National Database on the data (ex, Stolen Vehicles / Property,Missing Persons, etc.) that is approved to be made accessible to public.",
               "schemeTargetGroup":"Citizens of India",
               "schemeMiscDetails":"Under the CCTNS Project, as per CCEA note approx. 14,000 Police Stations throughout the country had been proposed to be automated beside 6000 higher offices in police hierarchy.By January 2018, a total 15,023 of the 15,580 police stations have been covered under the crime and criminal tracking network project. These police stations have started using the core software to feed and transmit data relating to crimes and criminals.",
               "schemeDepartments":"Department of Internal Security"
            },
            {
               "schemeUiId":"M_0024_002",
               "schemeName":"Border Area Development Programme(BADP) ",
               "schemeObj":" The main objective of the BADP is to meet the special developmental needs of the people living in remote and inaccessible areas situated near the international border and to saturate the border areas with the entire essential infrastructure through convergence of Central/State/ BADP/Local schemes and participatory approach. ",
               "schemeDesc":"The Department of Border Management, Ministry of Home Affairs has been implementing the Border Area Development Programme (BADP) through the State Governments as part of a comprehensive approach to Border Management. The programme aims to meet the special development needs of the people living in remote and inaccessible areas situated near the international border and to saturate the border areas with the essential infrastructure through convergence of Central/State/BADP/Local schemes and participatory approach. BADP was initiated in the border areas of the western region during that Seventh Five Year Plan period for ensuring balanced development of border areas through development of infrastructure and promotion of a sense of security among the border population. The programme now covers 394 border blocks of 111 border districts in 17 States, which includes 167 border blocks in 55 districts of 8 North East, States (including Sikkim), located along the international land border. The State covered are Arunachal Pradesh, Assam, Bihar, Gujarat, Himachal Pradesh, Jammu & Kashmir, Manipur, Meghalaya, Mizoram, Nagaland, Punjab, Rajasthan, Sikkim, Tripura, Uttar Pradesh, Uttarakhand and West Bengal. Under this programme priority is given to the areas closer to the border.BADP is an important intervention of the Central Government to bring about development of border areas by supplementing the State Plan Funds to bridge the gaps in socio- economic infrastructure on one hand and improving the security environment in border areas on the other.",
               "schemeEligiiblity":"The BADP covers only those who live within the Blocks that share international borders.",
               "schemeTargetGroup":"NIL",
               "schemeMiscDetails":"The funds under BADP are provided to the States as a 100% non-lapsable Special Central Assistance. The programme is supplemental in nature and the budget allocation for the financial year 2015-16 is Rs.990 crore. ",
               "schemeDepartments":"The Department of Border Management"
            },
            {
               "schemeUiId":"M_0024_003",
               "schemeName":"Cyber Crime Prevention against Women and Children (CCPWC) ",
               "schemeObj":"The main objective of Cyber Crime Prevention against Women and Children (CCPWC) Scheme is to have an effective mechanism to handle cybercrimes against women and children in the country.",
               "schemeDesc":"According to India’s Constitution, the police and public are State subjects, this means that the State is primarily responsible for the prevention, detection and investigation of crime through their law enforcement machinery. Law Enforcement Agencies (LEAs) take legal action in line with the Indian Penal Code and the Information Technology Act, 2000 against cyber fraud and offenders. The CCPWC is one of the Ministry’s initiatives to enforce these laws. Key components of the CCPWC include an online cybercrime reporting platform, a national-level cyber forensic laboratory and a capacity building unit. Using CCTNS portal, a cybercrime victim can file a complaint, the portal will then provide a central repository to identify the cybercrime. The complaint will be used and published in the annual analytical report regarding cybercrimes, their trends and remedial measures. The portal also includes a repository of references to law enforcement and regulatory agencies at the national, state and local level for cybercrime-related information. The CCPWC’s forensic laboratory properly collects and preserves evidence related to cybercrime and its analysis in line with the provisions of the IT Act. The laboratory is operational around-the-clock and is equipped with the latest forensic tool setup that is accessible to all States and Union Territories (UTs). The forensic unit consists of a team of cybersecurity professionals that carry out thorough electronic forensic studies and assist the LEAs in forensic analysis across the country. Through programmes under the CCPWC capacity building unit, police officers, judges and prosecutors are trained to handle cybercrime cases specifically ones that involve women and children. ",
               "schemeEligiiblity":"The “Online Cybercrime Reporting Portal” is a central citizen portal of the CCTNS project. Using this portal, an online cyber-crime complaint can be made by the victims of cyber-crime.It will provide a central repository for all such crimes, which will be used for publishing an annual analytical report regarding cyber-crimes, their trends and remedial measures etc.",
               "schemeTargetGroup":"Women and Children",
               "schemeMiscDetails":"The scheme has a total estimated outlay of Rs. 223.198 crores and Rs. 93.12 crore have been released to the States and UTs for setting up cyber forensic training laboratory in each State/UT, capacity building and training.",
               "schemeDepartments":" Department of Internal Security"
             },
             {
               "schemeUiId":"M_0024_004",
               "schemeName":"UDAAN",
               "schemeObj":"To provide exposure to the graduates and post graduates of Jammu and Kashmir to the best of corporate India. To provide corporate India with exposure to the rich talent pool available in the state.",
               "schemeDesc":"Udaan, the Special Industry Initiative (SII) for Jammu and Kashmir (J&K) is funded by Ministry of Home Affairs and implemented by National Skill Development Corporation (NSDC). The program is a part of the overall initiative for addressing economic issues in J&K. While steps are being taken by the State and Central Government to revive economic activity in J&K, Udaan program is a special initiative to address the needs of the educated unemployed youth in J&K. Udaan program is focused on youth of J&K who are graduate, post graduate or three year diploma engineers. The aim is to provide skills and job opportunities to the youth. Simultaneously, the aim is also to provide exposure to corporate India towards the rich talent pool available in the state. The target was to reach out to 40,000 youth in J&K over a period of 6 years. It was observed that the youth of J&K were unable to find employment in many companies mainly because of two reasons — either they were unaware of any opportunity in the companies or the companies were unaware of the talent pool that existed in the state. The principal focus of the Udaan program is to create an ecosystem that would bridge this gap. The Udaan program is designed to encourage corporate to travel to J&K, meet the youth and hire aspiring candidates who wish to explore the opportunity to work in corporate sector. Udaan provides a framework of support to the youth of the state to travel, train and transit to work.",
               "schemeEligiiblity":"A person shall be qualified for being appointed as a trainee under Udaan if he or she is: Resident of the State of Jammu and Kashmir, More than 18 years of age and less than 40 years of age on the date of selection, Is a graduate, post-graduate, professional degree holder or a three year engineering diploma holder or student in the final year of graduation, Unemployed on the date of joining.",
               "schemeTargetGroup":"Unemployed graduates in Jammu and Kashmir",
               "schemeMiscDetails":"It aims to cover 40,000 youth over a period of five years and Rs 750 crore has been earmarked for its implementation.",
               "schemeDepartments":"Department of Jammu and Kashmir Affairs"  
             },
             {
               "schemeUiId":"M_0024_005",
               "schemeName":"‘e-Sahaj’ portal for grant of Security Clearance",
               "schemeObj":"The portal will facilitate an applicant to submit application online and also to view the status of his application from time to time. The clearance has become standardized, resulting in a process which will be faster, transparent and easy to monitor. Various functionaries can access the application and documents online and take timely decisions.",
               "schemeDesc":"Recently, the Union Home Secretary Rajiv Gauba has launched an online ‘e-Sahaj’ portal for grant of security clearance to businesses. The portal will facilitate an applicant to submit application online and also to view the status of his application from time to time. The Ministry of Home Affairs (MHA) is the nodal authority for granting security clearances in certain sensitive sectors before issue of licence/permit, permission, contract etc, to companies/ bidders/individuals by the administrative Ministry. The purpose of national security clearance is to evaluate potential security threats, including economic threats, and provide risk assessment before clearing investment and project proposals in key sectors. The Ministry of Home Affairs (MHA) has recently streamlined the Security Clearance procedures and issued a fresh set of guidelines. A Committee of Officers meets every week in MHA for timely decision on security clearance proposals. MHA is the nodal Ministry for security clearances in certain sensitive sectors before issue of licence/permit, permission, contract etc, to companies/ bidders/individuals by the administrative Ministry. The objective of national security clearance is to evaluate potential security threats, including economic threats, and provide risk assessment before clearing investment and project proposals in key sectors.The aim is to strike a healthy balance between meeting the imperatives of national security and facilitating ease of doing business and promoting investment in the country.",
               "schemeEligiiblity":"Online portal for all stakeholders",
               "schemeTargetGroup":"NIL",
               "schemeMiscDetails":"MHA has cleared about 1,100 cases of security clearance in the past one year. MHA strives to decide Security Clearance cases in 60 days (average time per case in 2018 is 53 days),In which is being reduced further. In 2016, there were 209 cases which were over 6 months old; in 2017,  This came down to 154 cases and further down to 47 cases in 2018.",
               "schemeDepartments":"Department of Internal Security"   
             },
             {
               "schemeUiId":"M_0024_006",
               "schemeName":"'Bharat Ke Veer'",
               "schemeObj":"The main objective of the portal (bharatkeveer.gov.in) is to enable the public to help the families of soldiers by donating money online directly to the individual braveheart's account or to Bharat Ke Veer corpus.",
               "schemeDesc":"You can donate directly to individual braveheart's account (upto max of ₹ 15 lakhs) or may donate to the Bharat Ke Veer corpus. To ensure maximum coverage, a cap of ₹ 15 lakhs is envisaged per braveheart and the donor would be alerted if the amount exceeds ₹ 15 lakhs, so that they can choose to either decrease their contribution or divert part of the contribution to another bravehearts account, or to the Bharat Ke Veer corpus. Bharat Ke Veer corpus would be managed by a commitee made up of eminent persons of repute and senior government officials, in equal number, who would decide to disburse the fund equitably to the bravehearts family on need basis. The designing and the development of the application and the portal have been done by the National Informatics Center, popularly known as the NIC. The official announcement and the inauguration were done on the 9th of April, 2017. The declaration came from the Union Minister of the country, Mr. Rajnath Singh. The Union Home Affairs Minister, Mr. Kiren Rijiju and the loved Bollywood star Akshay Kumar were also present on the occasion.",
               "schemeEligiiblity":"The site Bharat ke Veer will be available on web portal as well as mobile application. This domain allows anyone to financially support the bravehearts of his choice or towards the Bharat Ke Veer corpus. ",
               "schemeTargetGroup":"NIL",
               "schemeMiscDetails":"The following sections of the armed forces have also been included under the scheme: Border Security Force (BSF), Assam Rifles, Central Industrial Security Force (CISF), Indo – Tibetan Border Police Force (ITBP), National Security Guards (NSG), Central Reserve Police Force (CRPF), Sashastra Seema Bal (SSB), and National Disaster Response Force (NDRF – India.)",
               "schemeDepartments":" Department of Home Affairs" 
             },
         ]
      },
         ]
      },

