{
   "ListOfMinistries":[
      {
         "ministryId":25,
         "ministryName":"Ministry of Housing and Urban affairs",
         "ministrySchemesList":[
            {
               "schemeUiId":"M_0025_S_001",
               "schemeName":"PM Awas yojana Urban",
               "schemeObj":"Housing for all in urban areas by year 2022",
               "schemeDesc":"Slum rehabilitation, Promotion of Affordable Housing for weaker section through credit linked subsidy, Affordable Housing in Partnership with Public & Private sectors",
               "schemeEligiiblity":"poor and people living under Economic Weaker Section and Low Income Group categories in the country",
               "schemeTargetGroup":" Economic Weaker Section and Low Income Group",
               "schemeMiscDetails":" Interest subsidy of 6.5% on housing loans for 15 years,grant Rs 1 lakh to all the beneficiaries and Rs 1.5 lakh for all eligible urban poor  for renovation in their existing houses,loans to build toilets in existing houses",
               "schemeDepartments":"For futher details contact PMAY(U) incharge in municipality"
            },
            {
               "schemeUiId":"M_0025_S_002",
               "schemeName":"Deen Dayal Antyodaya Yojana Urban or National Urban Livelihoods Mission",
               "schemeObj":"The main objective is to uplift the urban poor by enhancing sustainable livelihood opportunities through skill development",
               "schemeDesc":"access gainful self employment and skilled wage employment opportunities,provide the shelter equipped with essential services to the urban homeless,livelihood concern of the urban street vendors ",
               "schemeEligiiblity":"Almost the entire urban population",
               "schemeTargetGroup":"Urban poor, street vendors,homeless persons etc",
               "schemeMiscDetails":"For futher details visit http://nulm.gov.in/",
               "schemeDepartments":"Concern department in local municipality"
            },
			
			 {
               "schemeUiId":"M_0025_S_003",
               "schemeName":"Smart Cities Mission",
               "schemeObj":"The main objective is to improve the ease of living particularly for poor, women, elderly and differently abled ",
               "schemeDesc":"Each state will get atleast one smart city and 100 cities have been selected for this mission",
               "schemeEligiiblity":"Nil",
               "schemeTargetGroup":"Nil",
               "schemeMiscDetails":"For futher details visit http://smartcities.gov.in/content/",
               "schemeDepartments":"Nil"
            },
			
			 {
               "schemeUiId":"M_0025_S_004",
               "schemeName":"Atal Mission for Rejuvenation and Urban Transformation",
               "schemeObj":"The main objective is to establish an infrastructure for ensuring adequate sewage networks and water supply in the urban areas through the implementation of the urban revival projects and develop green and well maintained open spaces and parks ",
               "schemeDesc":"covering around 500 cities",
               "schemeEligiiblity":"All the cities and towns that are having a population of one lakh or above as per the census of 2011 with notified municipalities, All the capital cities or towns,e cities or towns that are classified as HRIDAY scheme can apply for this scheme",
               "schemeTargetGroup":"Nil",
               "schemeMiscDetails":"For futher details visit http://amrut.gov.in/content/",
               "schemeDepartments":"Nil"
            },
			
			 {
               "schemeUiId":"M_0025_S_005",
               "schemeName":"National Heritage City Development and Augmentation Yojana",
               "schemeObj":"The main objective is Focus on holistic development of heritage cities and to preserve and revitalise soul of the heritage city.",
               "schemeDesc":" Currently it covers 12 cities",
               "schemeEligiiblity":"Nil",
               "schemeTargetGroup":"Nil",
               "schemeMiscDetails":"Nil",
               "schemeDepartments":"Nil"
            },
			
			 {
               "schemeUiId":"M_0025_S_006",
               "schemeName":"Swachh Bharat Mission (Urban)",
               "schemeObj":"The main objective is to achieve Clean India by October 2, 2019",
               "schemeDesc":"focused on bringing about necessary regulatory and policy changes to facilitate the scientific processing of waste and  bringing about behaviour change among citizens to end open defication and encouraging them to segregate waste at source",
               "schemeEligiiblity":"Nil",
               "schemeTargetGroup":"Nil",
               "schemeMiscDetails":"For futher details visit http://mohua.gov.in/cms/swachh-bharat-mission.php#:~:text=The%20Swachh%20Bharat%20Mission%20%2D%20Urban,Elimination%20of%20open%20defecation",
               "schemeDepartments":"Nil"
            },
			
			 {
               "schemeUiId":"M_0025_S_007",
               "schemeName":"Swachh Surevkshan",
               "schemeObj":"Cleanliness assessment of cities and towns in India",
               "schemeDesc":"evaluated for each quarter on the basis of monthly updation of Swachh Bharat Mission-Urban (SBM-U) online Management Information System (MIS) by cities along with citizen’s validation on the 12 service level progress indicators",
               "schemeEligiiblity":"All the cities and towns that are having a population of one lakh or above as per the census of 2011 with notified municipalities, All the capital cities or towns,e cities or towns that are classified as HRIDAY scheme can apply for this scheme",
               "schemeTargetGroup":"Nil",
               "schemeMiscDetails":"For futher details visit http://amrut.gov.in/content/",
               "schemeDepartments":"Nil"
            },
			 {
               "schemeUiId":"M_0025_S_008",
               "schemeName":"SwacchaManch Web Portal",
               "schemeObj":"Web based citizen engagement program that is being launched for sharing best practices across the country",
               "schemeDesc":"It enable uploads of pictorial evidence of citizens and organizations participating in the initiatives, as well as record the number of hours volunteered, as acknowledgement of citizens’/organisations’ efforts and contributions to the cause of ‘swachhata’ and it allow stakeholders to create/invite/participate in volunteering opportunities around neighborhoods.",
               "schemeEligiiblity":"Nil",
               "schemeTargetGroup":"Nil",
               "schemeMiscDetails":"For futher details visit https://www.swachhmanch.in/",
               "schemeDepartments":"Nil"
            },
			
			
			
            
         ]
      },
         ]
      },

