{
   "ListOfMinistries":[
      {
         "ministryId":25,
         "ministryName":"வீட்டுவசதி மற்றும் நகர விவகார அமைச்சகம்",
         "ministrySchemesList":[
            {
               "schemeUiId":"M_0025_S_001",
               "schemeName":"பிரதமர் அவாஸ் யோஜனா நகர்ப்புறம்",
               "schemeObj":"2022 ஆம் ஆண்டளவில் நகர்ப்புறங்களில் அனைவருக்கும் வீட்டுவசதி",
               "schemeDesc":"பின்தங்கிய வர்க்க மக்கள் மறுவாழ்வு, கடன் இணைக்கப்பட்ட மானியத்தின் மூலம் பலவீனமான பிரிவினருக்கு மலிவு வீட்டுவசதி ஊக்குவித்தல், பொது மற்றும் தனியார் துறைகளுடன் கூட்டாக மலிவு வீட்டுவசதி",
               "schemeEligiiblity":"ஏழை மற்றும் நாட்டில் பொருளாதார பலவீனமான பிரிவு மற்றும் குறைந்த வருமானக் குழு வகைகளின் கீழ் வாழும் மக்கள்",
               "schemeTargetGroup":"பொருளாதார பலவீனமான பிரிவு மற்றும் குறைந்த வருமானக் குழு",
               "schemeMiscDetails":"15 ஆண்டுகளாக வீட்டுக் கடன்களுக்கு 6.5% வட்டி மானியம், அனைத்து பயனாளிகளுக்கும் ரூ .1 லட்சம் மற்றும் தகுதியுள்ள அனைத்து நகர்ப்புற ஏழைகளுக்கும் ரூ .1.5 லட்சம், தற்போதுள்ள வீடுகளை புதுப்பிக்க, இருக்கும் வீடுகளில் கழிப்பறைகள் கட்ட கடன்கள்",
               "schemeDepartments":"மேலும் விவரங்களுக்கு நகராட்சியில் பொறுப்பான PMAY (U) ஐ தொடர்பு கொள்ளவும்"
            },
            {
               "schemeUiId":"M_0025_S_002",
               "schemeName":"தீன் தயால் அந்தோடயா யோஜனா நகர்ப்புற அல்லது தேசிய நகர்ப்புற வாழ்வாதாரத் திட்டம்",
               "schemeObj":"திறன் மேம்பாடு மூலம் நிலையான வாழ்வாதார வாய்ப்புகளை மேம்படுத்துவதன் மூலம் நகர்ப்புற ஏழைகளை மேம்படுத்துவதே முக்கிய நோக்கம்",
               "schemeDesc":"லாபகரமான சுய வேலைவாய்ப்பு மற்றும் திறமையான ஊதிய வேலை வாய்ப்புகளை அணுகுவது, நகர்ப்புற வீடற்றவர்களுக்கு அத்தியாவசிய சேவைகளுடன் கூடிய தங்குமிடம், நகர்ப்புற தெரு விற்பனையாளர்களின் வாழ்வாதார அக்கறை",
               "schemeEligiiblity":"கிட்டத்தட்ட அனைத்து நகர மக்களுக்கும்",
               "schemeTargetGroup":"நகர்ப்புற ஏழைகள், தெரு விற்பனையாளர்கள், வீடற்ற நபர்கள் போன்றவை",
               "schemeMiscDetails":"மேலும் விவரங்களுக்கு http://nulm.gov.in/ ஐப் பார்வையிடவும்",
               "schemeDepartments":"உள்ளூர் நகராட்சியில் கவலைத் துறை"
            },
			
			 {
               "schemeUiId":"M_0025_S_003",
               "schemeName":"ஸ்மார்ட் சிட்டிஸ் மிஷன்",
               "schemeObj":" ஏழை, பெண்கள், முதியவர்கள் மற்றும் மாற்றுத்திறனாளிகளின் வாழ்க்கை எளிமையை மேம்படுத்துவதாகும்",
               "schemeDesc":"ஒவ்வொரு மாநிலத்திற்கும் குறைந்தபட்சம் ஒரு ஸ்மார்ட் சிட்டி கிடைக்கும், மேலும் 100 நகரங்கள் இந்த பணிக்கு தேர்ந்தெடுக்கப்பட்டுள்ளன",
               "schemeEligiiblity":"Nil",
               "schemeTargetGroup":"Nil",
               "schemeMiscDetails":"மேலும் விவரங்களுக்கு http://smartcities.gov.in/content/ ஐப் பார்வையிடவும்",
               "schemeDepartments":"Nil"
            },
			
			 {
               "schemeUiId":"M_0025_S_004",
               "schemeName":"புத்துணர்ச்சி மற்றும் நகர்ப்புற மாற்றத்திற்கான அடல் மிஷன்",
               "schemeObj":"நகர்ப்புற மறுமலர்ச்சி திட்டங்களை செயல்படுத்துவதன் மூலம் நகர்ப்புறங்களில் போதுமான கழிவுநீர் நெட்வொர்க்குகள் மற்றும் நீர் விநியோகத்தை உறுதி செய்வதற்கான உள்கட்டமைப்பை நிறுவுவதும், பசுமை மற்றும் நன்கு பராமரிக்கப்படும் திறந்தவெளி மற்றும் பூங்காக்களை உருவாக்குவதும் முக்கிய நோக்கமாகும்.",
               "schemeDesc":"சுமார் 500 நகரங்களை உள்ளடக்கியது",
               "schemeEligiiblity":"அறிவிக்கப்பட்ட நகராட்சிகள், அனைத்து தலைநகரங்கள் அல்லது நகரங்கள், மற்றும் நகரங்கள் அல்லது நகரங்கள் HRIDAY திட்டம் என வகைப்படுத்தப்பட்டுள்ள மக்கள் தொகை கணக்கெடுப்பின்படி 2011 ஆம் ஆண்டு மக்கள் தொகை கணக்கெடுப்பின்படி ஒரு லட்சம் அல்லது அதற்கு மேற்பட்ட மக்கள்தொகை கொண்ட அனைத்து நகரங்களும் நகரங்களும் இந்த திட்டத்திற்கு விண்ணப்பிக்கலாம்",
               "schemeTargetGroup":"Nil",
               "schemeMiscDetails":"மேலும் விவரங்களுக்கு http://amrut.gov.in/content/ ஐப் பார்வையிடவும்",
               "schemeDepartments":"Nil"
            },
			
			 {
               "schemeUiId":"M_0025_S_005",
               "schemeName":"தேசிய பாரம்பரிய நகர மேம்பாடு மற்றும் பெருக்குதல் யோஜனா",
               "schemeObj":"பாரம்பரிய நகரங்களின் முழுமையான வளர்ச்சியில் கவனம் செலுத்துவதும், பாரம்பரிய நகரத்தின் ஆன்மாவைப் பாதுகாப்பதும் புத்துயிர் பெறுவதும் முக்கிய நோக்கமாகும்.",
               "schemeDesc":" தற்போது இது 12 நகரங்களை உள்ளடக்கியது",
               "schemeEligiiblity":"Nil",
               "schemeTargetGroup":"Nil",
               "schemeMiscDetails":"Nil",
               "schemeDepartments":"Nil"
            },
			
			 {
               "schemeUiId":"M_0025_S_006",
               "schemeName":"ஸ்வச் பாரத் மிஷன் (நகர்ப்புற)",
               "schemeObj":"அக்டோபர் 2, 2019 க்குள் தூய்மையான இந்தியாவை அடைவதே முக்கிய நோக்கம்",
               "schemeDesc":"கழிவுகளை விஞ்ஞான ரீதியாக செயலாக்குவதற்கு தேவையான ஒழுங்குமுறை மற்றும் கொள்கை மாற்றங்களைக் கொண்டுவருவதில் கவனம் செலுத்துதல் மற்றும் திறந்த பற்றாக்குறையை முடிவுக்குக் கொண்டுவருவதற்காக குடிமக்களிடையே நடத்தை மாற்றத்தைக் கொண்டுவருதல் மற்றும் மூலத்தில் கழிவுகளை பிரிக்க ஊக்குவித்தல்",
               "schemeEligiiblity":"Nil",
               "schemeTargetGroup":"Nil",
               "schemeMiscDetails":"மேலும் விவரங்களுக்கு http://mohua.gov.in/cms/swachh-bharat-mission.php#:~:text=The%20Swachh%20Bharat%20Mission%20%2D%20Urban,Elimination%20of%20open%20defecation",
               "schemeDepartments":"Nil"
            },
			
			 {
               "schemeUiId":"M_0025_S_007",
               "schemeName":"ஸ்வச் சுரேவ்க்சன்",
               "schemeObj":"இந்தியாவில் உள்ள நகரங்கள் மற்றும் நகரங்களின் தூய்மை மதிப்பீடு",
               "schemeDesc":"12 சேவை நிலை முன்னேற்ற குறிகாட்டிகளில் குடிமக்களின் சரிபார்ப்புடன் நகரங்களால் ஸ்வச் பாரத் மிஷன்-நகர்ப்புற (எஸ்.பி.எம்-யு) ஆன்லைன் மேலாண்மை தகவல் அமைப்பு (எம்.ஐ.எஸ்) மாதாந்திர புதுப்பிப்பின் அடிப்படையில் ஒவ்வொரு காலாண்டிற்கும் மதிப்பீடு செய்யப்படுகிறது.",
               "schemeEligiiblity":"அறிவிக்கப்பட்ட நகராட்சிகள், அனைத்து தலைநகரங்கள் அல்லது நகரங்கள், மற்றும் நகரங்கள் அல்லது நகரங்கள் HRIDAY திட்டம் என வகைப்படுத்தப்பட்டுள்ள மக்கள் தொகை கணக்கெடுப்பின்படி 2011 ஆம் ஆண்டு மக்கள் தொகை கணக்கெடுப்பின்படி ஒரு லட்சம் அல்லது அதற்கு மேற்பட்ட மக்கள்தொகை கொண்ட அனைத்து நகரங்களும் நகரங்களும் இந்த திட்டத்திற்கு விண்ணப்பிக்கலாம்",
               "schemeTargetGroup":"Nil",
               "schemeMiscDetails":"மேலும் விவரங்களுக்கு http://amrut.gov.in/content/ ஐப் பார்வையிடவும்",
               "schemeDepartments":"Nil"
            },
			 {
               "schemeUiId":"M_0025_S_008",
               "schemeName":"ஸ்வச்சாமஞ்ச் வலை போர்டல்",
               "schemeObj":"நாடு முழுவதும் சிறந்த நடைமுறைகளைப் பகிர்வதற்காக தொடங்கப்பட்ட வலை அடிப்படையிலான குடிமக்கள் ஈடுபாட்டுத் திட்டம்",
               "schemeDesc":"இது முன்முயற்சிகளில் பங்கேற்கும் குடிமக்கள் மற்றும் அமைப்புகளின் சித்திர ஆதாரங்களை பதிவேற்ற உதவுகிறது, அத்துடன் குடிமக்களின் / அமைப்புகளின் முயற்சிகள் மற்றும் 'ஸ்வச்சாட்டா'க்கான பங்களிப்புகளை ஒப்புக்கொள்வது போன்ற தன்னார்வத் தொண்டர்களின் எண்ணிக்கையை பதிவுசெய்கிறது, மேலும் இது பங்குதாரர்களை உருவாக்க / சுற்றுப்புறங்களைச் சுற்றியுள்ள தன்னார்வ வாய்ப்புகளில் அழைக்கவும் / பங்கேற்கவும்.",
               "schemeEligiiblity":"Nil",
               "schemeTargetGroup":"Nil",
               "schemeMiscDetails":"மேலும் விவரங்களுக்கு https://www.swachhmanch.in/ ஐப் பார்வையிடவும்",
               "schemeDepartments":"Nil"
            },
			
			
			
            
         ]
      },
         ]
      },

