{General and Admin - Trainings - Trainings - KT Sessions
   "ListOfMinistries":[
      {
         "ministryId":4,
         "ministryName":"வர்த்தக மற்றும் தொழில்துறை அமைச்சகம்",
         "ministrySchemesList":[
            {
               "schemeUiId":"M_007_S_001",
               "schemeName":"நிரிக் (நிரத் ரின் விகாஸ் யோஜனா)",
               "schemeObj":"அதிக ஏற்றுமதி கடன் வழங்கலை அடைவதற்கு, ஒரு புதிய திட்டம் NIRVIK தொடங்கப்படுகிறது, இது அதிக காப்பீட்டுத் தொகை, சிறு ஏற்றுமதியாளர்களுக்கான பிரீமியத்தைக் குறைத்தல் மற்றும் உரிமைகோரல் தீர்வுகளுக்கான எளிமையான நடைமுறைகளை வழங்குகிறது.",
               "schemeDesc":"ஏற்றுமதி கடன் உத்தரவாதக் கூட்டுத்தாபனம் (ஈ.சி.ஜி.சி) கடன் வழங்கும் பணியை எளிதாக்குவதற்கும் ஏற்றுமதியாளர்களுக்கு கடன் கிடைப்பதை மேம்படுத்துவதற்கும் ‘நிரிக்’ திட்டத்தை அறிமுகப்படுத்தியுள்ளது. இந்த திட்டத்தின் விவரங்களை மத்திய வர்த்தக மற்றும் கைத்தொழில் மற்றும் ரயில்வே அமைச்சர் பியூஷ் கோயல் 2019 செப்டம்பர் 16 அன்று செய்தியாளர் சந்திப்பில் பகிர்ந்து கொண்டார். ஏற்றுமதியை அதிகரிப்பதற்கான நடவடிக்கைகளின் ஒரு பகுதியாக இந்த திட்டத்தை நிதியமைச்சர் நிர்மலா சீதாராமன் செப்டம்பர் 14 அன்று அறிவித்தார். ஏற்றுமதி கடன் காப்பீட்டு திட்டம் (ஈசிஐஎஸ்) என்றும் அழைக்கப்படும் புதிய ‘நிரிக்’ திட்டத்தின் கீழ், உத்தரவாதம் அளிக்கப்பட்ட காப்பீட்டுத் தொகை அசல் மற்றும் வட்டிக்கு 90 சதவீதம் வரை ஈடுசெய்யும். காப்பீட்டுத் தொகையில் முன் மற்றும் கப்பலுக்குப் பிந்தைய கடன் ஆகியவை அடங்கும். இந்திய ஏற்றுமதி கடன் உத்தரவாதக் கழகம் (ஈ.சி.ஜி.சி) தற்போது 60 சதவீதம் வரை இழப்புக்கான கடன் உத்தரவாதத்தை வழங்குகிறது.",
               "schemeEligiiblity":"சிறு ஏற்றுமதியாளர்கள், இந்தியர்களுக்கு சொந்தமான வணிகம், வங்கி வரம்பு தேவை - குறைந்த பிரீமியம் வீதம் ஏற்றுமதியாளருக்கு மட்டுமே பொருந்தும் என்று குறிப்பிடப்பட்டுள்ளது, வங்கிக் கணக்கு வரம்புகளைக் கொண்ட ரூ. 80 கோடி.",
               "schemeTargetGroup":"ஏற்றுமதியாளர்கள்",
               "schemeMiscDetails":"மேலும் பல தகவல்களுக்கு https://sarkariyojana.com/niryat-rin-vikas-yojna-govt-insurance-premium-rates-small-exporters/",
               "schemeDepartments":"வணிக மற்றும் தொழில் துறை"
            },
            {
               "schemeUiId":"M_007_S_002",
               "schemeName":"ஸ்டார்ட்-அப் இந்தியா திட்டம் (START-UP)",
               "schemeObj":"ஸ்டார்ட்அப்களில் ஒழுங்குமுறைச் சுமையைக் குறைக்க, அங்கு அவர்களின் முக்கிய வணிகத்தில் கவனம் செலுத்துவதற்கும் இணக்க செலவுகளை குறைவாக வைத்திருப்பதற்கும் அனுமதிப்பதன் மூலம்.",
               "schemeDesc":"இந்தியாவில் தலைமையிடமாக உள்ள அரசாங்கத்தில் பதிவுசெய்யப்பட்ட நிறுவனம், அது இணைக்கப்பட்ட நாளிலிருந்து 7 ஆண்டுகள் வரை. பயோடெக் துறையைப் பொறுத்தவரை, இது 10 ஆண்டுகள் ஆகும். எந்தவொரு முந்தைய நிதியாண்டிலும் வருடாந்திர வருவாய் 25 கோடி ரூபாய்க்கு மிகாமல் இருக்க வேண்டும். அடைகாக்கும் மையங்கள், வரி சலுகைகள், எளிதான இணக்கம், விரைவான வெளியேறும் வழிமுறைகள், எளிதான ஐபிஆர் வசதி, கடன் உத்தரவாத நிதி போன்றவை உள்ளிட்ட மேம்பட்ட உள்கட்டமைப்பு. SIDBI ஆல் நிர்வகிக்கப்படும் 10,000 கோடி ரூபாய் நிதி நிதியில் ஒரு பொருளாதார தூண்டுதல். ஸ்டார்ட்அப் இந்தியா ஹப் - முழு ஸ்டார்ட்அப் சுற்றுச்சூழல் அமைப்புக்கும் தொடர்பு கொள்ளும் ஒற்றை புள்ளி மற்றும் அறிவு பரிமாற்றம் மற்றும் நிதி அணுகலை செயல்படுத்துதல்.",
               "schemeEligiiblity":"அங்கீகரிக்கபட்ட டிபிஐஐடி தொடக்கங்களை இணைக்கப்பட்ட 5 ஆண்டுகளுக்குள் இருக்கும் தொழில்",
               "schemeTargetGroup":"தொழில் முனைவோர்",
               "schemeMiscDetails":"மேலும் பல தகவல்களுக்க https://www.startupindia.gov.in/content/sih/en/startup-scheme.html"",
               "schemeDepartments":"டிபிஐஐடி"
            },
             {
              "schemeUiId":"M_007_S_003",
               "schemeName":"இந்தியாவில் உருவாக்கு",
               "schemeObj":"மேக் இன் இந்தியா நோக்கம் மூன்று. உள்நாட்டு உற்பத்தித் துறையை அதிகரிக்க, இதன் மூலம் மொத்த உள்நாட்டு உற்பத்தியின் வளர்ச்சியை ஏற்படுத்தும்; கிடைக்கக்கூடிய வேலைகளின் எண்ணிக்கையை அதிகரிக்கவும், அதன் மூலம் வேலையின்மை குறையும்; இதன் மூலம் வர்த்தக பற்றாக்குறையை குறைத்தல், அந்நிய செலாவணி இருப்புக்களை அதிகரித்தல் மற்றும் நிதி பாதுகாப்பைப் பெறுதல்.",
               "schemeDesc":"மேக் இன் இந்தியா முன்முயற்சி 2014 செப்டம்பரில் பிரதமரால் நாடு கட்டியெழுப்பும் முயற்சிகளின் ஒரு பகுதியாக தொடங்கப்பட்டது. இந்தியாவை உலகளாவிய வடிவமைப்பு மற்றும் உற்பத்தி மையமாக மாற்றுவதற்காக வடிவமைக்கப்பட்ட மேக் இன் இந்தியா ஒரு முக்கியமான சூழ்நிலைக்கு சரியான நேரத்தில் பதிலளித்தது. இந்த முயற்சியின் முதன்மை நோக்கம் உலகம் முழுவதும் இருந்து முதலீடுகளை ஈர்ப்பது மற்றும் இந்தியாவின் உற்பத்தித் துறையை வலுப்படுத்துவது. இது தொழில்துறை மற்றும் உள்நாட்டு வர்த்தகத்தை மேம்படுத்துவதற்கான திணைக்களம் (டிபிஐஐடி), வர்த்தக மற்றும் தொழில்துறை அமைச்சகம், இந்திய அரசால் வழிநடத்தப்படுகிறது. மேக் இன் இந்தியா திட்டம் இந்தியாவின் பொருளாதார வளர்ச்சிக்கு மிகவும் முக்கியமானது, ஏனெனில் இது தற்போதுள்ள இந்திய திறமை தளத்தைப் பயன்படுத்துதல், கூடுதல் வேலை வாய்ப்புகளை உருவாக்குதல் மற்றும் இரண்டாம் நிலை மற்றும் மூன்றாம் நிலைத் துறையை மேம்படுத்துதல் ஆகியவற்றை நோக்கமாகக் கொண்டுள்ளது",
               "schemeEligiiblity":"இந்த திட்டத்தின் கீழ் தகுதி பெற, ஒரு தொடக்கத்தை இந்திய நிறுவனங்கள் சட்டம், 2013 இன் கீழ் ஒரு தனியார் லிமிடெட் நிறுவனமாக இணைக்க வேண்டும், இந்தியன் லிமிடெட் லெயிபிலிட்டி பார்ட்னர்ஷிப் ஆக்ட், 2008 இன் கீழ் ஒரு வரையறுக்கப்பட்ட பொறுப்பு கூட்டு (எல்எல்பி) அல்லது இந்திய கூட்டுச் சட்டத்தின் கீழ் ஒரு கூட்டு நிறுவனம் ஆக்ட், 1932.",
               "schemeTargetGroup":"இந்தியாவின் உற்பத்தியாளர்கள்",
               "schemeMiscDetails":"மேலும் பல தகவல்களுக்கு www.makeinindia.com",
               "schemeDepartments":"டிபிஐஐடி"
             },
             {
                "schemeUiId":"M_007_S_004",
               "schemeName":"அரசு மின் சந்தை இடம் (GEM) முயற்சி",
               "schemeObj":"பொது கொள்முதல் செய்வதில் வெளிப்படைத்தன்மை, செயல்திறன் மற்றும் வேகத்தை மேம்படுத்துவதை ஜீஎம் நோக்கமாகக் கொண்டுள்ளது. இது அரசாங்கங்கள் தங்கள் பணத்திற்கான சிறந்த மதிப்பை அடைய உதவும் வகையில் ஈ-ஏலம், தலைகீழ் மின் ஏலம் மற்றும் கோரிக்கை திரட்டல் ஆகியவற்றின் கருவிகளை வழங்குகிறது, எனவே வரி செலுத்துவோரின் பணத்தை திறம்பட பயன்படுத்துகிறது. ஜீஎம் வாங்குபவர்களுக்கு எம்எஸ்எம்இக்களை மட்டும் தேர்ந்தெடுத்து அவர்களிடமிருந்து ஒரு விற்பனையாளரைத் தேர்ந்தெடுப்பதற்கான விருப்பத்தையும் வழங்குகிறது. இது பொருட்கள் மற்றும் சேவைகளின் ஒட்டுமொத்த கொள்முதலில் MSME வாங்குதல்களின் பங்கை கணிசமாக அதிகரிக்க வாங்குபவர்களுக்கு உதவியது.",
               "schemeDesc":"அரசு மின் சந்தை (ஜீஎம்) ஒரு தேசத்தில் மின்-ஆளுமை சகாப்தத்தை உருவாக்க இந்திய அரசாங்கத்தால் தொடங்கப்பட்ட மார்க் முயற்சி. இந்தியாவின் பொது முன்கூட்டியே செலவினம் ~340 பில்லியன் ஜிபிபி (அதன் வருடாந்திர மொத்த உள்நாட்டு உற்பத்தியில் (~15-20%) மற்றும் ஒரு சிக்கலான கொள்கை நிலப்பரப்பு, மத்திய மற்றும் மாநில கொள்முதல் நிறுவனங்கள் முழுவதும் கையேடு சீரான செயல்முறைகள் மற்றும் நீண்ட முன்னணி நேரங்கள் காரணமாக பல திறமையின்மைகளை எதிர்கொள்கிறது. இந்த சிக்கல்களைத் தீர்ப்பது குறிப்பிடத்தக்க மதிப்பைத் திறக்கலாம் மற்றும் பல்வேறு மேம்பாட்டுத் திட்டங்கள் மற்றும் திட்டங்களுக்கான வளங்களை சேனலைஸ் செய்ய உதவும்.",
               "schemeEligiiblity":"ரூ. 25,001 / - மற்றும் ரூ. 5,00,000 / - ஜீஎம் விற்பனையாளர் மூலம் கிடைக்கக்கூடிய விற்பனையாளர்களிடையே, குறைந்த பட்சம் மூன்று வெவ்வேறு உற்பத்தியாளர்களிடமிருந்து, ஜீஎம்மில், தேவையான தரம், விவரக்குறிப்பு மற்றும் விநியோக காலத்தை பூர்த்தி செய்கிறது.",
               "schemeTargetGroup":"விற்பனையாளர்கள் மற்றும் வாங்குபவர்கள்",
               "schemeMiscDetails":"மேலும் பல தகவல்களுக்கு gem.gov.in",
               "schemeDepartments":"வணிகத் துறை"  
             },
             {
                "schemeUiId":"M_007_S_005",
               "schemeName":"ஏற்றுமதி திட்டத்திற்கான வர்த்தக உள்கட்டமைப்பு",
               "schemeObj":"ஏற்றுமதி உள்கட்டமைப்பில் உள்ள இடைவெளிகளைக் கட்டுப்படுத்துதல், கவனம் செலுத்திய ஏற்றுமதி உள்கட்டமைப்பு, ஏற்றுமதி சார்ந்த திட்டங்களுக்கான முதல் மைல் மற்றும் கடைசி மைல் இணைப்பு மற்றும் தரம் மற்றும் சான்றிதழ் நடவடிக்கைகளை நிவர்த்தி செய்வதன் மூலம் ஏற்றுமதி போட்டித்தன்மையை மேம்படுத்துவதே முன்மொழியப்பட்ட திட்டத்தின் நோக்கம்.",
               "schemeDesc":"மத்திய வர்த்தக மற்றும் கைத்தொழில் அமைச்சகம் 2017 மார்ச் மாதத்தில் ஏற்றுமதி திட்டத்திற்கான வர்த்தக உள்கட்டமைப்பை (TIES) அறிமுகப்படுத்தியது. ஏற்றுமதி உள்கட்டமைப்பு மற்றும் அதனுடன் தொடர்புடைய செயல்பாடுகள் (ASIDE) திட்டத்தை மேம்படுத்துவதற்கான மாநிலங்களுக்கான உதவியை 2015 இல் நீக்கிய பின்னர், மாநில அரசுகள் தொடர்ந்து கோரி வந்தன ஏற்றுமதி உள்கட்டமைப்பை உருவாக்குவதில் மையத்தின் ஆதரவு. மத்திய அரசின் நிதி மானிய உதவி வடிவத்தில் இருக்கும், பொதுவாக இது செயல்படுத்தும் நிறுவனத்தால் வழங்கப்படும் ஈக்விட்டியை விட அதிகமாகவோ அல்லது திட்டத்தின் மொத்த பங்குகளில் 50% ஆகவோ இருக்காது. உதவிக்கான மானியம், பொதுவாக, ஒவ்வொரு உள்கட்டமைப்பு திட்டத்திற்கும் ரூ .20 கோடி உச்சவரம்புக்கு உட்பட்டதாக இருக்கும்.",
               "schemeEligiiblity":"இந்திய அரசின் எக்ஸிம் கொள்கையின் கீழ் அங்கீகரிக்கப்பட்ட ஏற்றுமதி ஊக்குவிப்பு கவுன்சில்கள், பொருட்கள் வாரியங்கள், செஸ் அதிகாரிகள் மற்றும் உச்ச வர்த்தக அமைப்புகள் உள்ளிட்ட மத்திய மற்றும் மாநில முகவர் நிலையங்கள்; இந்த திட்டத்தின் கீழ் நிதி உதவிக்கு தகுதியானவர்கள்.",
               "schemeTargetGroup":"ஏற்றுமதியாளர்கள்",
               "schemeMiscDetails":"மேலும் பல தகவல்களுக்கு http://dgft.gov.in/otherresource/trade-infrastructure-export-scheme-ties",
               "schemeDepartments":"வணிகத் துறை"  
             },
             {
                "schemeUiId":"M_007_S_006",
               "schemeName":"போக்குவரத்து மற்றும் சந்தைப்படுத்தல் உதவி (டி.எம்.ஏ)",
               "schemeObj":"போக்குவரத்து மற்றும் சந்தைப்படுத்தல் உதவி” (டி.எம்.ஏ) குறிப்பிட்ட வேளாண் பொருட்கள் திட்டம், சரக்கு மற்றும் வேளாண் விளைபொருட்களின் சந்தைப்படுத்துதலுக்கான சர்வதேச கூறுகளுக்கு உதவிகளை வழங்குவதை நோக்கமாகக் கொண்டுள்ளது, இது டிரான்ஸ்-ஷிப்பிங் காரணமாக குறிப்பிட்ட விவசாய பொருட்களின் ஏற்றுமதியின் அதிக போக்குவரத்து செலவின் தீமைகளைத் தணிக்கும் மற்றும் இந்திய விவசாய தயாரிப்புகளுக்கான பிராண்ட் அங்கீகாரத்தை ஊக்குவிக்கும். குறிப்பிட்ட வெளிநாட்டு சந்தைகளில். இத்திட்டம் வெளிநாட்டு வர்த்தகக் கொள்கையில் (2015-20) பொருத்தமாக சேர்க்கப்படும்.",
               "schemeDesc":"இந்தத் திட்டம் ஏற்றுமதியாளர்களால் 2019 மார்ச் 1 முதல் பெறப்படலாம் மற்றும் 2020 மார்ச் 31 வரை செல்லுபடியாகும். இது வெளிநாட்டு வர்த்தகக் கொள்கையின்படி சம்பந்தப்பட்ட ஏற்றுமதி ஊக்குவிப்பு கவுன்சிலில் முறையாக பதிவுசெய்யப்பட்ட தகுதியான விவசாய பொருட்களின் ஏற்றுமதியாளர்கள் அனைவருக்கும் நீட்டிக்கப்பட்டுள்ளது. குறிப்பிட்ட விவசாய பொருட்களின் ஏற்றுமதிக்கான அறிவிக்கப்பட்ட விகிதங்களின்படி உதவி வழங்கப்படும், அதற்கான கொடுப்பனவுகள் சாதாரண அந்நிய செலாவணி மூலம் சாதாரண அந்நிய செலாவணி மூலம் பெறப்பட்டால் மட்டுமே பொருந்தும். இந்த திட்டத்தின் கீழ் இல்லாத தயாரிப்புகளில் நேரடி விலங்குகள், பால், கிரீம், விலங்கு தோற்றம் கொண்ட பொருட்கள், தயிர், மோர், அரிசி, கோதுமை, புகையிலை, பூண்டு போன்றவை அடங்கும்.",
               "schemeEligiiblity":"தகுதிவாய்ந்த விவசாய தயாரிப்புகளின் வெளிநாட்டு வர்த்தக கொள்கையின்படி தொடர்புடைய ஏற்றுமதி ஊக்குவிப்பு கவுன்சிலில் முறையாக பதிவுசெய்யப்பட்ட அனைத்து ஏற்றுமதியாளர்களும் இந்த திட்டத்தின் கீழ் வருவார்கள்.",
               "schemeTargetGroup":"சில விவசாய பொருட்களின் ஏற்றுமதியாளர்கள்",
               "schemeMiscDetails":"மேலும் பல தகவல்களுக்கு https://dgft.gov.in/policies/online-filing-applications-claiming-assistance-under-transport-and-marketing-assistance-tma" ,
               "schemeDepartments":"வணிகத் துறை"  
             },
             {
                "schemeUiId":"M_007_S_007",
               "schemeName":"இந்தியா திட்டத்திலிருந்து சேவை ஏற்றுமதி",
               "schemeObj":"இந்தியாவிலிருந்து சேவை ஏற்றுமதி திட்டம் (SEIS) தகுதிவாய்ந்த ஏற்றுமதிக்கு கடமை ஸ்கிரிப்ட் கடன் வழங்குவதன் மூலம் இந்தியாவில் இருந்து சேவைகளை ஏற்றுமதி செய்வதை ஊக்குவிப்பதை நோக்கமாகக் கொண்டுள்ளது. இந்த திட்டத்தின் கீழ், இந்தியாவில் அமைந்துள்ள சேவை வழங்குநர்கள், இந்தியாவில் இருந்து தகுதிவாய்ந்த அனைத்து சேவைகளையும் ஏற்றுமதி செய்வதற்கு SEIS திட்டத்தின் கீழ் வெகுமதி அளிக்கப்படுவார்கள். இந்த கட்டுரையில், இந்தியா திட்டத்திலிருந்து சேவை ஏற்றுமதியை விரிவாகப் பார்க்கிறோம். இந்தியா திட்டத்திலிருந்து சேவை ஏற்றுமதிகள் முன்னதாக இந்தியா திட்டத்திலிருந்து (எஸ்.எஃப்.ஐ.எஸ்) சேவை செய்யப்பட்டன.",
               "schemeDesc":"இந்தியா திட்டத்திலிருந்து (SEIS) சேவை ஏற்றுமதியை அரசாங்கம் அறிமுகப்படுத்தியுள்ளது w.e.f. 01.04.2015, வெளிநாட்டு வர்த்தகக் கொள்கை (எஃப்.டி.பி), 2015-20 இன் கீழ், முந்தைய திட்டத்தை 'இந்தியாவில் இருந்து சேவையாற்றியது' என்ற திட்டத்தை எஃப்.டி.பி, 2009-15 இன் கீழ் மாற்றியது. SEIS இன் கீழ், அறிவிக்கப்பட்ட சேவைகளின் சேவை வழங்குநர்கள் தங்கள் நிகர அந்நிய செலாவணி வருவாயில் 3 அல்லது 5% என்ற விகிதத்தில் கடமை கடன் ஸ்கிரிப்டுகளின் வடிவத்தில் ஊக்குவிக்கப்படுகிறார்கள். இந்த SEIS ஸ்கிரிப்டுகள் மாற்றத்தக்கவை மற்றும் அடிப்படை சுங்க வரி உட்பட பல மத்திய கடமைகள் / வரிகளை செலுத்துவதற்கும் பயன்படுத்தப்படலாம்.",
               "schemeEligiiblity":"தகுதி பெற, ஒரு சேவை வழங்குநர் (கம்பெனி / எல்.எல்.பி / பார்ட்னர்ஷிப் ஃபர்ம்) கடமை கடன் ஸ்கிரிப்டுகளுக்கு தகுதி பெறுவதற்கு முந்தைய நிதியாண்டில் குறைந்தபட்ச நிகர இலவச அந்நிய செலாவணி வருவாய் 15000 அமெரிக்க டாலர்களைக் கொண்டிருக்க வேண்டும். உரிமையாளர் அல்லது தனிப்பட்ட சேவை வழங்குநர்களுக்கு, முந்தைய நிதியாண்டில் குறைந்தபட்ச நிகர அந்நிய செலாவணி வருவாய் 10, 000 அமெரிக்க டாலர்கள் இந்த திட்டத்திற்கு தகுதி பெற வேண்டும். மேலும், SEIS திட்டத்தின் கீழ் வெகுமதியைக் கோருவதற்கு, சேவை வழங்குநருக்கு வெகுமதிகள் கோரப்படும் அத்தகைய சேவைகளை வழங்கும்போது செயலில் இறக்குமதி ஏற்றுமதி குறியீடு (IE குறியீடு) இருக்க வேண்டும்.",
               "schemeTargetGroup":"ஏற்றுமதியாளர்கள் மற்றும் சேவை வழங்குநர்கள்",
               "schemeMiscDetails":"மேலும் பல தகவல்களுக்கு https://www.servicesepc.org/seis/" ,
               "schemeDepartments":"வணிகத் துறை"  
             },
             {
                  "schemeUiId":"M_007_S_008",
               "schemeName":"இந்தியா திட்டத்திலிருந்து வணிக ஏற்றுமதி",
               "schemeObj":"இந்திய வெளிநாட்டு வர்த்தகக் கொள்கை 2015-20 (FTP 2015-20) இன் படி இந்தியா திட்டத்திலிருந்து (MEIS) வணிக ஏற்றுமதியின் வணிக நோக்கம், இந்தியாவில் உற்பத்தி செய்யப்படும் / உற்பத்தி செய்யப்படும் பொருட்கள் / பொருட்களின் ஏற்றுமதியில் ஈடுபடும் உள்கட்டமைப்பு திறனற்ற தன்மை மற்றும் அதனுடன் தொடர்புடைய செலவுகளை ஈடுசெய்வதாகும். அதிக ஏற்றுமதி தீவிரம், வேலைவாய்ப்பு திறன் மற்றும் அதன் மூலம் இந்தியாவின் ஏற்றுமதி போட்டித்தன்மையை அதிகரிக்கும்.",
               "schemeDesc":"இந்தியாவை அதிகரிக்கும் வணிக ஏற்றுமதி திட்டம் (MEIS) இந்திய அரசால் தொடங்கப்பட்டது  நாட்டில் உற்பத்தி செய்யப்படும் அல்லது தயாரிக்கப்படும் அறிவிக்கப்பட்ட பொருட்களின் ஏற்றுமதி. இந்த திட்டம் வெளியுறவு வர்த்தக கொள்கை (எஃப்.டி.பி) மூலம் அறிமுகப்படுத்தப்பட்டு 1 ஏப்ரல் 2015 முதல் நடைமுறைக்கு வந்தது. இந்திய அரசாங்கத்தின் முக்கிய ஏற்றுமதி ஊக்குவிப்பு முயற்சியாக கருதப்படும் எம்.இ.ஐ.எஸ். இந்த திட்டத்தின் கீழ், ஆண்டுக்கு ரூ .22,000 கோடிக்கு மேல் ஏற்றுமதி செய்ய இந்திய அரசு ஒதுக்கியுள்ளது.",
               "schemeEligiiblity":"அதிக வெகுமதிகள் வழங்கப்படும் - தொகுப்புகள் மற்றும் மதிப்பு கூட்டப்பட்ட தயாரிப்புகள், விவசாய மற்றும் கிராமத் தொழில் தயாரிப்புகள், தொழிலாளர் தீவிர தயாரிப்புகள், சூழல் நட்பு மற்றும் பசுமை பொருட்கள், அதிக எண்ணிக்கையிலான உற்பத்தியாளர்கள் மற்றும் ஏற்றுமதியாளர்களைக் கொண்ட தயாரிப்புகள், வெற்றிகரமான துறைகளில் இருந்து தொழில்துறை தயாரிப்புகள் மற்றும் ஹாய் தொழில்நுட்பங்கள்.",
               "schemeTargetGroup":"ஏற்றுமதியாளர்கள்",
               "schemeMiscDetails":"மேலும் பல தகவல்களுக்கு https://www.eepcindia.org/MEIS/about-MEIS-scheme.aspx",
               "schemeDepartments":"வணிகத் துறை"
             },
             {
                "schemeUiId":"M_007_S_009",
               "schemeName":"தோட்ட பயிர்களுக்கு வருவாய் காப்பீட்டு திட்டம்",
               "schemeObj":"விவசாயிகள் பாதகமான வானிலை மற்றும் ஏற்ற இறக்கமான விலைகளால் பாதிக்கப்படுகின்றனர். இதனால், விவசாயிகளின் நலன்களைப் பாதுகாப்பதற்காக, இந்தத் திட்டம் தொடங்கப்பட்டது. அந்தந்த பொருட்கள் வாரியங்களில் (சிபி) பதிவு செய்யப்பட்ட விவசாயிகளுக்கு இந்த திட்டம் கட்டாயமாகும்.",
               "schemeDesc":"பெருந்தோட்ட பயிர்களுக்கான வருவாய் காப்பீட்டு திட்டம் (RISPC) என்பது தோட்ட பயிர்களுக்கு மட்டுமே கிடைக்கும் காப்பீட்டுத் திட்டமாகும், இதற்காக காப்பீட்டை இனி PMFBY (பிரதமர் ஃபசல் பீமா யோஜனா) இலிருந்து பெற முடியாது. தேயிலை, காபி, ரப்பர், ஏலக்காய் மற்றும் புகையிலை உற்பத்தியாளர்களைப் பாதுகாப்பதற்காக இந்தத் திட்டம் வர்த்தக மற்றும் தொழில்துறை அமைச்சகத்தால் தொடங்கப்பட்டுள்ளது. இது விலை உறுதிப்படுத்தல் நிதி (பி.எஸ்.எஃப்) திட்டத்தின் மேம்பட்ட வடிவம், இது 2013 மூடப்பட்டது. இது 2016 இல் தொடங்கப்பட்டது, இது 7 மாநிலங்களில் பைலட் அடிப்படையில் செயல்படுத்தப்படுகிறது. பைலட் திட்டத்தின் காலம் 2016-17 ஆம் ஆண்டிலிருந்து தொடங்கி ஒரு பயிர் சுழற்சியாக இருக்கும், இது 2 ஆண்டுகளில் பரவக்கூடும். பிப்ரவரி 2017 இல், இந்த திட்டம் மற்ற மாவட்டங்களுக்கும் விரிவாக்க ஒப்புதல் அளிக்கப்பட்டது.",
               "schemeEligiiblity":"10 ஹெக்டேர் கொண்ட விவசாயிகள். அல்லது குறைவான நில உரிமையாளர்களுக்கு பயனளிக்கலாம். முதிர்ச்சியடைந்த பயிர்களுக்கு மட்டுமே இந்த திட்டம் பொருந்தும்.",
               "schemeTargetGroup":"விவசாயிகள்",
               "schemeMiscDetails":"மேலும் பல தகவல்களுக்கு https://pib.gov.in/newsite/PrintRelease.aspx?relid=154456"" ,
               "schemeDepartments":"வணிகத் துறை"  
             },
             {
                "schemeUiId":"M_007_S_0010",
               "schemeName":"ஸ்வயாட் முயற்சி",
               "schemeObj":"விற்பனையாளர்கள் மற்றும் சேவை வழங்குநர்களின் பல்வேறு வகைகளை அதிகரிப்பதன் மூலம் உள்ளடக்கம் என்ற கருத்தை ஊக்குவித்தல். உற்பத்தியாளர்கள் மற்றும் விற்பனையாளர்களின் ஒரு குறிப்பிட்ட குழுவின் பயிற்சி மற்றும் பதிவுசெய்தலை எளிதாக்குவதற்காக பல்வேறு செயல்திறன் மிக்க நடவடிக்கைகளை எடுப்பது. பெண்கள் தொழில்முனைவோரை மேம்படுத்துவதற்கும் மேம்படுத்துவதற்கும். பொது கொள்முதல் செய்வதில் மைக்ரோ, சிறு மற்றும் நடுத்தர தொழில் துறை மற்றும் தொடக்க நிறுவனங்களின் பங்களிப்பை ஊக்குவித்தல்.",
               "schemeDesc":"மத்திய வர்த்தக மற்றும் கைத்தொழில் அமைச்சர் சுரேஷ் பிரபு, ஸ்டார்ட்-அப்கள், பெண்கள் மற்றும் இளைஞர்களின் நன்மைகளை ஈ டிரான்ஸாக்ஷன்ஸ் / ஸ்வயாட் மூலம் தொடங்கினார். ஒவ்வொரு விற்பனையாளர் மற்றும் சேவை வழங்குநர்களுக்கும் ஒரு திறந்த மற்றும் சமூக ஊடுருவும் சந்தையை உருவாக்க இந்த திட்டம் எதிர்நோக்குகிறது. இது குறிப்பாக பெண்கள் தொழில்முனைவோர், சுய உதவிக்குழுக்கள் [சுய உதவிக்குழுக்கள்], தொடக்க நிறுவனங்கள், கிராமப்புற / நகர கைவினைஞர்கள் மற்றும் மைக்ரோ, சிறு மற்றும் நடுத்தர நிறுவனங்கள் (எம்.எஸ்.எம்.இ) க்காக அர்ப்பணிக்கப்பட்டுள்ளது. தொடக்க நிறுவனங்களுக்கு அரசு வாங்குபவர்களை சென்றடைய இது ஒரு வாய்ப்பை வழங்குகிறது.",
               "schemeEligiiblity":"டிபிஐஐடி (முன்பு டிஐபிபி என அறியப்பட்ட) சான்றிதழ் பெற்ற தொடக்க நிறுவனங்கள் தங்களை ஜீஎம் போர்ட்டலில் பதிவு செய்ய தகுதியுடையவை.",
               "schemeTargetGroup":"தொழில்முனைவோர் மற்றும் தொடக்க நிறுவனங்கள்",
               "schemeMiscDetails":"மேலும் பல தகவல்களுக்கு https://pib.gov.in/newsite/PrintRelease.aspx?relid=188740" ,
               "schemeDepartments":"வணிகத் துறை"  
             },
             {
                "schemeUiId":"M_007_S_0011",
               "schemeName":"'ஐபிஆர் விழிப்புணர்வுக்கான திட்டம் - கிரியேட்டிவ் இந்தியா; புதுமையான இந்தியா'",
               "schemeObj":"இந்த திட்டம் மாணவர்கள், இளைஞர்கள், ஆசிரியர்கள், கலைஞர்கள், வளர்ந்து வரும் கண்டுபிடிப்பாளர்கள் மற்றும் தொழில் வல்லுநர்களிடையே ஐபிஆர் விழிப்புணர்வை ஏற்படுத்துவதை நோக்கமாகக் கொண்டுள்ளது, இது அடுக்கு 1, அடுக்கு 2, அடுக்கு 3 நகரங்கள் மற்றும் கிராமப்புறங்கள் உட்பட இந்தியா முழுவதும் அவர்களின் படைப்புகளையும் கண்டுபிடிப்புகளையும் உருவாக்க, புதுமைப்படுத்தவும் பாதுகாக்கவும் ஊக்குவிக்கிறது. அடுத்த 3 ஆண்டுகளில். எம்.எஸ்.எம்.இ மற்றும் ஸ்டார்ட்அப் உள்ளிட்ட கல்வி நிறுவனங்கள் (பள்ளிகள் மற்றும் கல்லூரிகள்) மற்றும் தொழில்துறையில் 4000 க்கும் மேற்பட்ட ஐபிஆர் விழிப்புணர்வு பட்டறைகள் / கருத்தரங்குகள் நடத்துதல், அத்துடன் அமலாக்க முகவர் மற்றும் நீதித்துறை ஆகியவற்றிற்கான ஐபி பயிற்சி மற்றும் உணர்திறன் திட்டங்களையும் நடத்துதல்.",
               "schemeDesc":"ஐபி ஆட்சியை மேம்படுத்துவதற்காக அரசாங்கம் சமீபத்தில் தேசிய ஐபிஆர் கொள்கையை வெளியிட்டது. இந்தக் கொள்கை இந்தியாவில் படைப்பாற்றல், புதுமை மற்றும் தொழில் முனைவோர் ஆகியவற்றை ஊக்குவிக்கும். இது ஒரு நபரின் கண்டுபிடிப்புகளை மற்றொருவரின் திருட்டை சரிபார்க்கும். இது இந்தியாவின் முதல் ஐபிஆர் கொள்கை. ‘கிரியேட்டிவ் இந்தியா, புதுமையான இந்தியா’ என்பது கொள்கையின் கோஷம். இது தொழில்முனைவோர், படைப்பாற்றல் மற்றும் புதுமைகளை ஊக்குவிப்பதும், கள்ள உற்பத்தி மற்றும் விற்பனையைத் தடுப்பதும் ஆகும்.",
               "schemeEligiiblity":"அலுவலக டி.சி எம்.எஸ்.எம்.இ.யின் கள அமைப்பு. பொது மற்றும் தனியார் துறை நிறுவனங்கள், தொழில் சங்கங்கள், சங்கங்கள் / கூட்டுறவு / நிறுவனங்கள் / அறக்கட்டளைகள் மற்றும் தன்னார்வ தொண்டு நிறுவனங்கள் உள்ளிட்ட பிற அமைப்புகள், அவை எம்.எஸ்.எம்.இ. ஆராய்ச்சி / தொழில்நுட்ப மற்றும் கல்வி நிறுவனங்கள், எம்.எஸ்.எம்.இ.களுக்கு உதவுவதற்கான தட பதிவு கொண்ட பல்கலைக்கழகங்கள்.",
               "schemeTargetGroup":"இந்தியா முழுவதும் கல்வி நிறுவனங்கள் மற்றும் தொழில்துறையில் 4000 ஐபி விழிப்புணர்வு பட்டறைகள் / கருத்தரங்குகள். ஐபிஆர் விழிப்புணர்வு பட்டறைகள் / கருத்தரங்குகளை நடத்துவதற்கான நபர்களின் வளக் குழுவை உருவாக்க 40 பயிற்சித் திட்டங்கள் (பயிற்சியாளர்களின் பயிற்சி). ஐபிஆர் விழிப்புணர்வுக்கான உலகளாவிய சூழல் 2 திட்டத்தில் ஐபி குறித்த பிரபல சர்வதேச பேச்சாளர்களுடன் பட்டறைகள் | சிபம். அமலாக்க முகவர் மற்றும் நீதித்துறைக்கான 270 ஐபி பயிற்சி மற்றும் உணர்திறன் திட்டங்கள்.",
               "schemeMiscDetails":"மேலும் பல தகவல்களுக்கு https://www.indiatoday.in/pti-feed/story/govt-launches-scheme-to-increase-awareness-about-ipr-994052-2017-07-07" ,
               "schemeDepartments":"டிபிஐஐட"  
             },
             {
                "schemeUiId":"M_007_S_0012",
               "schemeName":"நிரத் பந்து திட்டம்",
               "schemeObj":"புதிய மற்றும் சாத்தியமான ஏற்றுமதியாளர்களை அணுகி சர்வதேச வர்த்தகத்தில் இறங்கவும், இந்தியாவில் இருந்து ஏற்றுமதியை அதிகரிக்கவும் அவர்களுக்கு வழிகாட்டுவதே நிரத் பந்து திட்டத்தின் நோக்கம்.",
               "schemeDesc":"நீரியத் பந்து திட்டம் 2011 ஆம் ஆண்டில் டிஜிஎஃப்டி (வெளிநாட்டு வர்த்தக இயக்குநர் ஜெனரல்), வர்த்தகத் துறை, வர்த்தக மற்றும் தொழில்துறை அமைச்சகத்தின் சர்வதேச வர்த்தக வழிகாட்டுதலுக்காக தொடங்கப்பட்டது. இந்த திட்டத்தின் கீழ், டி.ஜி.எஃப்.டி அதிகாரிகள் வணிகத்தை சட்டப்பூர்வமாக நடத்த விரும்பும் ஆர்வமுள்ள நபர்களுக்கு வழிகாட்ட நேரம் மற்றும் அறிவை முதலீடு செய்வார்கள்.",
               "schemeEligiiblity":"நிரத் பாந்து திட்டத்தில் சேரவும், போர்ட்டலில் கிடைக்கும் படிப்புகளின் பயனைப் பெறவும், கீழே கொடுக்கப்பட்டுள்ள பின்வரும் தகுதிகளைப் பின்பற்ற வேண்டும்: நீங்கள் ஒரு இந்திய குடிமகனாக இருந்தால் மட்டுமே படிப்புகளைப் பெற முடியும். நீங்கள் ஒரு தொழில்முனைவோர், ஏற்றுமதியாளர்கள் / இறக்குமதியாளர்கள், மாணவர்கள் என்றால் படிப்புகளைப் பெறலாம்",
               "schemeTargetGroup":"ஏற்றுமதி மற்றும் இறக்குமதி",
               "schemeMiscDetails":"மேலும் பல தகவல்களுக்கு https://dgft.gov.in/schemes/niryat-bandhu-scheme",
               "schemeDepartments":"வணிகத் துறை"  
             },
         ]
      },
      {
         "ministryId":2,
         "ministryName":"அமைச்சு_பெயர்_2",
         "ministrySchemesList":[
            {
               "schemeUiId":"M_002_S_001",
               "schemeName":"திட்டம்_பெயர்_1",
               "schemeObj":"திட்டம்__குறிக்கோள்_1",
               "schemeDesc":"திட்டம்_விவரம்_1",
               "schemeEligiiblity":"திட்டம்_தகுதி_1",
               "schemeTargetGroup":"திட்டம்_இலக்கு_குழு_1",
               "schemeMiscDetails":"திட்டம்_மிகு_விவரங்கள்_1",
               "schemeDepartments":"திட்டம்_தொழில்கள்_1"
            },
            {
               "schemeUiId":"M_002_S_002",
               "schemeName":"திட்டம்_பெயர்_2",
               "schemeObj":"திட்டம்__குறிக்கோள்_2",
               "schemeDesc":"திட்டம்_விவரம்_1",
               "schemeEligiiblity":"திட்டம்_தகுதி_2",
               "schemeTargetGroup":"திட்டம்_இலக்கு_குழு_2",
               "schemeMiscDetails":"திட்டம்_மிகு_விவரங்கள்_2",
               "schemeDepartments":"திட்டம்_தொழில்கள்_2"
            }
         ]
      }
   ]
}