{
   "ListOfMinistries":[
      {
         "ministryId":1,
         "ministryName":"Ministry of commerce and industry",
         "ministrySchemesList":[
            {
               "schemeUiId":"M_001_S_001",
               "schemeName":"NIRVIK (Niryat Rin Vikas Yojana)",
               "schemeObj":"To achieve higher export credit disbursement, a new scheme NIRVIK is being launched which provides for high insurance cover, reduction in premium for small exporters and simplified procedures for claim settlements.",
               "schemeDesc":"Export Credit Guarantee Corporation of India (ECGC) has introduced ‘NIRVIK’ scheme to ease the lending process and enhance loan availability for exporters. The details of the scheme were shared by Union Minister of Commerce and Industry and Railways, Piyush Goyal on September 16, 2019 during a press conference. The scheme was announced by the Finance Minister Nirmala Sitharaman on September 14 as a part of measures to boost exports. Under the new ‘NIRVIK’ scheme, which is also called the Export Credit Insurance Scheme (ECIS), the insurance cover guaranteed will cover up to 90 percent of the principal and interest. The insurance cover will include both pre and post-shipment credit. The Export Credit Guarantee Corporation of India (ECGC) currently provides credit guarantee of up to 60 percent loss.",
               "schemeEligiiblity":"Small exporters ,Business owned by Indians  ,Bank limit requirement – It has been mentioned in the scheme details that the low premium rate will only be applicable for the exporter, who have bank account limits that do not cross the Rs. 80 crore mark",
               "schemeTargetGroup":"Exporters",
               "schemeMiscDetails":"For further details visit https://sarkariyojana.com/niryat-rin-vikas-yojna-govt-insurance-premium-rates-small-exporters/",
               "schemeDepartments":"Department ofcommerce and industry"
            },
            {
               "schemeUiId":"M_001_S_002",
               "schemeName":"Scheme_Name_2",
               "schemeObj":"Scheme_Obj_2",
               "schemeDesc":"Scheme_Description_2",
               "schemeEligiiblity":"Scheme_Eligibility_2",
               "schemeTargetGroup":"Scheme_TargetGroup_2",
               "schemeMiscDetails":"Scheme_Misc_Details_2",
               "schemeDepartments":"Scheme_Departments_2"
            }
         ]
      },
      {
         "ministryId":2,
         "ministryName":"Ministry_Name_2",
         "ministrySchemesList":[
            {
               "schemeUiId":"M_002_S_001",
               "schemeName":"Scheme_Name_1",
               "schemeObj":"Scheme_Obj_1",
               "schemeDesc":"Scheme_Description_1",
               "schemeEligiiblity":"Scheme_Eligibility_1",
               "schemeTargetGroup":"Scheme_TargetGroup_1",
               "schemeMiscDetails":"Scheme_Misc_Details_1",
               "schemeDepartments":"Scheme_Departments_1"
            },
            {
               "schemeUiId":"M_002_S_002",
               "schemeName":"Scheme_Name_2",
               "schemeObj":"Scheme_Obj_2",
               "schemeDesc":"Scheme_Description_2",
               "schemeEligiiblity":"Scheme_Eligibility_2",
               "schemeTargetGroup":"Scheme_TargetGroup_2",
               "schemeMiscDetails":"Scheme_Misc_Details_2",
               "schemeDepartments":"Scheme_Departments_2"
            }
         ]
      }
   ]
}