{
   "ListOfMinistries":[
      {
         "ministryId":1,
         "ministryName":"Ministry of Jal Shakti",
         "ministrySchemesList":[
            {
               "schemeUiId":"M_0040_S_001",
               "schemeName":"Jal Shakti Abhiyan",
               "schemeObj":"The 'Jal Shakti Abhiyan' will focus on five aspects -- water conservation and rainwater harvesting, renovation of traditional and other water bodies, reuse of water and recharging of structures, watershed development, and intensive afforestation, Drinking Water Sanitation.",
               "schemeDesc":"The Jal Shakti Abhiyan, launched by the Union Jal Shakti Minister has begun from 1st July, 2019. The Jal Shakti Abhiyan is a campaign for water conservation and water security in the country. The campaign will run through citizen participation in two phases, firstly, during the monsoon season, from 1st July, 2019 to 15th September, 2019 and then from 1st October, 2019 to 30th November, 2019 for states receiving the North East retreating monsoons. It is a collaborative effort of various ministries of the Government of India and state governments, being coordinated by the Department of Drinking Water and Sanitation (DDWS) that comes under the Jal Shakti Ministry. The focus of the campaign is on water stressed districts and blocks. The teams of officers from the central government will visit and work with district administration in 1592 water stressed blocks in 256 districts, to ensure five important water conservation interventions. The five important water conservation interventions are : Water conservation and rainwater harvesting, Renovation of traditional and other water bodies/tanks, Reuse of water and recharging of structures, Watershed development and Intensive afforestation.The water conservation interventions will also be supplemented with special interventions including the development of block and district water conservation plans, promotion of efficient water use for irrigation and better choice of crops through Krishi Vigyan Kendras.",
               "schemeEligiiblity":"Water Stressed Blocks, for the purpose of this exercise, are those where groundwater levels are critical/over-exploited [as per Central Ground Water Board (CGWB) 2017]. These fall under 20 States/UTs. For other States, Districts with least groundwater availability have been selected (as per CGWB 2017).",
               "schemeTargetGroup":"In urban areas, plans with time-bound targets will be developed for waste water reuse for industrial and agricultural purposes.",
               "schemeMiscDetails":"NIL",
               "schemeDepartments":"Department of Drinking water and Sanitation"
            },
           {
               "schemeUiId":"M_0040_S_002",
               "schemeName":"Jal Jeevan Mission",
               "schemeObj":"Jal Jeevan Mission, a central government initiative under the Ministry of Jal Shakti, aims to ensure access of piped water for every household in India. The programme aims to implement source sustainability measures as mandatory elements, such as recharge and reuse through grey water management, water conservation, and rain water harvesting.",
               "schemeDesc":"The Har Ghar Nal Se Jal programme was announced by Finance Minister Nirmala Sitharaman in her Budget 2019-20 speech. This programme forms a crucial part of the Jal Jeevan Mission. The Jal Jeevan Mission will be based on a community approach to water. According to the government, the mission will include information, education and communication as key components. The mission is meant to create a people's movement for water, making it everyone’s priority. The goal of JJM is to provide functional household tap connection to every household with service level at the rate of 55 litres per capita per day (lpcd). The following kinds of works/ schemes are proposed to be taken up under JJM: In-village water supply (PWS) infrastructure for tap water connection to every household.  Reliable drinking water source development/ augmentation of existing sources. Transfer of water (multi-village scheme; where quantity & quality issues are there in the local water sources). Technological intervention for treatment to make water potable (where water quality is an issue, but quantity is sufficient). Retrofitting of completed and ongoing piped water supply schemes to provide FHTC and raise the service level. Grey water management. Capacity building of various stakeholders and support activities to facilitate the implementation.",
               "schemeEligiiblity":"NIL",
               "schemeTargetGroup":"The mission’s goal is to provide to all households in rural India safe and adequate water through individual household tap connections by 2024.",
               "schemeMiscDetails":"Total estimated cost of JJM is Rs. 3.60 Lakh Crore. The fund sharing pattern between Centre and State is 90:10 for Himalayan (Uttarakhand, Himachal Pradesh) and North-Eastern States, 100:0 for UTs and 50:50 for rest of the States.",
               "schemeDepartments":"Department of Drinking water and Sanitation"
            },
            {
               "schemeUiId":"M_0040_S_003",
               "schemeName":"Jal Kranti Abhiyan",
               "schemeObj":"The objectives of Jal Kranti Abhiyan are : Strengthening grass root involvement of all stakeholders including Panchayati Raj Institutions and local bodies in the water security and development schemes (e.g. Participatory Irrigation Management (PIM). Encouraging the adoption/utilization of traditional knowledge in water resources conservation and its management. To utilize sector level expertise from different levels in government, NGO’s, citizens etc and Enhancing livelihood security through water security in rural areas. ",
               "schemeDesc":"The Ministry of Water Resources, River Development and Ganga Rejuvenation has launched Jal Kranti Abhiyan (JKA) in June 2015 across the nation to preserve the water, when it is in abundance, so that there arise no issues at the time of water scarcity. It was launched in order to consolidate water conservation and management through a holistic and integrated approach in which all stakeholders are involved and with an object to make it a mass movement. Activities/components Undertaken : Jal Gram Yojana, Development of Model Command Area, Pollution abatement, Mass Awareness Programme and Other Activities. Activities proposed under the campaign include rain water harvesting, recycling of waste water, micro irrigation for using water efficiently and mass awareness program. Along with it, a cadre of local water professional Jal Mitra will be created and they will be given training to create mass awareness. As pilot project, activities under this nation campaign will be run in one water stressed village in each 672 districts in the country.",
               "schemeEligiiblity":"NIL",
               "schemeTargetGroup":"So far 726 such villages have been identified against the total target of 828. Integrated Water Security Plan for 180 Villages have been prepared and 61 of them have been approved.",
               "schemeMiscDetails":"NIL",
               "schemeDepartments":"Department of Water Resources, River Development and Ganga Rejuvenation"
            },
            {
               "schemeUiId":"M_0040_S_004",
               "schemeName":"Namami Gange Yojana",
               "schemeObj":"To ensure effective abatement of pollution and rejuvenation of the river Ganga by adopting a river basin approach to promote inter-sectoral co-ordination for comprehensive planning and management and To maintain minimum ecological flows in the river Ganga with the aim of ensuring water quality and environmentally sustainable development.",
               "schemeDesc":"The Union Cabinet chaired by the Prime Minister, Shri Narendra Modi approved the flagship 'Namami Gange' programme which integrates the efforts to clean and protect the Ganga River in a comprehensive manner. In order to implement 'Namami Gange' Programme, a three-tier mechanism has been proposed for project monitoring comprising of: A high-level task force chaired by Cabinet Secretary assisted by NMCG at the national level, State level committee chaired by Chief Secretary assisted by SPMG at the state level and District level committee chaired by the District Magistrate. To achieve the objectives, NMCG shall carry out the following key functions namely: Implement the work program of National Ganga River Basin Authority (NGRBA). Implement the World Bank supported National Ganga River Basin Project. Coordinate and oversee the implementation of projects sanctioned by Government of India under NGRBA. Undertake any additional work or functions as may be assigned by Ministry of Water Resources, Rural development & GJ in the area of conservation of river Ganga. Make rules and regulations for the conduct of the affairs of the NMCG and add or amend, vary or rescind them from time to time. Accept or to provide any grant of money, loan securities or property of any kind and to undertake and accept the management of any endowment trust, fund or donation not inconsistent with the objectives of NMCG.Take all such action and to enter all such actions as may appear necessary or incidental for the achievements of the objectives of the NGRBA.",
               "schemeEligiiblity":"NIL",
               "schemeTargetGroup":"Namami Gange will focus on pollution abatement interventions namely Interception, diversion & treatment of wastewater flowing through the open drains through bio-remediation/appropriate in-situ treatment/use of innovative technologies/sewage treatment plants (STPs)/effluent treatment plant (ETPs) rehabilitation and augmentation of existing STPs and immediate short-term measures for arresting pollution at exit points on river front to prevent inflow of sewage etc.",
               "schemeMiscDetails":"Over Rs. 20,000 crore has been sanctioned in the 2014-2015 budget for the next 5 years. Will cover 8 states, 47 towns & 12 rivers under the project. Over 1,632-gram panchayats on the banks of Ganga to be made open defecation-free by 2022.",
               "schemeDepartments":"Department of Water Resources, River Development and Ganga Rejuvenation"
            },
           {
               "schemeUiId":"M_0040_S_005",
               "schemeName":"National Mission for Clean Ganga (NMCG)",
               "schemeObj":"The main aim of this project thus is to develop a science-based aquatic species restoration plan for Ganga River by involving multiple stakeholders.",
               "schemeDesc":"National Ganga River Basin Authority (NGRBA) has started the Mission Clean Ganga with a changed and comprehensive approach to champion the challenges posed to Ganga through four different sectors, namely, of wastewater management, solid waste management, industrial pollution and river front development. National Mission for Clean Ganga(NMCG) was registered as a society on 12th August 2011 under the Societies Registration Act 1860.It acted as implementation arm of National Ganga River Basin Authority(NGRBA) which was constituted under the provisions of the Environment (Protection) Act (EPA),1986. The project has the following six components to achieve this objective : Establish Ganga Aqualife Conservation Monitoring Centre at WII Dehra Dun for science based conservation planning and dissemination of information. Prepare biodiversity profile of Ganga River and develop pilot species restoration plans for select stretches and species. Develop capacity of Forest Department and other stakeholders of the Ganga River States in monitoring of identified species of conservation significance. Assist NMCG in establishing the rescue and rehabilitation centres for endangered fauna of the Ganga at select sites by developing human resources and infrastructure with support from the Forest and Veterinary departments. Elicit participation of local communities in NMCG initiatives by providing platforms through Panchayati Raj System, capacity development and payment for ecosystem services. Develop and implement conservation education programmes for the river side communities of the Ganga River.",
               "schemeEligiiblity":"NIL",
               "schemeTargetGroup":"NIL",
               "schemeMiscDetails":"The NGRBA is fully operational and is also supported by the state level State Ganga River Conservation Authorities (SGRCAs) in five Ganga basin States which are chaired by the Chief Ministers of the respective States. Under NGRBA programme, projects worth Rs. 4607.82 crore have been sanctioned up to 31st March 2014.",
               "schemeDepartments":"Department of Water Resources, River Development and Ganga Rejuvenation"
            },
            {
               "schemeUiId":"M_0040_S_006",
               "schemeName":"Ganga Vriksharopan Abhiyan",
               "schemeObj":"It aims to bring greater awareness among people and other stakeholders regarding the importance of afforestation for the task of Ganga Rejuvenation. A number of schools, colleges and departments have been requested to “Adopt a Plant” for turning this campaign into a people’s movement. Plantation activities are being carried out with great enthusiasm all along the banks of the River Ganga with participation of local people.",
               "schemeDesc":"National Mission for Clean Ganga (NMCG) had organised Ganga Vriksharopan Abhiyan in five main Ganga basin states – Uttarakhand, Uttar Pradesh, Bihar, Jharkhand and West Bengal. The drive was launched on 9th July 2018 for a week upto 15 July 2018. The campaign has been initiated as part of the Forest Interventions in Ganga (FIG) component of Namami Gange programme. State Forest Departments of these states have been made the nodal agencies for the smooth and effective execution of the campaign. In order to implement the afforestation project in a scientific manner, Forest Research Institute (FRI), Dehradun was assigned the project to prepare a Detailed Project Report (DPR) on the basis of which the State Forest Departments would carry out their plantation activities. The FRI report provides a multi-disciplinary approach with potential plantation and treatment models. Considering the type of natural ecosystem, identification of native vegetation, soil conditions and agro-climatic zones, potential models of various types have been developed. Besides maintenance of the ecological and geological integrities, the implementation plan aims to contribute towards the Clean Ganga Mission, by improving the base flow and filtration of the ground water pollution.",
               "schemeEligiiblity":"NIL",
               "schemeTargetGroup":"NIL",
               "schemeMiscDetails":"The Detailed Project Report (DPR) submitted by Forest Research Institute (FRI), Dehradun identified a riverscape covering an area of 83946 km along the five main stem Ganga basin states. This riverscape has been marked for afforestation over a period of 5 years at a cost of Rs 2293.73 crore.",
               "schemeDepartments":"Department of Water Resources, River Development and Ganga Rejuvenation"
            },
            {
               "schemeUiId":"M_0040_S_007",
               "schemeName":"Ganga Prahari",
               "schemeObj":"To conserve the ecological integrity of the Ganga River, and, reduce the direct dependency of the local communities on the river, the National Mission for Clean Ganga-Wildlife Institute of India (NMCG-WII) project ‘Biodiversity Conservation and Ganga Rejuvenation’ is involving members of the local community in the five Ganga states (Uttarakhand, Uttar Pradesh, Bihar, Jharkhand and West Bengal) as guardians of the river who will henceforth be known as Ganga Praharis.",
               "schemeDesc":"The Ganga Praharis work for biodiversity conservation and cleanliness of the holy river with the ultimate objectives of restoring the 'Nirmal' and `Aviral' Dhara of the pious river. They are also playing a crucial role in reporting and rescuing of aquatic wildlife in distress, reporting of illegal activities like poaching. The aim of this initiative is to establish a motivated cadre of “Ganga Prahari” to support the local level institutions and monitor the quality of the natural resources of the river by mobilizing local communities at the grassroots level. This can be achieved by: Creating awareness about the benefits of a clean and vibrant Ganga and create a sense of belongingness among people towards the Ganga River. Linking local communities and their livelihoods with the overall efforts of various agencies working for a clean Ganga, and thereby, creating a convergence point at grass roots level for such efforts. Linking local people’s livelihood and well-being with a clean and vibrant Ganga.A group of about 500 trained volunteers or Ganga praharis are reaching to each and every house in areas along river Ganga to educate them about the importance of protecting the river's bio-diversity.",
               "schemeEligiiblity":"These ‘Praharis’ have to be above 18 years of age on the date of joining the project, preferably from the Ganga River side villages. The younger school students, too, have been recruited for Bal Ganga Praharis which will be launched soon.",
               "schemeTargetGroup":"Focus has been made to identify self-motivated individuals who can mobilize others in Ganga conservation efforts.",
               "schemeMiscDetails":"Additionally, the local communities, have been approached through other agencies like State Forest Departments, Educational Institutes, National Cadet Corps (NCC), National Service Scheme (NSS) Mahila Mangal Dal, Yuva Mangal Dal, Nehru Yuva Kendras and Ganga Vichar Manch, in order to identify the potential Ganga Praharis at some sites.",
               "schemeDepartments":"Department of Water Resources, River Development and Ganga Rejuvenation"
            },
            {
               "schemeUiId":"M_0040_S_008",
               "schemeName":"Clean Ganga Fund (CGF)",
               "schemeObj":"To Contribute to the cleanliness of the river Ganga with the voluntary financial contributions.",
               "schemeDesc":"In January, 2015, Clean Ganga Fund was set up which is funded by voluntary contributions from residents of the country and Non-Resident Indian (NRIs) / Person of Indian Origin (PIO) and others. The Fund will have the objective of contributing to the national effort of cleaning of the river Ganga. The Fund would be managed by a Trust headed by the Finance Minister. The activities financed from the Fund are: Activities outlined under the ‘Namami Gange’ programme for cleaning of river Ganga. Control of nonpoint pollution. Setting up of waste treatment and disposal plants along the river around the cities. Conservation of the biotic diversity of the river. Community based activities to reduce polluting human interface with the river.  Development of public amenities including activities such as Ghat redevelopment. R&D and innovative projects for new technology and processes for cleaning the river. Independent oversight through intensive monitoring and real time reporting. PSUs have made the largest contribution to the CGF, amounting to 83% of the total contribution. The lowest contribution has been made by NRIs and PIOs, which is only 1.6% of the total contribution.",
               "schemeEligiiblity":"Domestic donors are eligible for 100 per cent I-T exemption and contributions also fall within the purview of CSR activity.",
               "schemeTargetGroup":"NIL",
               "schemeMiscDetails":"In the budget for the financial year 2020-21, Government of India has proposed an allocation of Rs.1,600.02 crore for the Namami Gange Programme. The Budget Allocation for the FY 2019-20 was Rs.1,970.00 crore and the Revised  Allocation for  NMCG is Rs.1,553.44 crore. Therefore, final allocation in Revised Estimates (RE) with reference to Budget Estimates (BE) is only 21% less. ",
               "schemeDepartments":"Department of Water Resources, River Development and Ganga Rejuvenation"
            },
            {
               "schemeUiId":"M_0040_S_009",
               "schemeName":"National Hydrology Project",
               "schemeObj":"To improve the extent, quality, and accessibility of water resources information,decision support system for floods and basin level resource assessment/planning and to strengthen the capacity of targeted water resources professionals and management institutions in India.",
               "schemeDesc":"National Hydrology Project was approved by the cabinet in 2016 as a central sector scheme which includes the National Hydrology Project (NHP) and the establishment of the National Water Informatics Centre (NWIC) as a repository of nation-wide water resources data. NWIC is envisaged as an independent organization with adequate administrative and financial powers under the overall control of Secretary, MoWR, RD&GR. It is a Central Sector Scheme, with 100% grant to the States. Budget Outlay: about Rs3,640 Crore, with World Bank Assistance to the tune of 50% of the project cost. Timeline: 8 years from 2016-17 to 2023-24Lead Agency: Ministry of Jal Shakti, Department of Water Resources, River Development and Ganga Rejuvenation. Project Components : Water Resources Monitoring Systems, Water Resources Information Systems, Water Resources Operations and Planning Systems, Institutional Capacity Enhancement. The potential outputs of this project are as follows: The NWIC would result in proper data storage, exchange, analysis and dissemination on hydrology. Increase time of flood forecast from 1 day to 3 day advance. Mapping of flood affected areas for disaster management. Assessment of water in river basin {both surface and ground}. Reservoir operations through seasonal yield forecast, drought management and SCADA {Supervisory control and data acquisition}. Design of surface and ground water structures, hydropower units, interlinking of rivers, smart cities and fulfilling Digital India.",
               "schemeEligiiblity":"The project has two groups of direct beneficiaries: central and state implementing agencies (IAs) responsible for surface water and/or ground water planning and management, including river basin organizations (RBOs) and users of the WRIS across various sectors and around the world. The ultimate beneficiaries will be the selected farm communities which benefited from pilot projects for water management; rural and urban water and power users; populations affected by floods and droughts, especially poor rural people, and farm families who may benefit from improved irrigation water supply and management; stakeholders across the energy, inland waterways, environment, and agriculture ministries; research and educational institutions; students and researchers; and non-governmental organizations, civil society organizations, and the private sector.",
               "schemeTargetGroup":"NIL",
               "schemeMiscDetails":"The World Bank has approved $175 million for India’s ambitious National Hydrology Project to improve its ability to forecast floods and reduce vulnerability to recurring floods and droughts. The loan has been issued from the International Bank for Reconstruction and Development (IBRD) with maturity of 23 years. It also has a six-year grace period in which no interest payments will be due.",
               "schemeDepartments":"Department of Water Resources, River Development and Ganga Rejuvenation"
            },
            {
               "schemeUiId":"M_0040_S_0010",
               "schemeName":"Dam Rehabilitation and Improvement Project (DRIP)",
               "schemeObj":"Rehabilitation of old dams in country experiencing distress and are in need of attention for ensuring their structural safety and operational efficiency. Strengthening institutional capacity and project management in this area. Bring greater awareness on dam safety issues and finding novel solutions to address them by pooling best knowledge, technologies and experience available around world.",
               "schemeDesc":"The project was launched in 2012 by Central Water Commission (CWC) under Ministry of Water Resources, River Development & Ganga Rejuvenation (now Ministry of Jal Shakti) with assistance from World Bank. The project originally envisaged the rehabilitation and improvement of 223 dam projects in four states namely, Kerala, Madhya Pradesh, Odisha, and Tamil Nadu. Later Karnataka, Uttarakhand (UJVNL) and Damodar Valley Corporation (DVC) joined the DRIP.  The funding pattern for the scheme will be 80% from World Bank loan (50% IDA credit and 50% IBRD loan) and 20% from State/Central Government budgetary support. Out of the total estimated cost of Rs. 2100 Crore the share of World Bank, DRIP States and Centre shall be Rs. 1680 Crore, Rs. 393.60 Crore and Rs. 26.40 Crore respectively. Apart from structural and non‐structural measures for rehabilitation and improvement of identified dams, the scope of project includes the development of appropriate institutional mechanisms for safe operation and maintenance of all large dams in participating states. In addition, strengthening of the institutional setup for national level dam safety surveillance and guidance would be taken up in Central Water Commission. The project has become effective from 18th April, 2012 and will be implemented over a period of six‐years. The over progress of DRIP is being monitored by National Level Steering Committee (NLSC). So far, Five meetings of the National Level Steering Committee for Dam Rehabilitation and Improvement Project (DRIP) have been held on 1st May 2015, 29th July, 2015 11th April, 2016, 4th August 2016 and 12th January 2017. Further it is proposed to extend DRIP for a period of two year i.e. upto June 2020 in view of anticipated complexities in some of the important activities of DRIP.",
               "schemeEligiiblity":"The primary beneficiaries, both urban and rural communities, are dependent on reservoirs for their water supply and livelihood, as well as all downstream communities of 223 dams who could be placed at physical and/or operational risk if dam safety is compromised. ",
               "schemeTargetGroup":"NIL",
               "schemeMiscDetails":"The Secretary (MoWR, RD&GR) had invited 23 States to join the proposed DRIP-II In order to cover the all major high dams and to ensure the safety of inhabitants of area specific, it is proposed to cover about 400 large dams to be covered under DRIP-II involving at approximate Cost of Rs. 7000-8000 Crores.",
               "schemeDepartments":"Department of Water Resources, River Development and Ganga Rejuvenation"
            },
            {
               "schemeUiId":"M_0040_S_0011",
               "schemeName":"Atul Bhujal Yojana –National Ground Water Management Improvement Program",
               "schemeObj":"The programme will, among others, enhance the recharge of aquifers and introduce water conservation practices; promote activities related to water harvesting, water management, and crop alignment; create an institutional structure for sustainable groundwater management; and equip communities and stakeholders to sustainably manage groundwater.",
               "schemeDesc":"Prime Minister Mr Narendra Modi has announced a new scheme called Atul Bhujal Yojana(ATAL JAL). On the event of 95th birth anniversary of former Prime Minister Mr Atal Bihari Vajpayee. This strategy was launched on the event of birth anniversary of former Prime Minister Mr Atal Bihari Vajpayee. For 8350 villages in seven different countries was additionally called Atal Tunnel this strategy is advantageous. ATAL JAL has two major components: Institutional Strengthening and Capacity Building Component and Incentive Component for incentivising the States for achievements in improved groundwater management practices. Advantages of the Atal Bhujal Yojana : This scheme will help the Nation emergencies in future. The strategy is helpful in providing water supplies in each household in the country. This scheme will work to reduce the speed of getting water. Where ground water is significantly lower than the permissible limit, the strategy will pay particular attention to those regions. Currently, this strategy is launching in 7 states of the country only thereafter the scheme will continue for the other nations.",
               "schemeEligiiblity":"NIL",
               "schemeTargetGroup":"The scheme will focus on improving groundwater quantity and incentivize selected states to implement the actions proposed.",
               "schemeMiscDetails":"According to the Central Groundwater Board, of the 6584 blocks in the country, 1034 have been over-exploited. This includes 64 blocks of Haryana, 43 from Karnataka, 105 from Punjab, 164 from Rajasthan, 358 from Tamil Nadu and 113 from Karnataka. The scheme will be implemented in 78 districts, 193 blocks and 8,350 gram panchayat, over the next five years.",
               "schemeDepartments":"Department of Water Resources, River Development and Ganga Rejuvenation"
            },
            {
               "schemeUiId":"M_0040_S_0012",
               "schemeName":"Swachha Bharat Mission (gramin)",
               "schemeObj":"Bring about an improvement in the general quality of life in the rural areas. Accelerate sanitation coverage in rural areas to achieve the vision of Swachh Bharat by 2019 with all Gram Panchayats in the country attaining Nirmal status. Motivate communities and Panchayati Raj Institutions promoting sustainable sanitation facilities through awareness creation and health education. Encourage cost effective and appropriate technologies for ecologically safe and sustainable sanitation. Develop community managed environmental sanitation systems focusing on solid & liquid waste management for overall cleanliness in the rural areas.",
               "schemeDesc":"To accelerate the efforts to achieve universal sanitation coverage and to put focus on safe sanitation, the Prime Minister of India launched the Swachh Bharat Mission on 2nd October, 2014. It seeks to improve the levels of cleanliness in rural areas through Solid and Liquid Waste Management activities and making Gram Panchayats Open Defecation Free (ODF), clean and sanitised. Technology will be used on a large scale to convert waste into wealth in rural India in the forms of bio-fertilizer and different forms of energy. The key components of the implementation of SBM-G will include: (i) start up activities including preparation of state plans, (ii) IEC activities, (iii) capacity building of functionaries, (iv) construction of household toilets, (v) construction of community sanitary complexes, (vi) a revolving fund at the district level to assist Self Help Groups and others in providing cheap finance to their members (vii) funds for rural sanitary marts, where materials for the construction of toilets, etc., may be purchased, and (viii) funds for solid and liquid waste management. Under SBM-G, construction of toilets in government schools and aganwadis will be done by the Ministry of Human Resource Development and Ministry of Women and Child Development, respectively.  Previously, the Ministry of Drinking Water and Sanitation was responsible for this. The mission is to be executed on war footing with the involvement of every gram panchayat, panchayat samiti and Zila Parishad in the country, besides roping in large sections of rural population and school teachers and students in this endeavor.",
               "schemeEligiiblity":"Incentive as provided under the Mission for the construction of Individual Household Latrines (IHHL) shall be available for all Below Poverty Line (BPL) Households and Above Poverty Line (APL) households restricted to SCs/STs, small and marginal farmers, landless labourers with homestead, physically handicapped and women headed households.",
               "schemeTargetGroup":"NIL.",
               "schemeMiscDetails":" Under the mission, One lakh thirty four thousand crore rupees will be spent for construction of about 11 crore 11 lakh toilets in the country. The Incentive amount provided under SBM(G) to Below Poverty Line (BPL) /identified APLs households shall be up to Rs.12,000 for construction of one unit of IHHL and provide for water availability, including for storing for hand-washing and cleaning of the toilet. Central Share of this Incentive for IHHLs shall be Rs.9,000/- (75%) from Swachh Bharat Mission (Gramin). The State share will be Rs.3,000/-(25%). For North Eastern State, and Special category States, the Central share will be Rs. 10,800/- and the State share Rs.1,200/- (90% : 10%).",
               "schemeDepartments":"Department of Drinking water and Sanitation"
            },
            {
               "schemeUiId":"M_0040_S_0013",
               "schemeName":"National Rural Drinking Water Program",
               "schemeObj":"Ensuring permanent drinking water security in rural India. Implementation of measures for ensuring village level water security to improve / augment existing drinking water sources, conjunctive use of ground water, surface water and rainwater harvesting. Service Delivery for its entire design period of quality water as per prescribed standards at supply and consumption points. Basis of planning decentralized water supply system potability; reliability; sustainability; convenience; equity; and consumers preference. Enabling communities to monitor and maintain surveillance on drinking water sources. All Anganwadi and schools of village to have access safe drinking water. Providing enabling environment to PRIs and management of local sources by community. Provide access to information through online reporting mechanism; information on public domain to bring in transparency, accountability and information decision making.",
               "schemeDesc":"The Comptroller and Auditor General (CAG) of India submitted its report on ‘National Rural Drinking Water Programme’ on August 7, 2018.  National Rural Drinking Water Programme (NRDWP) was launched in 2009.  It aims to provide safe and adequate water for drinking, cooking and other domestic needs to every rural person on a sustainable basis.  India has roughly 1000 m3 of usable water per person per year. Around 37.7 million Indians are affected by waterborne diseases annually : 1.5 million children are estimated to die of diarrhea alone, 73 million working days are lost due to water borne disease each year, The resulting economic burden is estimated at $600 million a year. The National Sample Survey's (NSS) remote sensing data suggest that as much as 75 to 80 per cent of the country's irrigated area is served by groundwater wells. This has lowered the groundwater table in many areas.The components under the NRDWP programme are as follows: NRDWP (Coverage), NRDWP (Sustainability), NRDWP (Water quality), NRDWP (DDP areas), NRDWP (Natural calamity) and NRDWP (Support). Between 2012-17, total allocation of Rs 89,956 crore (central share of 43,691 crore and state share of Rs 46,265 crore) was provided for the programme.  Of this, Rs 81,168 crore (90%) was spent during this period.  The availability of funds declined during 2013-14 and 2016-17 due to reduced central allocation and inability of states to increase their own financial commitment.  The CAG noted delays of over 15 months in release of central share to nodal/implementing agencies in states.  It recommended that allocation of resources should be dynamic and based on a clear assessment of requirements and achievements under each component of the scheme.",
               "schemeEligiiblity":"NIL",
               "schemeTargetGroup":"Primary Target Group : creating awareness, raising the profile of issues and involving people in solving them – rural community, school going children and youth, Panchayat members and village elders/ community leaders. Secondary Target Group : Other important stakeholders and influencers (programme managers, district officials, etc.) ",
               "schemeMiscDetails":"The programme’s target: Providing 35% of rural households with water connections and 40 lt--about two buckets--of water per person per day. Less than half that target was achieved, thanks to “poor execution” and “weak contract management”, said the audit report from the Comptroller and Auditor General (CAG).",
               "schemeDepartments":"Department of Drinking water and Sanitation"
            },
            {
               "schemeUiId":"M_0040_S_0014",
               "schemeName":"Swachh Iconic Place",
               "schemeObj":"Aims to take iconic places and their surroundings to higher standards of Swachhata, so that all visitors benefit and also take away home the message of cleanliness.",
               "schemeDesc":"The Swachh Iconic Places is an initiative under the Swachh Bharat Mission. It is a special clean-up initiative focused on select iconic heritage, spiritual and cultural places in the country. The initiative is being coordinated by the Ministry of Drinking Water and Sanitation in association with the Ministry of Urban Development, Ministry of Culture, Ministry of Tourism and the concerned State governments. Phase I: launched in 2016 coverage of iconic places : Vaishno Devi, Jammu and Kashmir. Chhatrapati Shivaji Terminus, Maharashtra. Taj Mahal, Uttar Pradesh. Tirupati Temple, Andhra Pradesh. Golden Temple, Punjab. Manikarnika Ghat, Varanasi, Uttar Pradesh. Ajmer Sharif Dargah, Rajasthan. Meenakshi Temple, Tamil Nadu. Kamakhya Temple, Assam. Jagannath Puri, Odisha. Phase II: launched in 2017 coverage of iconic places : Gangotri. Yamunotri. Mahakaleshwar Temple, Ujjain. Char Minar, Hyderabad. Church and Convent of St. Francis of Assissi, Goa. Adi Shankaracharya’s abode Kaladi in Ernakulam. Gomateshwar in Shravanbelgola. Baijnath Dham, Devghar. Gaya Tirth in Bihar. Somnath temple in Gujarat. Phase III: launched in 2018 coverage iconic places : Raghavendra Swamy Temple (Kurnool, Andhra Pradesh). Hazardwari Palace (Murshidabad, West Bengal). Brahma Sarovar Temple (Kurukshetra, Haryana). VidurKuti (Bijnor, Uttar Pradesh). Mana village (Chamoli, Uttarakhand). Pangong Lake (Leh-Ladakh, J&K). Nagvasuki Temple (Allahabad, Uttar Pradesh). ImaKeithal/market (Imphal, Manipur). Sabarimala Temple (Kerala). Kanvashram (Uttarakhand).",
               "schemeEligiiblity":"NIL",
               "schemeTargetGroup":"The goal of the Initiative is to improve the cleanliness conditions at these places (spiritual places) to a distinctly higher level.",
               "schemeMiscDetails":"The ministry also launched four major Solid and Liquid Waste Management activities in Mana village, including community soak pits, compost pits, separation centre for organic and inorganic waste and naalis for liquid waste with a sanctioned amount of Rs. 26.87 lakhs.",
               "schemeDepartments":"Department of Drinking water and Sanitation"
            },
         ]
      },
         ]
      },

