{
   "ListOfMinistries":[
      {
         "ministryId":1,
         "ministryName":"ஜல் சக்தி அமைச்சகம்",
         "ministrySchemesList":[
            {
               "schemeUiId":"M_0040_S_001",
               "schemeName":"ஜல் சக்தி அபியன்",
               "schemeObj":"'ஜல் சக்தி அபியான்' நீர் பாதுகாப்பு மற்றும் மழைநீர் சேகரிப்பு, பாரம்பரிய மற்றும் பிற நீர்நிலைகளை புதுப்பித்தல், நீரை மறுபயன்பாடு செய்தல் மற்றும் கட்டமைப்புகளை ரீசார்ஜ் செய்தல், நீர்நிலை மேம்பாடு மற்றும் தீவிர காடு வளர்ப்பு, குடிநீர் சுகாதாரம் ஆகிய ஐந்து அம்சங்களில் கவனம் செலுத்தும்.",
               "schemeDesc":"மத்திய ஜல் சக்தி அமைச்சரால் தொடங்கப்பட்ட ஜல் சக்தி அபியான், 2019 ஜூலை 1 முதல் தொடங்கியுள்ளது. ஜல் சக்தி அபியான் என்பது நாட்டில் நீர் பாதுகாப்பு மற்றும் நீர் பாதுகாப்புக்கான பிரச்சாரமாகும். இந்த பிரச்சாரம் இரண்டு கட்டங்களாக குடிமக்களின் பங்களிப்பு மூலம் இயங்கும், முதலாவதாக, மழைக்காலங்களில், 2019 ஜூலை 1 முதல் 2019 செப்டம்பர் 15 வரை, பின்னர் அக்டோபர் 1, 2019 முதல் நவம்பர் 30, 2019 வரை வடகிழக்கு பின்வாங்கும் பருவமழைகளைப் பெறும் மாநிலங்களுக்கு. இது ஜல் சக்தி அமைச்சகத்தின் கீழ் வரும் குடிநீர் மற்றும் சுகாதாரத் துறையின் (டி.டி.டபிள்யூ.எஸ்) ஒருங்கிணைப்புடன் இந்திய அரசு மற்றும் மாநில அரசுகளின் பல்வேறு அமைச்சகங்களின் கூட்டு முயற்சியாகும். பிரச்சாரத்தின் கவனம் நீர் அழுத்த மாவட்டங்கள் மற்றும் தொகுதிகள் மீது உள்ளது. ஐந்து முக்கியமான நீர் பாதுகாப்பு தலையீடுகளை உறுதி செய்வதற்காக, 256 மாவட்டங்களில் உள்ள 1592 நீர் அழுத்த தொகுதிகளில் மத்திய அரசின் அதிகாரிகள் குழுக்கள் மாவட்ட நிர்வாகத்துடன் இணைந்து பணியாற்றும். ஐந்து முக்கியமான நீர் பாதுகாப்பு தலையீடுகள்: நீர் பாதுகாப்பு மற்றும் மழைநீர் சேகரிப்பு, பாரம்பரிய மற்றும் பிற நீர்நிலைகள் / தொட்டிகளை புதுப்பித்தல், நீரை மறுபயன்பாடு செய்தல் மற்றும் கட்டமைப்புகளை ரீசார்ஜ் செய்தல், நீர்நிலை மேம்பாடு மற்றும் தீவிர காடு வளர்ப்பு. நீர் பாதுகாப்பு தலையீடுகள் சிறப்பு தலையீடுகளுடன் கூடுதலாக வழங்கப்படும். தொகுதி மற்றும் மாவட்ட நீர் பாதுகாப்பு திட்டங்களின் வளர்ச்சி, நீர்ப்பாசனத்திற்கான திறமையான நீர் பயன்பாட்டை மேம்படுத்துதல் மற்றும் கிருஷி விஜியன் கேந்திரங்கள் மூலம் பயிர்களை சிறந்த முறையில் தேர்வு செய்தல்.",
               "schemeEligiiblity":"இந்த பயிற்சியின் நோக்கத்திற்காக, நீர் அழுத்த அழுத்தங்கள், நிலத்தடி நீர் மட்டங்கள் முக்கியமானவை / அதிகமாக சுரண்டப்படுவது [மத்திய நிலத்தடி நீர் வாரியம் (சி.ஜி.டபிள்யூ.பி) 2017 இன் படி]. இவை 20 மாநிலங்கள் / யூ.டி.க்களின் கீழ் வருகின்றன. பிற மாநிலங்களுக்கு, குறைந்தது நிலத்தடி நீர் கிடைக்கும் மாவட்டங்கள் தேர்ந்தெடுக்கப்பட்டுள்ளன (சி.ஜி.டபிள்யூ.பி 2017 படி).",
               "schemeTargetGroup":"நகர்ப்புறங்களில், தொழில்துறை மற்றும் விவசாய நோக்கங்களுக்காக கழிவு நீர் மறுபயன்பாட்டிற்காக காலவரையறை இலக்குகளுடன் திட்டங்கள் உருவாக்கப்படும்.",
               "schemeMiscDetails":"NIL",
               "schemeDepartments":"குடிநீர் மற்றும் சுகாதாரத் துறை"
            },
           {
               "schemeUiId":"M_0040_S_002",
               "schemeName":"ஜல் ஜீவன் மிஷன்",
               "schemeObj":"ஜல் சக்தி அமைச்சின் கீழ் உள்ள மத்திய அரசின் முன்முயற்சியான ஜல் ஜீவன் மிஷன், இந்தியாவில் உள்ள ஒவ்வொரு வீட்டிற்கும் குழாய் நீர் கிடைப்பதை உறுதி செய்வதை நோக்கமாகக் கொண்டுள்ளது. சாம்பல் நீர் மேலாண்மை, நீர் பாதுகாப்பு மற்றும் மழை நீர் சேகரிப்பு மூலம் ரீசார்ஜ் செய்தல் மற்றும் மறுபயன்பாடு போன்ற கட்டாய கூறுகளாக மூல நிலைத்தன்மை நடவடிக்கைகளை செயல்படுத்த இந்த திட்டம் நோக்கம் கொண்டுள்ளது.",
               "schemeDesc":"ஹர் கர் நல் சே ஜல் திட்டத்தை நிதியமைச்சர் நிர்மலா சீதாராமன் தனது பட்ஜெட் 2019-20 உரையில் அறிவித்தார். இந்த திட்டம் ஜல் ஜீவன் மிஷனின் முக்கியமான பகுதியாகும். ஜல் ஜீவன் மிஷன் தண்ணீருக்கான சமூக அணுகுமுறையை அடிப்படையாகக் கொண்டது. அரசாங்கத்தின் கூற்றுப்படி, இந்த பணி தகவல், கல்வி மற்றும் தகவல் தொடர்பு ஆகியவற்றை முக்கிய கூறுகளாக உள்ளடக்கும். இந்த நோக்கம் தண்ணீருக்கான மக்கள் இயக்கத்தை உருவாக்குவதோடு, அனைவரின் முன்னுரிமையையும் உருவாக்குகிறது. JJM இன் குறிக்கோள், ஒவ்வொரு வீட்டிற்கும் சேவை மட்டத்துடன் செயல்பாட்டு வீட்டு குழாய் இணைப்பை ஒரு நாளைக்கு 55 லிட்டர் வீதத்தில் (எல்பிசிடி) வழங்குவதாகும். ஜே.ஜே.எம் இன் கீழ் பின்வரும் வகையான பணிகள் / திட்டங்கள் எடுக்க முன்மொழியப்பட்டுள்ளன: ஒவ்வொரு வீட்டிற்கும் குழாய் நீர் இணைப்பிற்கான கிராமத்தில் நீர் வழங்கல் (பி.டபிள்யூ.எஸ்) உள்கட்டமைப்பு. நம்பகமான குடிநீர் ஆதார மேம்பாடு / இருக்கும் மூலங்களின் வளர்ச்சி. நீர் பரிமாற்றம் (பல கிராமத் திட்டம்; உள்ளூர் நீர் ஆதாரங்களில் அளவு மற்றும் தர சிக்கல்கள் உள்ளன). தண்ணீரை குடிக்க வைக்கும் சிகிச்சைக்கான தொழில்நுட்ப தலையீடு (நீரின் தரம் ஒரு பிரச்சினை, ஆனால் அளவு போதுமானது). FHTC ஐ வழங்குவதற்கும் சேவை அளவை உயர்த்துவதற்கும் பூர்த்தி செய்யப்பட்ட மற்றும் தொடர்ந்து குழாய் பதிக்கப்பட்ட நீர் வழங்கல் திட்டங்களை மறுசீரமைத்தல். சாம்பல் நீர் மேலாண்மை. பல்வேறு பங்குதாரர்களின் திறனை உருவாக்குதல் மற்றும் செயல்படுத்துவதற்கு வசதியாக ஆதரவு நடவடிக்கைகள்.",
               "schemeEligiiblity":"NIL",
               "schemeTargetGroup":"2024 க்குள் கிராமப்புற இந்தியாவில் உள்ள அனைத்து வீடுகளுக்கும் தனிப்பட்ட வீட்டு குழாய் இணைப்புகள் மூலம் பாதுகாப்பான மற்றும் போதுமான தண்ணீரை வழங்குவதே இந்த நோக்கத்தின் குறிக்கோள்.",
               "schemeMiscDetails":"ஜே.ஜே.எம் மொத்த மதிப்பீடு ரூ. 3.60 லட்சம் கோடி. மையத்திற்கும் மாநிலத்திற்கும் இடையிலான நிதி பகிர்வு முறை இமயமலை (உத்தரகண்ட், இமாச்சலப் பிரதேசம்) மற்றும் வடகிழக்கு மாநிலங்களுக்கு 90:10, யூ.டி.க்களுக்கு 100: 0 மற்றும் மீதமுள்ள மாநிலங்களுக்கு 50:50 ஆகும்.",
               "schemeDepartments":"குடிநீர் மற்றும் சுகாதாரத் துறை"
            },
            {
               "schemeUiId":"M_0040_S_003",
               "schemeName":"ஜல் கிரந்தி அபியான்",
               "schemeObj":"ஜல் கிரந்தி அபியனின் நோக்கங்கள்: நீர் பாதுகாப்பு மற்றும் மேம்பாட்டுத் திட்டங்களில் (எ.கா. பங்கேற்பு நீர்ப்பாசன மேலாண்மை (பிஐஎம்) பஞ்சாயத்து ராஜ் நிறுவனங்கள் மற்றும் உள்ளாட்சி அமைப்புகள் உள்ளிட்ட அனைத்து பங்குதாரர்களின் அடிமட்ட ஈடுபாட்டை வலுப்படுத்துதல். நீர்வளப் பாதுகாப்பில் பாரம்பரிய அறிவைப் பின்பற்ற / பயன்படுத்துவதை ஊக்குவித்தல். மற்றும் அதன் மேலாண்மை. அரசு, தன்னார்வ தொண்டு நிறுவனங்கள், குடிமக்கள் போன்ற பல்வேறு நிலைகளில் இருந்து துறை மட்ட நிபுணத்துவத்தைப் பயன்படுத்துதல் மற்றும் கிராமப்புறங்களில் நீர் பாதுகாப்பு மூலம் வாழ்வாதார பாதுகாப்பை மேம்படுத்துதல்.",
               "schemeDesc":"நீர்வழங்கல், கங்கா புத்துணர்ச்சி அமைச்சகம் 2015 ஆம் ஆண்டு ஜூன் மாதம் நாடு முழுவதும் ஜல் கிரந்தி அபியான் (ஜே.கே.ஏ) ஐ நாடு முழுவதும் அறிமுகப்படுத்தியுள்ளது. ஒரு முழுமையான மற்றும் ஒருங்கிணைந்த அணுகுமுறையின் மூலம் நீர் பாதுகாப்பு மற்றும் நிர்வாகத்தை ஒருங்கிணைப்பதற்காக இது தொடங்கப்பட்டது, இதில் அனைத்து பங்குதாரர்களும் ஈடுபட்டுள்ளனர் மற்றும் ஒரு பொருளை ஒரு வெகுஜன இயக்கமாக மாற்றினர். மேற்கொள்ளப்பட்ட செயல்பாடுகள் / கூறுகள்: ஜல் கிராம் யோஜனா, மாதிரி கட்டளை பகுதியின் வளர்ச்சி, மாசு குறைப்பு, வெகுஜன விழிப்புணர்வு திட்டம் மற்றும் பிற செயல்பாடுகள். பிரச்சாரத்தின் கீழ் முன்மொழியப்பட்ட செயல்பாடுகளில் மழை நீர் சேகரிப்பு, கழிவு நீரை மறுசுழற்சி செய்தல், தண்ணீரை திறம்பட பயன்படுத்த மைக்ரோ பாசனம் மற்றும் வெகுஜன விழிப்புணர்வு திட்டம் ஆகியவை அடங்கும். அதனுடன், உள்ளூர் நீர் நிபுணர் ஜல் மித்ராவின் ஒரு பணியாளர் உருவாக்கப்படுவார், மேலும் அவர்களுக்கு வெகுஜன விழிப்புணர்வை ஏற்படுத்த பயிற்சி அளிக்கப்படும். பைலட் திட்டமாக, இந்த தேசிய பிரச்சாரத்தின் கீழ் நாட்டின் ஒவ்வொரு 672 மாவட்டங்களிலும் ஒரு நீர் அழுத்த கிராமத்தில் நடவடிக்கைகள் நடத்தப்படும்.",
               "schemeEligiiblity":"NIL",
               "schemeTargetGroup":"828 என்ற மொத்த இலக்குக்கு எதிராக இதுவரை இதுபோன்ற 726 கிராமங்கள் அடையாளம் காணப்பட்டுள்ளன. 180 கிராமங்களுக்கான ஒருங்கிணைந்த நீர் பாதுகாப்பு திட்டம் தயாரிக்கப்பட்டு, அவற்றில் 61 கிராமங்களுக்கு ஒப்புதல் அளிக்கப்பட்டுள்ளது.",
               "schemeMiscDetails":"NIL",
               "schemeDepartments":"நீர்வளத் துறை, நதி மேம்பாடு மற்றும் கங்கா புத்துணர்ச்சி"
            },
            {
               "schemeUiId":"M_0040_S_004",
               "schemeName":"நமாமி கங்கே யோஜனா",
               "schemeObj":"விரிவான திட்டமிடல் மற்றும் நிர்வாகத்திற்கான துறைசார்ந்த ஒருங்கிணைப்பை ஊக்குவிப்பதற்காக நதி படுகை அணுகுமுறையை பின்பற்றுவதன் மூலம் கங்கை நதியை திறம்பட குறைப்பதை உறுதிசெய்தல் மற்றும் நீரின் தரம் மற்றும் சுற்றுச்சூழலை உறுதி செய்யும் நோக்கத்துடன் கங்கா நதியில் குறைந்தபட்ச சுற்றுச்சூழல் பாய்ச்சல்களை பராமரித்தல். நிலையான அபிவிருத்தி.",
               "schemeDesc":"பிரதம மந்திரி ஸ்ரீ நரேந்திர மோடி தலைமையிலான மத்திய அமைச்சரவை, கங்கை நதியை விரிவான முறையில் சுத்தம் செய்து பாதுகாக்கும் முயற்சிகளை ஒருங்கிணைக்கும் முதன்மை 'நமாமி கங்கே' திட்டத்திற்கு ஒப்புதல் அளித்தது. 'நமாமி கங்கே' திட்டத்தை செயல்படுத்துவதற்காக, இவற்றை உள்ளடக்கிய திட்ட கண்காணிப்புக்கு மூன்று அடுக்கு பொறிமுறை முன்மொழியப்பட்டுள்ளது: தேசிய அளவில் என்.எம்.சி.ஜி உதவியுடன் அமைச்சரவை செயலாளரின் தலைமையில் ஒரு உயர்மட்ட பணிக்குழு, தலைமை செயலாளர் தலைமையிலான மாநில மட்ட குழு உதவி மாநில அளவில் எஸ்.பி.எம்.ஜி மற்றும் மாவட்ட நீதவான் தலைமையில் மாவட்ட அளவிலான குழு. குறிக்கோள்களை அடைய, என்.எம்.சி.ஜி பின்வரும் முக்கிய செயல்பாடுகளைச் செய்யும்: அதாவது தேசிய கங்கா நதி படுகை ஆணையத்தின் (என்ஜிஆர்பிஏ) பணித் திட்டத்தை செயல்படுத்தவும். உலக வங்கி ஆதரவு தேசிய கங்கா நதி படுகை திட்டத்தை செயல்படுத்தவும். என்ஜிஆர்பிஏவின் கீழ் இந்திய அரசு அனுமதித்த திட்டங்களை செயல்படுத்த ஒருங்கிணைத்தல் மற்றும் மேற்பார்வை செய்தல். கங்கை நதியைப் பாதுகாக்கும் பகுதியில் நீர்வளம், ஊரக வளர்ச்சி மற்றும் ஜி.ஜே. அமைச்சினால் ஒதுக்கப்படக்கூடிய கூடுதல் பணிகள் அல்லது செயல்பாடுகளை மேற்கொள்ளுங்கள். என்.எம்.சி.ஜியின் விவகாரங்களை நடத்துவதற்கான விதிகள் மற்றும் ஒழுங்குமுறைகளை உருவாக்கி, அவற்றை அவ்வப்போது சேர்க்கவும் திருத்தவும், மாறுபடவும் அல்லது விலக்கவும். எந்தவொரு பணத்தையும், கடன் பத்திரங்கள் அல்லது எந்தவொரு மானியத்தையும் ஏற்றுக்கொள்வது அல்லது வழங்குவது மற்றும் என்.எம்.சி.ஜியின் நோக்கங்களுடன் பொருந்தாத எந்தவொரு எண்டோவ்மென்ட் டிரஸ்ட், நிதி அல்லது நன்கொடை ஆகியவற்றின் நிர்வாகத்தை மேற்கொள்வதற்கும் ஏற்றுக்கொள்வதற்கும். அத்தகைய அனைத்து நடவடிக்கைகளையும் எடுத்து, என்ஜிஆர்பிஏவின் நோக்கங்களின் சாதனைகளுக்கு தேவையான அல்லது தற்செயலானதாக தோன்றலாம்",
               "schemeEligiiblity":"NIL",
               "schemeTargetGroup":"நமமி கங்கே மாசு குறைப்பு தலையீடுகளில் கவனம் செலுத்துவார், அதாவது திறந்தவெளி வடிகால் வழியாக பாயும் கழிவுநீரை இடைமறிப்பு, திசை திருப்புதல் மற்றும் சுத்திகரிப்பு ஆகியவை உயிர் தீர்வு / பொருத்தமான இடத்தில் சுத்திகரிப்பு / புதுமையான தொழில்நுட்பங்கள் / கழிவுநீர் சுத்திகரிப்பு நிலையங்கள் (எஸ்.டி.பி) / கழிவுப்பொருள் சுத்திகரிப்பு நிலையம் (ஈ.டி.பி.எஸ்) தற்போதுள்ள எஸ்.டி.பி-களை மறுவாழ்வு செய்தல் மற்றும் பெருக்குதல் மற்றும் கழிவுநீர் வருவதைத் தடுக்க நதி முன்புறத்தில் வெளியேறும் இடங்களில் மாசுபடுவதைக் கைது செய்வதற்கான உடனடி குறுகிய கால நடவடிக்கைகள்.",
               "schemeMiscDetails":"அடுத்த 5 ஆண்டுகளுக்கு 2014-2015 வரவு செலவுத் திட்டத்தில் ரூ. 20,000 கோடி ரூபாய் அனுமதிக்கப்பட்டுள்ளது. இந்த திட்டத்தின் கீழ் 8 மாநிலங்கள், 47 நகரங்கள் மற்றும் 12 நதிகளை உள்ளடக்கும். கங்கைக் கரையில் 1,632 கிராமுக்கு மேற்பட்ட பஞ்சாயத்துகள் 2022 க்குள் திறந்த மலம் கழிப்பதில்லை.",
               "schemeDepartments":"நீர்வளத் துறை, நதி மேம்பாடு மற்றும் கங்கா புத்துணர்ச்சி"
            },
           {
               "schemeUiId":"M_0040_S_005",
               "schemeName":"தூய்மையான கங்கைக்கான தேசிய பணி (என்.எம்.சி.ஜி)",
               "schemeObj":"இந்த திட்டத்தின் முக்கிய நோக்கம் பல பங்குதாரர்களை ஈடுபடுத்தி கங்கா நதிக்கு அறிவியல் அடிப்படையிலான நீர்வாழ் மறுசீரமைப்பு திட்டத்தை உருவாக்குவதாகும்.",
               "schemeDesc":"கழிவு நீர் மேலாண்மை, திடக்கழிவு மேலாண்மை, தொழில்துறை மாசுபாடு மற்றும் நதி முன் வளர்ச்சி ஆகிய நான்கு வெவ்வேறு துறைகள் மூலம் கங்கைக்கு ஏற்படும் சவால்களை வென்றெடுப்பதற்கான மாற்றப்பட்ட மற்றும் விரிவான அணுகுமுறையுடன் தேசிய கங்கை நதி படுகை ஆணையம் (என்ஜிஆர்பிஏ) மிஷன் சுத்தமான கங்கையைத் தொடங்கியுள்ளது. தூய்மையான கங்கைக்கான தேசிய மிஷன் (என்.எம்.சி.ஜி) சமூகங்கள் பதிவுச் சட்டம் 1860 இன் கீழ் ஆகஸ்ட் 12, 2011 அன்று ஒரு சமூகமாக பதிவு செய்யப்பட்டது. இது சுற்றுச்சூழல் (பாதுகாப்பு) விதிகளின் கீழ் அமைக்கப்பட்ட தேசிய கங்கா நதி படுகை ஆணையத்தின் (என்ஜிஆர்பிஏ) செயல்பாட்டுக் குழுவாக செயல்பட்டது. சட்டம் (இபிஏ), 1986. இந்த நோக்கத்தை அடைய இந்த திட்டத்தில் பின்வரும் ஆறு கூறுகள் உள்ளன: அறிவியல் அடிப்படையிலான பாதுகாப்பு திட்டமிடல் மற்றும் தகவல்களை பரப்புவதற்காக WII டெஹ்ரா டன்னில் கங்கா அக்வாலிஃப் பாதுகாப்பு கண்காணிப்பு மையத்தை நிறுவுதல். கங்கை நதியின் பல்லுயிர் சுயவிவரத்தைத் தயாரித்து, தேர்ந்தெடுக்கப்பட்ட நீட்சிகள் மற்றும் உயிரினங்களுக்கான பைலட் இனங்கள் மறுசீரமைப்பு திட்டங்களை உருவாக்குங்கள். அடையாளம் காணப்பட்ட பாதுகாப்பு முக்கியத்துவங்களை கண்காணிப்பதில் வனத்துறை மற்றும் கங்கா நதி மாநிலங்களின் பிற பங்குதாரர்களின் திறனை வளர்த்துக் கொள்ளுங்கள். வன மற்றும் கால்நடை துறைகளின் ஆதரவோடு மனிதவளம் மற்றும் உள்கட்டமைப்பை மேம்படுத்துவதன் மூலம் தேர்ந்தெடுக்கப்பட்ட இடங்களில் கங்கையின் ஆபத்தான விலங்கினங்களுக்கான மீட்பு மற்றும் மறுவாழ்வு மையங்களை நிறுவுவதில் என்.எம்.சி.ஜிக்கு உதவுங்கள். பஞ்சாயத்து ராஜ் அமைப்பு, திறன் மேம்பாடு மற்றும் சுற்றுச்சூழல் அமைப்பு சேவைகளுக்கான கட்டணம் ஆகியவற்றின் மூலம் தளங்களை வழங்குவதன் மூலம் என்.எம்.சி.ஜி முன்முயற்சிகளில் உள்ளூர் சமூகங்களின் பங்கேற்பு. கங்கை ஆற்றின் ஆற்றங்கரை சமூகங்களுக்கான பாதுகாப்பு கல்வி திட்டங்களை உருவாக்கி செயல்படுத்தவும்",
               "schemeEligiiblity":"NIL",
               "schemeTargetGroup":"NIL",
               "schemeMiscDetails":"என்ஜிஆர்பிஏ முழுமையாக செயல்பட்டு வருகிறது, மேலும் அந்தந்த மாநிலங்களின் முதலமைச்சர்களின் தலைமையில் ஐந்து கங்கா படுகை மாநிலங்களில் மாநில அளவிலான மாநில கங்கா நதி பாதுகாப்பு அதிகாரிகள் (எஸ்ஜிஆர்சிஏக்கள்) ஆதரிக்கின்றனர். என்ஜிஆர்பிஏ திட்டத்தின் கீழ், ரூ. 2014 மார்ச் 31 வரை 4607.82 கோடி ரூபாய் அனுமதிக்கப்பட்டுள்ளது.",
               "schemeDepartments":"நீர்வளத் துறை, நதி மேம்பாடு மற்றும் கங்கா புத்துணர்ச்சி"
            },
            {
               "schemeUiId":"M_0040_S_006",
               "schemeName":"கங்கா விக்ஷரோபன் அபியான்",
               "schemeObj":"கங்கா புத்துணர்ச்சியின் பணிக்கு காடு வளர்ப்பின் முக்கியத்துவம் குறித்து மக்கள் மற்றும் பிற பங்குதாரர்களிடையே அதிக விழிப்புணர்வை ஏற்படுத்துவதை இது நோக்கமாகக் கொண்டுள்ளது. இந்த பிரச்சாரத்தை மக்கள் இயக்கமாக மாற்றுவதற்காக பல பள்ளிகள், கல்லூரிகள் மற்றும் துறைகள் “ஒரு ஆலையைத் தத்தெடுக்க” கோரப்பட்டுள்ளன. கங்கை நதிக்கரையில் உள்ளூர் மக்களின் பங்களிப்புடன் தோட்ட நடவடிக்கைகள் மிகுந்த ஆர்வத்துடன் மேற்கொள்ளப்படுகின்றன.",
               "schemeDesc":"தூய்மையான கங்கைக்கான தேசிய மிஷன் (என்.எம்.சி.ஜி) கங்கை விக்ஷரோபன் அபியனை ஐந்து முக்கிய கங்கைப் படுகைகளான உத்தரகண்ட், உத்தரபிரதேசம், பீகார், ஜார்க்கண்ட் மற்றும் மேற்கு வங்கம் ஆகிய நாடுகளில் ஏற்பாடு செய்திருந்தது. இந்த இயக்கி 9 ஜூலை 2018 அன்று 15 ஜூலை 2018 வரை ஒரு வாரத்திற்கு தொடங்கப்பட்டது. நமாமி கங்கே திட்டத்தின் கங்கையில் வன தலையீடுகள் (FIG) கூறுகளின் ஒரு பகுதியாக இந்த பிரச்சாரம் தொடங்கப்பட்டுள்ளது. இந்த மாநிலங்களின் மாநில வனத்துறைகள் பிரச்சாரத்தை சீராகவும் திறமையாகவும் நிறைவேற்றுவதற்கான நோடல் ஏஜென்சிகளாக மாற்றப்பட்டுள்ளன. காடு வளர்ப்பு திட்டத்தை விஞ்ஞான முறையில் செயல்படுத்த, வன ஆராய்ச்சி நிறுவனம் (எஃப்ஆர்ஐ), டெஹ்ராடூன் ஒரு விரிவான திட்ட அறிக்கையை (டிபிஆர்) தயாரிக்கும் திட்டத்தை மாநில வனத்துறைகள் தங்கள் தோட்ட நடவடிக்கைகளை மேற்கொள்ளும். எஃப்ஆர்ஐ அறிக்கை சாத்தியமான தோட்ட மற்றும் சிகிச்சை மாதிரிகளுடன் பல ஒழுங்கு அணுகுமுறையை வழங்குகிறது. இயற்கை சுற்றுச்சூழல் வகை, பூர்வீக தாவரங்களை அடையாளம் காணுதல், மண்ணின் நிலைமைகள் மற்றும் வேளாண் காலநிலை மண்டலங்களை கருத்தில் கொண்டு, பல்வேறு வகைகளின் சாத்தியமான மாதிரிகள் உருவாக்கப்பட்டுள்ளன. சுற்றுச்சூழல் மற்றும் புவியியல் ஒருங்கிணைப்புகளைப் பராமரிப்பதைத் தவிர, நிலத்தடி நீர் மாசுபாட்டின் அடிப்படை ஓட்டம் மற்றும் வடிகட்டுதலை மேம்படுத்துவதன் மூலம், தூய்மையான கங்கா மிஷனுக்கு பங்களிப்பதை செயல்படுத்தும் திட்டம் நோக்கமாகக் கொண்டுள்ளது.",
               "schemeEligiiblity":"NIL",
               "schemeTargetGroup":"NIL",
               "schemeMiscDetails":"டெஹ்ராடூன் வன ஆராய்ச்சி நிறுவனம் (எஃப்ஆர்ஐ) சமர்ப்பித்த விரிவான திட்ட அறிக்கை (டிபிஆர்) ஐந்து முக்கிய தண்டு கங்கா படுகை மாநிலங்களில் 83946 கி.மீ பரப்பளவில் ஒரு நதி காட்சியை அடையாளம் கண்டுள்ளது. இந்த நதிநீர் 5 ஆண்டுகளுக்கு ரூ .2293.73 கோடி செலவில் காடழிப்புக்கு குறிக்கப்பட்டுள்ளது.",
               "schemeDepartments":"நீர்வளத் துறை, நதி மேம்பாடு மற்றும் கங்கா புத்துணர்ச்சி"
            },
            {
               "schemeUiId":"M_0040_S_007",
               "schemeName":"கங்கா பிரஹாரி",
               "schemeObj":"கங்கை நதியின் சுற்றுச்சூழல் ஒருமைப்பாட்டைப் பாதுகாப்பதற்கும், ஆற்றின் மீது உள்ள உள்ளூர் சமூகங்களின் நேரடி சார்புநிலையைக் குறைப்பதற்கும், தூய்மையான கங்கை-வனவிலங்கு நிறுவனம் (என்.எம்.சி.ஜி-டபிள்யு.ஐ) திட்டத்திற்கான 'தேசிய பல்லுயிர் பாதுகாப்பு மற்றும் கங்கா புத்துணர்ச்சி' திட்டம் அடங்கும் ஐந்து கங்கா மாநிலங்களில் (உத்தரகண்ட், உத்தரபிரதேசம், பீகார், ஜார்கண்ட் மற்றும் மேற்கு வங்கம்) உள்ளூர் சமூகத்தின் உறுப்பினர்கள் ஆற்றின் பாதுகாவலர்களாக இனிமேல் கங்கா பிரஹாரிஸ் என்று அழைக்கப்படுவார்கள்",
               "schemeDesc":"புனித நதியின் 'நிர்மல்' மற்றும் 'அவிரல்' தாராவை மீட்டெடுப்பதற்கான இறுதி நோக்கங்களுடன் கங்கை பிரஹாரிகள் புனித நதியின் பல்லுயிர் பாதுகாப்பு மற்றும் தூய்மைக்காக செயல்படுகின்றன. துன்பத்தில் இருக்கும் நீர்வாழ் வனவிலங்குகளைப் புகாரளிப்பதில் மற்றும் மீட்பதில், வேட்டையாடுதல் போன்ற சட்டவிரோத நடவடிக்கைகளைப் புகாரளிப்பதில் அவர்கள் முக்கிய பங்கு வகிக்கின்றனர். உள்ளூர் சமூகங்களை அடிமட்ட அளவில் அணிதிரட்டுவதன் மூலம் உள்ளூர் மட்ட நிறுவனங்களை ஆதரிப்பதற்கும் ஆற்றின் இயற்கை வளங்களின் தரத்தை கண்காணிப்பதற்கும் “கங்கா பிரஹாரி” என்ற உந்துதல் பணியாளரை நிறுவுவதே இந்த முயற்சியின் நோக்கம். இதை அடைவதற்கான சில வழிகள்: தூய்மையான மற்றும் துடிப்பான கங்கையின் நன்மைகள் குறித்து விழிப்புணர்வை ஏற்படுத்துதல் மற்றும் கங்கை நதியை நோக்கி மக்கள் மத்தியில் ஒரு உணர்வை உருவாக்குதல். ஒரு சுத்தமான கங்கைக்காக பணிபுரியும் பல்வேறு நிறுவனங்களின் ஒட்டுமொத்த முயற்சிகளுடன் உள்ளூர் சமூகங்களையும் அவர்களின் வாழ்வாதாரங்களையும் இணைப்பது, இதன் மூலம், அத்தகைய முயற்சிகளுக்கு அடிமட்ட மட்டத்தில் ஒரு ஒருங்கிணைப்பு புள்ளியை உருவாக்குகிறது. உள்ளூர் மக்களின் வாழ்வாதாரத்தையும் நல்வாழ்வையும் ஒரு சுத்தமான மற்றும் துடிப்பான கங்கையுடன் இணைக்கிறது. சுமார் 500 பயிற்சி பெற்ற தன்னார்வலர்கள் அல்லது கங்கா பிரஹாரிகள் அடங்கிய குழு ஒன்று கங்கை நதிக்கரையில் உள்ள ஒவ்வொரு வீட்டிற்கும் சென்று ஆற்றின் உயிர் பன்முகத்தன்மையைப் பாதுகாப்பதன் முக்கியத்துவத்தைப் பற்றி அவர்களுக்குக் கற்பிக்கிறது.",
               "schemeEligiiblity":"இந்த ‘பிரஹாரிகள்’ திட்டத்தில் சேரும் தேதியில் 18 வயதுக்கு மேற்பட்டவர்களாக இருக்க வேண்டும், முன்னுரிமை கங்கை நதி பக்க கிராமங்களிலிருந்து. இளைய பள்ளி மாணவர்களும் விரைவில் தொடங்கப்படும் பால் கங்கா பிரஹரிஸுக்கு ஆட்சேர்ப்பு செய்யப்பட்டுள்ளனர்",
               "schemeTargetGroup":"கங்கா பாதுகாப்பு முயற்சிகளில் மற்றவர்களை அணிதிரட்டக்கூடிய சுய ஊக்கமுள்ள நபர்களை அடையாளம் காண கவனம் செலுத்தப்பட்டுள்ளது.",
               "schemeMiscDetails":"கூடுதலாக, உள்ளூர் சமூகங்கள், மாநில வனத்துறைகள், கல்வி நிறுவனங்கள், தேசிய கேடட் கார்ப்ஸ் (என்.சி.சி), தேசிய சேவை திட்டம் (என்.எஸ்.எஸ். சில தளங்களில் சாத்தியமான கங்கா பிரஹாரிஸை அடையாளம் காணும் பொருட்டு.",
               "schemeDepartments":"நீர்வளத் துறை, நதி மேம்பாடு மற்றும் கங்கா புத்துணர்ச்சி"
            },
            {
               "schemeUiId":"M_0040_S_008",
               "schemeName":"சுத்தமான கங்கை நிதி (சிஜிஎஃப்)",
               "schemeObj":"தன்னார்வ நிதி பங்களிப்புகளுடன் கங்கை நதியின் தூய்மைக்கு பங்களிப்பு செய்ய.",
               "schemeDesc":"ஜனவரி, 2015 இல், தூய்மையான கங்கா நிதி அமைக்கப்பட்டது, இது நாட்டில் வசிப்பவர்கள் மற்றும் குடியுரிமை பெறாத இந்தியர்கள் (என்.ஆர்.ஐ) / இந்திய வம்சாவளியைச் சேர்ந்தவர் (பி.ஐ.ஓ) மற்றும் பிறரின் தன்னார்வ பங்களிப்புகளால் நிதியளிக்கப்படுகிறது. கங்கை நதியை சுத்தம் செய்வதற்கான தேசிய முயற்சிக்கு பங்களிக்கும் நோக்கத்தை இந்த நிதியம் கொண்டிருக்கும். இந்த நிதியை நிதியமைச்சர் தலைமையிலான அறக்கட்டளை நிர்வகிக்கும். நிதியிலிருந்து நிதியளிக்கப்பட்ட நடவடிக்கைகள்: கங்கை நதியை சுத்தம் செய்வதற்கான ‘நமமி கங்கே’ திட்டத்தின் கீழ் கோடிட்டுக் காட்டப்பட்ட நடவடிக்கைகள். அல்லாத மாசுபாட்டின் கட்டுப்பாடு. நகரங்களைச் சுற்றியுள்ள ஆற்றங்கரையில் கழிவுப்பொருள் சுத்திகரிப்பு மற்றும் அகற்றும் ஆலைகளை அமைத்தல். ஆற்றின் உயிரியல் பன்முகத்தன்மையின் பாதுகாப்பு. நதியுடன் மாசுபடுத்தும் மனித இடைமுகத்தை குறைக்க சமூகம் சார்ந்த நடவடிக்கைகள். காட் மறுவடிவமைப்பு போன்ற நடவடிக்கைகள் உள்ளிட்ட பொது வசதிகளின் வளர்ச்சி. ஆர் & டி மற்றும் புதிய தொழில்நுட்பத்திற்கான புதுமையான திட்டங்கள் மற்றும் நதியை சுத்தம் செய்வதற்கான செயல்முறைகள். தீவிர கண்காணிப்பு மற்றும் நிகழ்நேர அறிக்கையிடல் மூலம் சுயாதீன மேற்பார்வை. பொதுத்துறை நிறுவனங்கள் சி.ஜி.எஃப்-க்கு மிகப்பெரிய பங்களிப்பைச் செய்துள்ளன, இது மொத்த பங்களிப்பில் 83% ஆகும். என்.ஆர்.ஐ மற்றும் பி.ஐ.ஓக்கள் மிகக் குறைந்த பங்களிப்பை வழங்கியுள்ளனர், இது மொத்த பங்களிப்பில் 1.6% மட்டுமே.",
               "schemeEligiiblity":"உள்நாட்டு நன்கொடையாளர்கள் 100 சதவீத ஐ-டி விலக்குக்கு தகுதியுடையவர்கள் மற்றும் பங்களிப்புகள் சி.எஸ்.ஆர் செயல்பாட்டின் எல்லைக்குள் அடங்கும்.",
               "schemeTargetGroup":"NIL",
               "schemeMiscDetails":"2020-21 நிதியாண்டிற்கான பட்ஜெட்டில், நமாமி கங்கே திட்டத்திற்கு ரூ .1,600.02 கோடி ஒதுக்கீடு செய்ய இந்திய அரசு பரிந்துரைத்துள்ளது. 2019-20 நிதியாண்டிற்கான பட்ஜெட் ஒதுக்கீடு ரூ .1,970.00 கோடியாகவும், என்.எம்.சி.ஜிக்கு திருத்தப்பட்ட ஒதுக்கீடு ரூ .1,553.44 கோடியாகவும் உள்ளது. எனவே, பட்ஜெட் மதிப்பீடுகள் (BE) குறிப்புடன் திருத்தப்பட்ட மதிப்பீடுகளில் (RE) இறுதி ஒதுக்கீடு 21% குறைவாகும்.",
               "schemeDepartments":"நீர்வளத் துறை, நதி மேம்பாடு மற்றும் கங்கா புத்துணர்ச்சி"
            },
            {
               "schemeUiId":"M_0040_S_009",
               "schemeName":"தேசிய நீரியல் திட்டம்",
               "schemeObj":"நீர்வளத் தகவல்களின் அளவு, தரம் மற்றும் அணுகலை மேம்படுத்துதல், வெள்ளம் மற்றும் பேசின் நிலை வள மதிப்பீடு / திட்டமிடலுக்கான முடிவு ஆதரவு அமைப்பு மற்றும் இந்தியாவில் இலக்கு வைக்கப்பட்ட நீர்வள வல்லுநர்கள் மற்றும் மேலாண்மை நிறுவனங்களின் திறனை வலுப்படுத்துதல்.",
               "schemeDesc":"தேசிய நீர்வளவியல் திட்டம் (என்.எச்.பி) மற்றும் தேசிய அளவிலான நீர் வள தரவுகளின் களஞ்சியமாக தேசிய நீர் தகவல் மையத்தை (என்.டபிள்யூ.ஐ.சி) நிறுவுதல் ஆகியவற்றை உள்ளடக்கிய மத்திய துறை திட்டமாக 2016 ஆம் ஆண்டில் அமைச்சரவையால் தேசிய நீர்நிலை திட்டம் அங்கீகரிக்கப்பட்டது. செயலாளர், MoWR, RD & GR இன் ஒட்டுமொத்த கட்டுப்பாட்டின் கீழ் போதுமான நிர்வாக மற்றும் நிதி அதிகாரங்களைக் கொண்ட ஒரு சுயாதீன அமைப்பாக NWIC கருதப்படுகிறது. இது ஒரு மத்திய துறை திட்டமாகும், இது மாநிலங்களுக்கு 100% மானியம் அளிக்கிறது. பட்ஜெட் செலவு: சுமார் ரூ .3,640 கோடி, உலக வங்கி உதவியுடன் திட்ட செலவில் 50%. காலக்கெடு: 2016-17 முதல் 2023-24 வரை 8 ஆண்டுகள் லீட் ஏஜென்சி: ஜல் சக்தி அமைச்சகம், நீர்வளத் துறை, நதி மேம்பாடு மற்றும் கங்கா புத்துணர்ச்சி. திட்ட கூறுகள்: நீர்வள கண்காணிப்பு அமைப்புகள், நீர்வள தகவல் அமைப்புகள், நீர்வள செயல்பாடுகள் மற்றும் திட்டமிடல் அமைப்புகள், நிறுவன திறன் மேம்பாடு. இந்த திட்டத்தின் சாத்தியமான வெளியீடுகள் பின்வருமாறு: NWIC சரியான தரவு சேமிப்பு, பரிமாற்றம், பகுப்பாய்வு மற்றும் நீர்வளவியல் பரப்புதலுக்கு வழிவகுக்கும். வெள்ள முன்னறிவிப்பின் நேரத்தை 1 நாளிலிருந்து 3 நாள் முன்கூட்டியே அதிகரிக்கவும். பேரழிவு மேலாண்மைக்கு வெள்ளத்தால் பாதிக்கப்பட்ட பகுதிகளின் வரைபடம். நதிப் படுகையில் நீர் மேற்பரப்பு மற்றும் தரை இரண்டையும் மதிப்பீடு செய்தல். பருவகால மகசூல் முன்னறிவிப்பு, வறட்சி மேலாண்மை மற்றும் SCADA {மேற்பார்வை கட்டுப்பாடு மற்றும் தரவு கையகப்படுத்தல் through மூலம் நீர்த்தேக்க நடவடிக்கைகள். மேற்பரப்பு மற்றும் நிலத்தடி நீர் கட்டமைப்புகள், நீர் மின் அலகுகள், ஆறுகள், ஸ்மார்ட் நகரங்கள் மற்றும் டிஜிட்டல் இந்தியாவை இணைத்தல்.",
               "schemeEligiiblity":"இந்த திட்டத்தில் நேரடி பயனாளிகளின் இரண்டு குழுக்கள் உள்ளன: மத்திய மற்றும் மாநில செயல்படுத்தும் முகவர் (ஐஏக்கள்) மேற்பரப்பு நீர் மற்றும் / அல்லது நிலத்தடி நீர் திட்டமிடல் மற்றும் நிர்வாகத்திற்கு பொறுப்பானவை, இதில் நதி படுகை அமைப்புகள் (ஆர்.பி.ஓக்கள்) மற்றும் பல்வேறு துறைகளிலும் உலகெங்கிலும் உள்ள WRIS இன் பயனர்கள். இறுதி பயனாளிகள் தேர்ந்தெடுக்கப்பட்ட பண்ணை சமூகங்களாக இருப்பார்கள், அவை நீர் மேலாண்மைக்கான பைலட் திட்டங்களால் பயனடைந்தன; கிராமப்புற மற்றும் நகர்ப்புற நீர் மற்றும் மின் பயனர்கள்; வெள்ளம் மற்றும் வறட்சியால் பாதிக்கப்பட்ட மக்கள், குறிப்பாக ஏழை கிராமப்புற மக்கள் மற்றும் மேம்பட்ட நீர்ப்பாசன நீர் வழங்கல் மற்றும் நிர்வாகத்தால் பயனடையக்கூடிய பண்ணை குடும்பங்கள்; எரிசக்தி, உள்நாட்டு நீர்வழிகள், சுற்றுச்சூழல் மற்றும் விவசாய அமைச்சகங்களில் பங்குதாரர்கள்; ஆராய்ச்சி மற்றும் கல்வி நிறுவனங்கள்; மாணவர்கள் மற்றும் ஆராய்ச்சியாளர்கள்; மற்றும் அரசு சாரா நிறுவனங்கள், சிவில் சமூக அமைப்புகள் மற்றும் தனியார் துறை.",
               "schemeTargetGroup":"NIL",
               "schemeMiscDetails":"வெள்ளத்தை முன்னறிவிப்பதற்கான திறனை மேம்படுத்துவதற்கும், தொடர்ச்சியான வெள்ளம் மற்றும் வறட்சிக்கு பாதிப்பைக் குறைப்பதற்கும் இந்தியாவின் லட்சிய தேசிய நீர்நிலை திட்டத்திற்கு உலக வங்கி 5 175 மில்லியனை அங்கீகரித்துள்ளது. 23 ஆண்டு முதிர்ச்சியுடன் இந்த கடன் சர்வதேச புனரமைப்பு மற்றும் மேம்பாட்டு வங்கியிலிருந்து (ஐபிஆர்டி) வழங்கப்பட்டுள்ளது. இது ஆறு வருட கால அவகாசத்தையும் கொண்டுள்ளது, அதில் வட்டி செலுத்த வேண்டியதில்லை.",
               "schemeDepartments":"நீர்வளத் துறை, நதி மேம்பாடு மற்றும் கங்கா புத்துணர்ச்சி"
            },
            {
               "schemeUiId":"M_0040_S_0010",
               "schemeName":"அணை மறுவாழ்வு மற்றும் மேம்பாட்டு திட்டம் (டிரிப்)",
               "schemeObj":"துன்பத்தை அனுபவிக்கும் நாட்டில் பழைய அணைகளின் மறுவாழ்வு மற்றும் அவற்றின் கட்டமைப்பு பாதுகாப்பு மற்றும் செயல்பாட்டு செயல்திறனை உறுதி செய்வதில் கவனம் தேவை. இந்த பகுதியில் நிறுவன திறன் மற்றும் திட்ட நிர்வாகத்தை வலுப்படுத்துதல். அணை பாதுகாப்பு பிரச்சினைகள் குறித்து அதிக விழிப்புணர்வைக் கொண்டுவருதல் மற்றும் உலகெங்கிலும் கிடைக்கும் சிறந்த அறிவு, தொழில்நுட்பங்கள் மற்றும் அனுபவங்களைத் திரட்டுவதன் மூலம் அவற்றைத் தீர்க்க புதிய தீர்வுகளைக் கண்டறிதல்.",
               "schemeDesc":"உலக வங்கியின் உதவியுடன் நீர்வளம், நதி அபிவிருத்தி மற்றும் கங்கா புத்துணர்ச்சி அமைச்சகத்தின் (இப்போது ஜல் சக்தி அமைச்சகம்) கீழ் மத்திய நீர் ஆணையம் (சி.டபிள்யூ.சி) இந்த திட்டத்தை 2012 இல் தொடங்கியது. கேரளா, மத்தியப் பிரதேசம், ஒடிசா மற்றும் தமிழ்நாடு ஆகிய நான்கு மாநிலங்களில் 223 அணைத் திட்டங்களை மறுவாழ்வு மற்றும் மேம்படுத்த இந்த திட்டம் முதலில் திட்டமிட்டது. பின்னர் கர்நாடகா, உத்தரகண்ட் (யு.ஜே.வி.என்.எல்) மற்றும் தாமோதர் வேலி கார்ப்பரேஷன் (டி.வி.சி) ஆகியவை டி.ஆர்.ஐ.பி. இத்திட்டத்திற்கான நிதி முறை உலக வங்கி கடனில் இருந்து 80% (50% ஐடிஏ கடன் மற்றும் 50% ஐபிஆர்டி கடன்) மற்றும் மாநில / மத்திய அரசின் பட்ஜெட் ஆதரவிலிருந்து 20% ஆகும். மொத்த மதிப்பீட்டில் ரூ. 2100 கோடி உலக வங்கி, டிரிப் மாநிலங்கள் மற்றும் மையத்தின் பங்கு ரூ. 1680 கோடி, ரூ. 393.60 கோடி மற்றும் ரூ. 26.40 கோடி. அடையாளம் காணப்பட்ட அணைகளின் மறுவாழ்வு மற்றும் மேம்பாட்டுக்கான கட்டமைப்பு மற்றும் கட்டமைப்பு அல்லாத நடவடிக்கைகள் தவிர, பங்கேற்கும் மாநிலங்களில் உள்ள அனைத்து பெரிய அணைகளையும் பாதுகாப்பாக செயல்படுத்துவதற்கும் பராமரிப்பதற்கும் பொருத்தமான நிறுவன வழிமுறைகளை உருவாக்குவது திட்டத்தின் நோக்கத்தில் அடங்கும். கூடுதலாக, தேசிய அளவிலான அணை பாதுகாப்பு கண்காணிப்பு மற்றும் வழிகாட்டுதலுக்கான நிறுவன அமைப்பை வலுப்படுத்துவது மத்திய நீர் ஆணையத்தில் மேற்கொள்ளப்படும். இந்த திட்டம் ஏப்ரல் 18, 2012 முதல் நடைமுறைக்கு வந்துள்ளது, மேலும் இது ஆறு - ஆண்டுகளில் செயல்படுத்தப்படும். டிரிப்பின் மேலதிக முன்னேற்றத்தை தேசிய அளவிலான வழிநடத்தல் குழு (என்.எல்.எஸ்.சி) கண்காணித்து வருகிறது. இதுவரை, அணை மறுவாழ்வு மற்றும் மேம்பாட்டு திட்டத்திற்கான தேசிய அளவிலான வழிநடத்தல் குழுவின் (டி.ஆர்.ஐ.பி) ஐந்து கூட்டங்கள் 2015 மே 1, 29 ஜூலை, 2015 11 ஏப்ரல், 2016, 4 ஆகஸ்ட் 2016 மற்றும் 12 ஜனவரி 2017 ஆகிய தேதிகளில் நடைபெற்றன. மேலும் இது முன்மொழியப்பட்டது டி.ஆர்.ஐ.பியின் சில முக்கியமான நடவடிக்கைகளில் எதிர்பார்க்கப்படும் சிக்கல்களைக் கருத்தில் கொண்டு இரண்டு ஆண்டு காலத்திற்கு அதாவது ஜூன் 2020 வரை நீட்டிக்கவும்.",
               "schemeEligiiblity":"முதன்மை பயனாளிகள், நகர்ப்புற மற்றும் கிராமப்புற சமூகங்கள், தங்கள் நீர் வழங்கல் மற்றும் வாழ்வாதாரத்திற்காக நீர்த்தேக்கங்களை நம்பியுள்ளன, அத்துடன் 223 அணைகளின் அனைத்து கீழ்நிலை சமூகங்களும் அணை பாதுகாப்பு சமரசம் செய்யப்பட்டால் உடல் மற்றும் / அல்லது செயல்பாட்டு ஆபத்தில் வைக்கப்படலாம்.",
               "schemeTargetGroup":"NIL",
               "schemeMiscDetails":"செயலாளர் (MoWR, RD&GR) 23 மாநிலங்களை முன்மொழியப்பட்ட DRIP-II இல் சேர அழைப்பு விடுத்தார், அனைத்து பெரிய உயர் அணைகளையும் உள்ளடக்குவதற்கும், குறிப்பிட்ட பகுதிவாசிகளின் பாதுகாப்பை உறுதி செய்வதற்கும், சுமார் 400 பெரிய அணைகளை உள்ளடக்குவதற்கு முன்மொழியப்பட்டது DRIP-II இன் கீழ் தோராயமாக ரூ. 7000-8000 கோடி.",
               "schemeDepartments":"நீர்வளத் துறை, நதி மேம்பாடு மற்றும் கங்கா புத்துணர்ச்சி"
            },
            {
               "schemeUiId":"M_0040_S_0011",
               "schemeName":"அதுல் பூஜால் யோஜனா - தேசிய நிலத்தடி நீர் மேலாண்மை மேம்பாட்டு திட்டம்",
               "schemeObj":"இந்த திட்டம், மற்றவற்றுடன், நீர்நிலைகளை ரீசார்ஜ் செய்வதை மேம்படுத்துவதோடு, நீர் பாதுகாப்பு நடைமுறைகளையும் அறிமுகப்படுத்தும்; நீர் அறுவடை, நீர் மேலாண்மை மற்றும் பயிர் சீரமைப்பு தொடர்பான நடவடிக்கைகளை ஊக்குவித்தல்; நிலையான நிலத்தடி நீர் மேலாண்மைக்கு ஒரு நிறுவன கட்டமைப்பை உருவாக்குதல்; மற்றும் நிலத்தடி நீரை நிலையான முறையில் நிர்வகிக்க சமூகங்கள் மற்றும் பங்குதாரர்களை சித்தப்படுத்துதல்.",
               "schemeDesc":"பிரதமர் திரு நரேந்திர மோடி அதுல் பூஜல் யோஜனா (ATAL JAL) என்ற புதிய திட்டத்தை அறிவித்துள்ளார். முன்னாள் பிரதமர் திரு அடல் பிஹாரி வாஜ்பாயின் 95 வது பிறந்த நாள் விழாவில். முன்னாள் பிரதமர் திரு அடல் பிஹாரி வாஜ்பாயின் பிறந்த நாள் விழாவில் இந்த உத்தி தொடங்கப்பட்டது. ஏழு வெவ்வேறு நாடுகளில் உள்ள 8350 கிராமங்களுக்கு கூடுதலாக அடல் டன்னல் என்று அழைக்கப்பட்டது, இந்த மூலோபாயம் சாதகமானது. ATAL JAL இரண்டு முக்கிய கூறுகளைக் கொண்டுள்ளது: மேம்பட்ட நிலத்தடி நீர் மேலாண்மை நடைமுறைகளில் சாதனைகளுக்கு மாநிலங்களை ஊக்குவிப்பதற்கான நிறுவன வலுவூட்டல் மற்றும் திறன் மேம்பாட்டு கூறு மற்றும் ஊக்கக் கூறு. அடல் பூஜல் யோஜனாவின் நன்மைகள்: இந்த திட்டம் எதிர்காலத்தில் தேசத்தின் அவசரநிலைகளுக்கு உதவும். நாட்டின் ஒவ்வொரு வீட்டிலும் நீர் விநியோகத்தை வழங்க இந்த மூலோபாயம் உதவியாக இருக்கும். இந்தத் திட்டம் தண்ணீரைப் பெறுவதற்கான வேகத்தைக் குறைக்க உதவும். அனுமதிக்கப்பட்ட வரம்பை விட நிலத்தடி நீர் கணிசமாகக் குறைவாக இருந்தால், மூலோபாயம் அந்த பகுதிகளுக்கு குறிப்பிட்ட கவனம் செலுத்தும். தற்போது, இந்த மூலோபாயம் நாட்டின் 7 மாநிலங்களில் தொடங்கப்படுகிறது, அதன் பிறகுதான் மற்ற நாடுகளுக்கான திட்டம் தொடரும்.",
               "schemeEligiiblity":"NIL",
               "schemeTargetGroup":"இந்த திட்டம் நிலத்தடி நீரின் அளவை மேம்படுத்துவதில் கவனம் செலுத்துகிறது மற்றும் முன்மொழியப்பட்ட நடவடிக்கைகளை செயல்படுத்த தேர்ந்தெடுக்கப்பட்ட மாநிலங்களை ஊக்குவிக்கும்.",
               "schemeMiscDetails":"மத்திய நிலத்தடி நீர் வாரியத்தின் கூற்றுப்படி, நாட்டின் 6584 தொகுதிகளில் 1034 தொகுதிகள் அதிகமாக சுரண்டப்பட்டுள்ளன. இதில் ஹரியானாவின் 64 தொகுதிகள், கர்நாடகாவிலிருந்து 43, பஞ்சாபிலிருந்து 105, ராஜஸ்தானிலிருந்து 164, தமிழ்நாட்டிலிருந்து 358 மற்றும் கர்நாடகாவைச் சேர்ந்த 113 தொகுதிகள் அடங்கும். இந்த திட்டம் அடுத்த ஐந்து ஆண்டுகளில் 78 மாவட்டங்கள், 193 தொகுதிகள் மற்றும் 8,350 கிராம் பஞ்சாயத்துகளில் செயல்படுத்தப்படும்.",
               "schemeDepartments":"நீர்வளத் துறை, நதி மேம்பாடு மற்றும் கங்கா புத்துணர்ச்சி"
            },
            {
               "schemeUiId":"M_0040_S_0012",
               "schemeName":"ஸ்வச்ச பாரத் மிஷன் (கிராமன்)",
               "schemeObj":"கிராமப்புறங்களில் பொதுவான வாழ்க்கைத் தரத்தில் முன்னேற்றம் காணுங்கள். ஸ்வாச் பாரதத்தின் பார்வையை 2019 க்குள் அடைய கிராமப்புறங்களில் துப்புரவுப் பணிகளை விரைவுபடுத்துங்கள். நாட்டின் அனைத்து கிராம பஞ்சாயத்துகளும் நிர்மல் அந்தஸ்தை அடைகின்றன. விழிப்புணர்வு உருவாக்கம் மற்றும் சுகாதார கல்வி மூலம் நிலையான சுகாதார வசதிகளை ஊக்குவிக்கும் சமூகங்கள் மற்றும் பஞ்சாயத்து ராஜ் நிறுவனங்களை ஊக்குவிக்கவும். சுற்றுச்சூழல் ரீதியாக பாதுகாப்பான மற்றும் நிலையான சுகாதாரத்திற்கான செலவு குறைந்த மற்றும் பொருத்தமான தொழில்நுட்பங்களை ஊக்குவிக்கவும். கிராமப்புறங்களில் ஒட்டுமொத்த தூய்மைக்காக திட மற்றும் திரவ கழிவு நிர்வாகத்தை மையமாகக் கொண்ட சமூக நிர்வகிக்கப்பட்ட சுற்றுச்சூழல் சுகாதார அமைப்புகளை உருவாக்குதல்.",
               "schemeDesc":"உலகளாவிய துப்புரவுப் பாதுகாப்பை அடைவதற்கான முயற்சிகளை விரைவுபடுத்துவதற்கும், பாதுகாப்பான சுகாதாரத்தில் கவனம் செலுத்துவதற்கும், இந்தியப் பிரதமர் 2014 அக்டோபர் 2 ஆம் தேதி ஸ்வச் பாரத் மிஷனைத் தொடங்கினார். திட மற்றும் திரவ கழிவு மேலாண்மை மூலம் கிராமப்புறங்களில் தூய்மையின் அளவை மேம்படுத்த இது முயல்கிறது. நடவடிக்கைகள் மற்றும் கிராம பஞ்சாயத்துகளை திறந்த மலம் கழித்தல் இலவசம் (ODF), சுத்தமாகவும் சுத்தமாகவும் செய்யுங்கள். கிராமப்புற இந்தியாவில் கழிவுப்பொருட்களை உயிர் உரங்கள் மற்றும் பல்வேறு வகையான ஆற்றல் வடிவங்களில் மாற்ற தொழில்நுட்பம் பெரிய அளவில் பயன்படுத்தப்படும். எஸ்.பி.எம்-ஜி செயல்படுத்துவதற்கான முக்கிய கூறுகள் பின்வருமாறு: (i) மாநிலத் திட்டங்களைத் தயாரித்தல், (ii) ஐ.இ.சி நடவடிக்கைகள், (iii) செயல்பாட்டாளர்களின் திறன் மேம்பாடு, (iv) வீட்டு கழிப்பறைகளை நிர்மாணித்தல், (v) சமுதாய சுகாதார வளாகங்களை நிர்மாணித்தல், (vi) சுய உதவிக்குழுக்கள் மற்றும் பிறருக்கு தங்கள் உறுப்பினர்களுக்கு மலிவான நிதி வழங்குவதில் மாவட்ட மட்டத்தில் ஒரு சுழலும் நிதி (vii) கிராமப்புற சுகாதார மார்ட்டுகளுக்கான நிதி, அங்கு கழிப்பறைகள் கட்டுவதற்கான பொருட்கள் போன்றவை. திட மற்றும் திரவ கழிவு மேலாண்மைக்கான நிதி (viii) வாங்கப்படலாம். எஸ்.பி.எம்-ஜி இன் கீழ், அரசு பள்ளிகள் மற்றும் அகன்வாடிஸில் கழிப்பறைகளை நிர்மாணிப்பது முறையே மனித வள மேம்பாட்டு அமைச்சகம் மற்றும் பெண்கள் மற்றும் குழந்தைகள் மேம்பாட்டு அமைச்சகம் ஆகியவை செய்யும். முன்னதாக, குடிநீர் மற்றும் சுகாதார அமைச்சகம் இதற்கு காரணமாக இருந்தது. இந்த முயற்சியில் நாட்டின் ஒவ்வொரு கிராம பஞ்சாயத்து, பஞ்சாயத்து சமிதி மற்றும் ஜிலா பரிஷத் ஆகியவற்றின் ஈடுபாட்டுடன் போர்க்காலத்தில் இந்த பணி செயல்படுத்தப்பட உள்ளது, மேலும் கிராமப்புற மக்கள் மற்றும் பள்ளி ஆசிரியர்கள் மற்றும் மாணவர்கள் இந்த முயற்சியில் ஈடுபடுகிறார்கள்.",
               "schemeEligiiblity":"தனிநபர் வீட்டு கழிவறைகளை (ஐ.எச்.எச்.எல்) நிர்மாணிப்பதற்கான மிஷனின் கீழ் வழங்கப்படும் ஊக்கத்தொகை வறுமைக் கோட்டுக்கு கீழே உள்ள அனைத்து நிறுவனங்களுக்கும் (பிபிஎல்) குடும்பங்கள் மற்றும் வறுமைக் கோட்டுக்கு மேலே (ஏபிஎல்) எஸ்சி / எஸ்டி, சிறு மற்றும் குறு விவசாயிகள், நிலமற்ற தொழிலாளர்கள் வீட்டுவசதி, உடல் ஊனமுற்றோர் மற்றும் பெண்கள் குடும்பங்களுக்கு தலைமை தாங்குகிறார்கள்.",
               "schemeTargetGroup":"NIL",
               "schemeMiscDetails":"இந்த பணியின் கீழ், நாட்டில் சுமார் 11 கோடி 11 லட்சம் கழிப்பறைகள் கட்ட ஒரு லட்சத்து முப்பத்து நான்காயிரம் கோடி ரூபாய் செலவிடப்படும். எஸ்.பி.எம். கழிப்பறை. ஐ.எச்.எச்.எல் நிறுவனங்களுக்கான இந்த ஊக்கத்தின் மத்திய பங்கு ஸ்வச் பாரத் மிஷனில் (கிராமின்) ரூ .9,000 / - (75%) ஆக இருக்கும். மாநில பங்கு ரூ .3,000 / - (25%) ஆக இருக்கும். வடகிழக்கு மாநிலம் மற்றும் சிறப்பு வகை மாநிலங்களுக்கு மத்திய பங்கு ரூ. 10,800 / - மற்றும் மாநில பங்கு ரூ .1,200 / - (90%: 10%).",
               "schemeDepartments":"குடிநீர் மற்றும் சுகாதாரத் துறை"
            },
            {
               "schemeUiId":"M_0040_S_0013",
               "schemeName":"தேசிய கிராமப்புற குடிநீர் திட்டம்",
               "schemeObj":"கிராமப்புற இந்தியாவில் நிரந்தர குடிநீர் பாதுகாப்பை உறுதி செய்தல். தற்போதுள்ள குடிநீர் ஆதாரங்களை மேம்படுத்த / அதிகரிக்க கிராம அளவிலான நீர் பாதுகாப்பை உறுதி செய்வதற்கான நடவடிக்கைகளை அமுல்படுத்துதல், நிலத்தடி நீரின் ஒருங்கிணைந்த பயன்பாடு, மேற்பரப்பு நீர் மற்றும் மழைநீர் சேகரிப்பு. வழங்கல் மற்றும் நுகர்வு புள்ளிகளில் நிர்ணயிக்கப்பட்ட தரத்தின்படி தரமான நீரின் முழு வடிவமைப்பு காலத்திற்கும் சேவை வழங்கல். பரவலாக்கப்பட்ட நீர் வழங்கல் அமைப்பு சாத்தியத்தைத் திட்டமிடுவதற்கான அடிப்படை; நம்பகத்தன்மை; நிலைத்தன்மை; வசதி; பங்கு; மற்றும் நுகர்வோர் விருப்பம். குடிநீர் ஆதாரங்களை கண்காணிக்கவும் பராமரிக்கவும் சமூகங்களுக்கு உதவுகிறது. அனைத்து அங்கன்வாடி மற்றும் கிராமத்தின் பள்ளிகளும் பாதுகாப்பான குடிநீரை அணுக வேண்டும். பி.ஆர்.ஐ.க்களுக்கு சூழலை இயக்குவது மற்றும் சமூகத்தால் உள்ளூர் மூலங்களை நிர்வகித்தல். ஆன்லைன் அறிக்கையிடல் பொறிமுறையின் மூலம் தகவலுக்கான அணுகலை வழங்குதல்; வெளிப்படைத்தன்மை, பொறுப்புக்கூறல் மற்றும் தகவல் முடிவெடுக்கும் பொது களத்தில் தகவல்.",
               "schemeDesc":"இந்தியாவின் கம்ப்ரோலர் மற்றும் ஆடிட்டர் ஜெனரல் (சிஏஜி) ஆகஸ்ட் 7, 2018 அன்று 'தேசிய கிராமப்புற குடிநீர் திட்டம்' குறித்த அறிக்கையை சமர்ப்பித்தது. தேசிய கிராமப்புற குடிநீர் திட்டம் (என்.ஆர்.டி.டபிள்யூ.பி) 2009 இல் தொடங்கப்பட்டது. இது குடிப்பதற்கு பாதுகாப்பான மற்றும் போதுமான தண்ணீரை வழங்குவதை நோக்கமாகக் கொண்டுள்ளது , ஒவ்வொரு கிராமப்புற மக்களுக்கும் ஒரு நிலையான அடிப்படையில் சமையல் மற்றும் பிற உள்நாட்டு தேவைகள். இந்தியாவில் ஒரு நபருக்கு ஆண்டுக்கு சுமார் 1000 மீ 3 பயன்படுத்தக்கூடிய நீர் உள்ளது. ஆண்டுதோறும் சுமார் 37.7 மில்லியன் இந்தியர்கள் நீரினால் பரவும் நோய்களால் பாதிக்கப்படுகின்றனர்: 1.5 மில்லியன் குழந்தைகள் வயிற்றுப்போக்கால் மட்டுமே இறப்பதாக மதிப்பிடப்பட்டுள்ளது, ஒவ்வொரு ஆண்டும் 73 மில்லியன் வேலை நாட்கள் நீரினால் பரவும் நோயால் இழக்கப்படுகின்றன, இதன் விளைவாக பொருளாதார சுமை ஆண்டுக்கு 600 மில்லியன் டாலர் என மதிப்பிடப்பட்டுள்ளது. தேசிய மாதிரி கணக்கெடுப்பின் (என்எஸ்எஸ்) ரிமோட் சென்சிங் தரவு, நாட்டின் நீர்ப்பாசனப் பகுதியில் 75 முதல் 80 சதவீதம் வரை நிலத்தடி நீர் கிணறுகளால் சேவை செய்யப்படுவதாகக் கூறுகிறது. இது பல பகுதிகளில் நிலத்தடி நீர் அட்டவணையை குறைத்துவிட்டது. ஆதரவு). 2012-17 க்கு இடையில், மொத்தம் ரூ .89,956 கோடி (மத்திய பங்கு 43,691 கோடி மற்றும் மாநில பங்கு ரூ .46,265 கோடி) வழங்கப்பட்டது. இதில், இந்த காலகட்டத்தில் ரூ .81,168 கோடி (90%) செலவிடப்பட்டது. மத்திய ஒதுக்கீடு குறைக்கப்பட்டதாலும், மாநிலங்களின் சொந்த நிதி உறுதிப்பாட்டை அதிகரிக்க முடியாமலும் இருந்ததால் 2013-14 மற்றும் 2016-17 ஆம் ஆண்டுகளில் நிதி கிடைப்பது குறைந்தது. மாநிலங்களில் நோடல் / செயல்படுத்தும் நிறுவனங்களுக்கு மத்திய பங்கை வெளியிடுவதில் 15 மாதங்களுக்கும் மேலாக தாமதங்கள் இருப்பதாக சிஏஜி குறிப்பிட்டது. வளங்களின் ஒதுக்கீடு மாறும் மற்றும் திட்டத்தின் ஒவ்வொரு கூறுகளின் கீழும் தேவைகள் மற்றும் சாதனைகள் பற்றிய தெளிவான மதிப்பீட்டின் அடிப்படையில் இருக்க வேண்டும் என்று அது பரிந்துரைத்தது.",
               "schemeEligiiblity":"NIL",
               "schemeTargetGroup":"முதன்மை இலக்கு குழு: விழிப்புணர்வை உருவாக்குதல், சிக்கல்களின் சுயவிவரத்தை உயர்த்துவது மற்றும் அவற்றைத் தீர்ப்பதில் மக்களை ஈடுபடுத்துதல் - கிராமப்புற சமூகம், பள்ளிக்குச் செல்லும் குழந்தைகள் மற்றும் இளைஞர்கள், பஞ்சாயத்து உறுப்பினர்கள் மற்றும் கிராம பெரியவர்கள் / சமூகத் தலைவர்கள். இரண்டாம் நிலை இலக்கு குழு: பிற முக்கிய பங்குதாரர்கள் மற்றும் செல்வாக்கு செலுத்துபவர்கள் (திட்ட மேலாளர்கள், மாவட்ட அதிகாரிகள், முதலியன).",
               "schemeMiscDetails":"திட்டத்தின் இலக்கு: கிராமப்புற வீடுகளில் 35% நீர் இணைப்புகள் மற்றும் 40 லிட்டர் - சுமார் இரண்டு வாளிகள் - ஒரு நபருக்கு ஒரு நாளைக்கு தண்ணீர் வழங்குதல். அந்த இலக்கை பாதிக்கும் குறைவாகவே அடைந்தது, “மோசமான மரணதண்டனை” மற்றும் “பலவீனமான ஒப்பந்த மேலாண்மை” ஆகியவற்றிற்கு நன்றி என்று கம்ப்ரோலர் மற்றும் ஆடிட்டர் ஜெனரலின் (சிஏஜி) தணிக்கை அறிக்கை தெரிவித்துள்ளது.",
               "schemeDepartments":"குடிநீர் மற்றும் சுகாதாரத் துறை"
            },
            {
               "schemeUiId":"M_0040_S_0014",
               "schemeName":"சின்னமான இடம்",
               "schemeObj":"சின்னமான இடங்களையும் அவற்றின் சுற்றுப்புறங்களையும் ஸ்வச்சட்டாவின் உயர் தரத்திற்கு கொண்டு செல்ல இலக்கு வைத்துள்ளது, இதனால் அனைத்து பார்வையாளர்களும் பயனடைவார்கள், மேலும் தூய்மைச் செய்தியை வீட்டிற்கு எடுத்துச் செல்கிறார்கள்.",
               "schemeDesc":"ஸ்வச் சின்ன இடங்கள் ஸ்வச் பாரத் மிஷனின் கீழ் ஒரு முயற்சி. இது நாட்டின் தேர்ந்தெடுக்கப்பட்ட சின்னமான பாரம்பரியம், ஆன்மீக மற்றும் கலாச்சார இடங்களை மையமாகக் கொண்ட ஒரு சிறப்பு தூய்மைப்படுத்தும் முயற்சியாகும். நகர்ப்புற மேம்பாட்டு அமைச்சகம், கலாச்சார அமைச்சகம், சுற்றுலா அமைச்சகம் மற்றும் சம்பந்தப்பட்ட மாநில அரசுகளுடன் இணைந்து குடிநீர் மற்றும் சுகாதார அமைச்சினால் இந்த முயற்சி ஒருங்கிணைக்கப்படுகிறது. கட்டம் I: சின்னமான இடங்களின் கவரேஜ் 2016 இல் தொடங்கப்பட்டது: வைஷ்ணோ தேவி, ஜம்மு-காஷ்மீர். சத்ரபதி சிவாஜி டெர்மினஸ், மகாராஷ்டிரா. தாஜ்மஹால், உத்தரபிரதேசம். திருப்பதி கோயில், ஆந்திரா. கோல்டன் கோயில், பஞ்சாப். மணிகர்னிகா காட், வாரணாசி, உத்தரபிரதேசம். அஜ்மீர் ஷெரீப் தர்கா, ராஜஸ்தான். மீனாட்சி கோயில், தமிழ்நாடு. காமக்கியா கோயில், அசாம். ஜெகந்நாத் பூரி, ஒடிசா. இரண்டாம் கட்டம்: சின்னமான இடங்களின் II கவரேஜ் 2017 இல் தொடங்கப்பட்டது: கங்கோத்ரி. யமுனோத்ரி. மகாகலேஷ்வர் கோயில், உஜ்ஜைன். சார் மினார், ஹைதராபாத். கோவாவின் செயின்ட் பிரான்சிஸ் தேவாலயம் மற்றும் கான்வென்ட். எர்ணாகுளத்தில் ஆதி சங்கராச்சாரியாரின் தங்குமிடம் கலாடி. ஷ்ரவன்பெல்கோலாவில் கோமதேஸ்வர். பைஜ்நாத் தாம், தேவ்கர். பீகாரில் கயா தீர்த்தம். குஜராத்தில் உள்ள சோம்நாத் கோயில். மூன்றாம் கட்டம்: 2018 கவரேஜ் சின்னமான இடங்களில் தொடங்கப்பட்டது: ராகவேந்திர சுவாமி கோயில் (கர்னூல், ஆந்திரா). ஹசர்த்வாரி அரண்மனை (முர்ஷிதாபாத், மேற்கு வங்கம்). பிரம்மா சரோவர் கோயில் (குருக்ஷேத்ரா, ஹரியானா). விதுர்குட்டி (பிஜ்னோர், உத்தரபிரதேசம்). மன கிராமம் (சாமோலி, உத்தரகண்ட்). பாங்கோங் ஏரி (லே-லடாக், ஜே & கே). நாகவ்சுகி கோயில் (அலகாபாத், உத்தரபிரதேசம்). இமகீதால் / சந்தை (இம்பால், மணிப்பூர்). சபரிமலை கோயில் (கேரளா). கன்வாஷ்ரம் (உத்தரகண்ட்).",
               "schemeEligiiblity":"NIL",
               "schemeTargetGroup":"இந்த இடங்களில் (ஆன்மீக இடங்கள்) தூய்மை நிலைமைகளை ஒரு தெளிவான உயர் மட்டத்திற்கு மேம்படுத்துவதே முன்முயற்சியின் இலக்கு.",
               "schemeMiscDetails":"சமூக ஊறவைக்கும் குழிகள், உரம் குழிகள், கரிம மற்றும் கனிம கழிவுகளை பிரிக்கும் மையம் மற்றும் திரவ கழிவுகளுக்கான நாலிஸ் உள்ளிட்ட நான்கு முக்கிய திட மற்றும் திரவ கழிவு மேலாண்மை நடவடிக்கைகளை அமைச்சகம் மன கிராமத்தில் துவக்கியது. 26.87 லட்சம்.",
               "schemeDepartments":"குடிநீர் மற்றும் சுகாதாரத் துறை"
            },
         ]
      },
         ]
      },
   