{
   "ListOfMinistries":[
      {
         "ministryId":29,
         "ministryName":"MINISTRY OF LABOUR AND EMPLOYMENT",
         "ministrySchemesList":[
            {
               "schemeUiId":"M_0029_S_001",
               "schemeName":"Deendayal Upadhyay Shramev Jayate Karyakram",
               "schemeObj":"To improve the labour laws, improve compliance and improve condition of labour",
               "schemeDesc":"Initiative for the development of industries and also aims to expand government support for imparting skill training to the workers",
               "schemeEligiiblity":"Nil",
               "schemeTargetGroup":"Nil",
               "schemeMiscDetails":" Shram Suvidha Portal for creating a conducive environment for industrial development; Labour Inspection; Recognition of Brand Ambassadors of Industrial Training Institutes (ITIs); All India Skill Competition; Apprenticeship Protsahan Yojna",
               "schemeDepartments":"Nil"
            },
            {
               "schemeUiId":"M_0029_S_002",
               "schemeName":"Pradhan Mantri Rojgar Protsahan Yojana",
               "schemeObj":"The main objective is to promote employment generation",
               "schemeDesc":"To incentivise employers for generation of new employment",
               "schemeEligiiblity":"For workers earning wages upto Rs. 15,000/- per month",
               "schemeTargetGroup":"Employers would be provided an incentive for enhancing employment by reimbursement of the 8.33% EPS contribution made by the employer in respect of new employment",
               "schemeMiscDetails":" Other benifits : Allotment of house-site and agricultural land,Land development; Provision of low cost dwelling units,Animal husbandry, dairy, poultry, piggery etc.; Wage employment, enforcement of minimum wages etc.; Collection and processing of minor forest products; Supply of essential commodities under targeted public distribution system; Education for children.",
               "schemeDepartments":"Nil"
            },
			
			 {
               "schemeUiId":"M_0029_S_003",
               "schemeName":"Rehabilitation of Bonded Labourers",
               "schemeObj":"The main objective is to provide protection to the freed bonded labourers from eviction from their homestead ",
               "schemeDesc":"Creation of a Bonded Labour Rehabilitation Fund at District level of atleast Rs. 10 lakhs.",
               "schemeEligiiblity":"Nil",
               "schemeTargetGroup":"Nil",
               "schemeMiscDetails":"Rs.1,00,000 per adult male beneficiary and  Rs 1,25,000/-  for forced child labour and women and 2 lakh for transgender and rehabilated child and women from sexual exploitation"schemeDepartments":"Nil"
			    "schemeDepartments":"Nil"
            },
			
			 {
               "schemeUiId":"M_0029_S_004",
               "schemeName":"National Child Labour Project",
               "schemeObj":"The main objective is to eliminate all forms of child labour",
               "schemeDesc":"withdrawal of all adolescent workers from Hazardous Occupations; Special schools and skill enhancement training; direct benefit transfer payment for rehabitated children",
               "schemeEligiiblity":"Focuses on all the child workers below the age of 14 in the target areas, adolescent workers below 18 years of age engaged in hazardous occupations and also on the families of the child workers in that specific target areas",
               "schemeTargetGroup":"Nil",
               "schemeMiscDetails":"Child Labour Monitoring,Tracking and Reporting System",
               "schemeDepartments":"District Project Society"
            },
			
			 {
               "schemeUiId":"M_0029_S_005",
               "schemeName":"Platform for Effective Enforcement for No Child Labour (PENCIL)Portal",
               "schemeObj":"To creation of a child labour free India",
               "schemeDesc":"Consists of a Child Tracking System and a Complaint corner.",
               "schemeEligiiblity":"Nil",
               "schemeTargetGroup":"Nil",
               "schemeMiscDetails":" For further details https://pencil.gov.in/",
               "schemeDepartments":"District Nodal Officers are nominated to take action on the complaints in districts"
            },
			
			 {
               "schemeUiId":"M_0029_S_006",
               "schemeName":"National Career service",
               "schemeObj":"To bridge the gap between job-seekers and employers",
               "schemeDesc":"Provide Counselling and guidance for career development and enhancing female labour force participation",
               "schemeEligiiblity":"Nil",
               "schemeTargetGroup":"Nil",
               "schemeMiscDetails":"NCS does not charge any fees for registration on the portal and its services",
               "schemeDepartments":"Nil"
            },
			
			 {
               "schemeUiId":"M_0029_S_007",
               "schemeName":"Atal Bimit Vyakti Kalyan Yojana",
               "schemeObj":"It aims to financially support those who lost their jobs or rendered jobless for whatsoever reasons due to changing employment pattern",
               "schemeDesc":"paid up to maximum 90 days of unemployment once in lifetime",
               "schemeEligiiblity":"Mainly to formal sector Insured Persons covered under the Employees’ State Insurance Act, 1948",
               "schemeTargetGroup":"Nil",
               "schemeMiscDetails":"The Insured Person should have been in insurable employment for a minimum period of two years.",
               "schemeDepartments":"Implemented by the Employees’ State Insurance Corporation (ESIC)"
            },
			 {
               "schemeUiId":"M_0029_S_008",
               "schemeName":"PM Shramyogi Maandhan Yojana",
               "schemeObj":"Pension to unorganized sector workers",
               "schemeDesc":"Rs 3000 per month after age of 60 years",
               "schemeEligiiblity":"Monthly income of up to Rs 15,000 and minimum 18 years of age to maximum 40 years and He/She should not be an income tax payer",
               "schemeTargetGroup":"Unorganized sector workers",
               "schemeMiscDetails":"If the subscriber dies , the spouse of the beneficiary shall be entitled to receive 50% of the pension",
               "schemeDepartments":"Nil"
            },
			
			{
               "schemeUiId":"M_0029_S_000",
               "schemeName":"SAMADHAN Portal",
               "schemeObj":"Software Application for Monitoring and Disposal,Handling of Industrial Disputes",
               "schemeDesc":"Web portal for conciliation, arbitration and adjudication of the industrial disputes and brings all stakeholders on single integrated platform",
               "schemeEligiiblity":"Nil",
               "schemeTargetGroup":"Nil",
               "schemeMiscDetails":"Nil",
               "schemeDepartments":"Nil"
            },
			
			
			
			
			
			
            
         ]
      },
         ]
      },

