{
   "ListOfMinistries":[
      {
         "ministryId":29,
         "ministryName":"லாபர் மற்றும் வேலைவாய்ப்பு அமைச்சகம்",
         "ministrySchemesList":[
            {
               "schemeUiId":"M_0029_S_001",
               "schemeName":"தீண்டயல் உபாத்யாய் ஷ்ரமேவ் ஜெயதே காரியக்ரம்",
               "schemeObj":"தொழிலாளர் சட்டங்களை மேம்படுத்த, இணக்கத்தை மேம்படுத்துதல் மற்றும் உழைப்பின் நிலையை மேம்படுத்துதல்",
               "schemeDesc":"தொழில்களின் வளர்ச்சிக்கான முன்முயற்சி மற்றும் தொழிலாளர்களுக்கு திறன் பயிற்சி அளிப்பதற்கான அரசாங்க ஆதரவை விரிவுபடுத்துவதையும் நோக்கமாகக் கொண்டுள்ளது",
               "schemeEligiiblity":"Nil",
               "schemeTargetGroup":"Nil",
               "schemeMiscDetails":"தொழில்துறை மேம்பாட்டுக்கு உகந்த சூழலை உருவாக்குவதற்காக ஷ்ரம் சுவிதா போர்ட்டல்; தொழிலாளர் ஆய்வு; தொழில்துறை பயிற்சி நிறுவனங்களின் (ஐ.டி.ஐ) பிராண்ட் தூதர்களை அங்கீகரித்தல்; அகில இந்திய திறன் போட்டி; பயிற்சி பெற்ற புரோட்சஹான் யோஜ்னா",
               "schemeDepartments":"Nil"
            },
            {
               "schemeUiId":"M_0029_S_002",
               "schemeName":"பிரதான் மந்திரி ரோஜ்கர் புரோட்சஹான் யோஜனா",
               "schemeObj":"வேலைவாய்ப்பை மேம்படுத்துவதே முக்கிய நோக்கம்",
               "schemeDesc":"புதிய வேலைவாய்ப்பை உருவாக்க முதலாளிகளை ஊக்குவித்தல்",
               "schemeEligiiblity":"மாதத்திற்கு ரூ .15,000 வரை ஊதியம் பெறும் தொழிலாளர்களுக்கு",
               "schemeTargetGroup":"புதிய வேலைவாய்ப்பு தொடர்பாக முதலாளி அளித்த 8.33% இபிஎஸ் பங்களிப்பை திருப்பிச் செலுத்துவதன் மூலம் வேலைவாய்ப்பை மேம்படுத்துவதற்கான ஊக்கத்தொகை முதலாளிகளுக்கு வழங்கப்படும்.",
               "schemeMiscDetails":"பிற பெனிஃபிட்கள்: வீடு-இடம் மற்றும் விவசாய நிலங்களை ஒதுக்குதல், நில மேம்பாடு; குறைந்த விலையில் வசிக்கும் அலகுகள், கால்நடை வளர்ப்பு, பால், கோழி, பன்றி போன்றவற்றை வழங்குதல்; ஊதிய வேலைவாய்ப்பு, குறைந்தபட்ச ஊதியத்தை அமல்படுத்துதல் போன்றவை; சிறு வனப் பொருட்களின் சேகரிப்பு மற்றும் செயலாக்கம்; இலக்கு வைக்கப்பட்ட பொது விநியோக முறையின் கீழ் அத்தியாவசிய பொருட்களின் வழங்கல்; குழந்தைகளுக்கான கல்வி.",
               "schemeDepartments":"Nil"
            },
			
			 {
               "schemeUiId":"M_0029_S_003",
               "schemeName":"பிணைக்கப்பட்ட தொழிலாளர்களின் மறுவாழ்வு",
               "schemeObj":"விடுவிக்கப்பட்ட பிணைக்கப்பட்ட தொழிலாளர்கள் தங்கள் வீட்டிலிருந்து வெளியேற்றப்படுவதிலிருந்து பாதுகாப்பை வழங்குவதே முக்கிய நோக்கம்",
               "schemeDesc":"மாவட்ட அளவில் குறைந்தபட்சம் ஒரு பிணைக்கப்பட்ட தொழிலாளர் மறுவாழ்வு நிதியை உருவாக்குதல் ரூ. 10 லட்சம்.",
               "schemeEligiiblity":"Nil",
               "schemeTargetGroup":"Nil",
               "schemeMiscDetails":"வயது வந்த ஆண் பயனாளிக்கு ரூ .1,00,000 மற்றும் கட்டாய குழந்தைத் தொழிலாளர்கள் மற்றும் பெண்களுக்கு ரூ .1,25,000 / - மற்றும் திருநங்கைகள் மற்றும் மறுவாழ்வு பெற்ற குழந்தை மற்றும் பெண்கள் பாலியல் சுரண்டலில் இருந்து 2 லட்சம்",
			    "schemeDepartments":"Nil"
            },
			
			 {
               "schemeUiId":"M_0029_S_004",
               "schemeName":"தேசிய குழந்தைத் தொழிலாளர் திட்டம்",
               "schemeObj":"அனைத்து வகையான குழந்தைத் தொழிலாளர்களையும் ஒழிப்பதே முக்கிய நோக்கம்",
               "schemeDesc":"அபாயகரமான தொழில்களில் இருந்து அனைத்து இளம் பருவ தொழிலாளர்களையும் திரும்பப் பெறுதல்; சிறப்பு பள்ளிகள் மற்றும் திறன் மேம்பாட்டு பயிற்சி; மறுவாழ்வு பெற்ற குழந்தைகளுக்கான நேரடி நன்மை பரிமாற்ற கட்டணம்",
               "schemeEligiiblity":"இலக்கு பகுதிகளில் 14 வயதிற்குட்பட்ட அனைத்து குழந்தை தொழிலாளர்கள், 18 வயதிற்குட்பட்ட இளம் பருவ தொழிலாளர்கள் அபாயகரமான தொழில்களில் ஈடுபட்டுள்ளனர் மற்றும் குறிப்பிட்ட இலக்கு பகுதிகளில் உள்ள குழந்தை தொழிலாளர்களின் குடும்பங்கள் மீதும் கவனம் செலுத்துகின்றனர்.",
               "schemeTargetGroup":"Nil",
               "schemeMiscDetails":"குழந்தை தொழிலாளர் கண்காணிப்பு, கண்காணிப்பு மற்றும் அறிக்கை முறை",
               "schemeDepartments":"மாவட்ட திட்ட சங்கம்"
            },
			
			 {
               "schemeUiId":"M_0029_S_005",
               "schemeName":"குழந்தைத் தொழிலாளர்கள் (பென்சில்) போர்ட்டலுக்கான பயனுள்ள அமலாக்கத்திற்கான தளம்",
               "schemeObj":"குழந்தைத் தொழிலாளர் இல்லாத இந்தியாவை உருவாக்குவதற்கு",
               "schemeDesc":"சிறுவர் கண்காணிப்பு அமைப்பு மற்றும் புகார் மூலையை உள்ளடக்கியது.",
               "schemeEligiiblity":"Nil",
               "schemeTargetGroup":"Nil",
               "schemeMiscDetails":"மேலும் விவரங்களுக்கு https://pencil.gov.in/",
               "schemeDepartments":"மாவட்டங்களில் உள்ள புகார்கள் குறித்து நடவடிக்கை எடுக்க மாவட்ட நோடல் அதிகாரிகள் பரிந்துரைக்கப்படுகிறார்கள்"
            },
			
			 {
               "schemeUiId":"M_0029_S_006",
               "schemeName":"தேசிய தொழில் சேவை",
               "schemeObj":"வேலை தேடுபவர்களுக்கும் முதலாளிகளுக்கும் இடையிலான இடைவெளியைக் குறைக்க",
               "schemeDesc":"தொழில் வளர்ச்சி மற்றும் பெண் தொழிலாளர் பங்களிப்பை மேம்படுத்துவதற்கான ஆலோசனை மற்றும் வழிகாட்டுதலை வழங்குதல்",
               "schemeEligiiblity":"Nil",
               "schemeTargetGroup":"Nil",
               "schemeMiscDetails":"போர்டல் மற்றும் அதன் சேவைகளில் பதிவு செய்வதற்கு NCS எந்த கட்டணத்தையும் வசூலிக்கவில்லை",
               "schemeDepartments":"Nil"
            },
			
			 {
               "schemeUiId":"M_0029_S_007",
               "schemeName":"அடல் பிமிட் வியக்தி கல்யாண் யோஜனா",
               "schemeObj":"வேலைவாய்ப்பு முறையை மாற்றுவதன் காரணமாக வேலைகளை இழந்தவர்கள் அல்லது வேலையற்றவர்களாக இருப்பவர்களுக்கு நிதி ரீதியாக ஆதரவளிப்பதை இது நோக்கமாகக் கொண்டுள்ளது",
               "schemeDesc":"வாழ்நாளில் ஒரு முறை அதிகபட்சம் 90 நாட்கள் வேலையின்மை வரை செலுத்தப்படுகிறது",
               "schemeEligiiblity":"முக்கியமாக ஊழியர்களின் மாநில காப்பீட்டுச் சட்டம், 1948 இன் கீழ் வரும் முறையான துறை காப்பீட்டு நபர்களுக்கு",
               "schemeTargetGroup":"Nil",
               "schemeMiscDetails":"காப்பீடு செய்யப்பட்ட நபர் குறைந்தபட்சம் இரண்டு வருடங்களுக்கு காப்பீடு செய்ய முடியாத வேலையில் இருந்திருக்க வேண்டும்.",
               "schemeDepartments":"ஊழியர்களின் மாநில காப்பீட்டுக் கழகம் (ESIC) செயல்படுத்தியது"
            },
			 {
               "schemeUiId":"M_0029_S_008",
               "schemeName":"பிரதமர் ஷ்ரமியோகி மந்தன் யோஜனா",
               "schemeObj":"அமைப்புசாரா துறை தொழிலாளர்களுக்கு ஓய்வூதியம்",
               "schemeDesc":"60 வயதிற்குப் பிறகு மாதத்திற்கு ரூ .3000",
               "schemeEligiiblity":"மாத வருமானம் ரூ .15,000 வரை மற்றும் குறைந்தபட்சம் 18 வயது முதல் அதிகபட்சம் 40 வயது வரை மற்றும் அவர் / அவள் வருமான வரி செலுத்துவோராக இருக்கக்கூடாது",
               "schemeTargetGroup":"அமைப்புசாரா துறை தொழிலாளர்கள்",
               "schemeMiscDetails":"சந்தாதாரர் இறந்தால், பயனாளியின் துணைக்கு 50% ஓய்வூதியம் பெற உரிமை உண்டு",
               "schemeDepartments":"Nil"
            },
			
			{
               "schemeUiId":"M_0029_S_000",
               "schemeName":"சமதன் போர்டல்",
               "schemeObj":"தொழில்துறை தகராறுகளைக் கையாளுதல் மற்றும் அகற்றுவதற்கான மென்பொருள் விண்ணப்பம்",
               "schemeDesc":"தொழில்துறை மோதல்களின் சமரசம், நடுவர் மற்றும் தீர்ப்புக்கான வலை போர்டல் மற்றும் அனைத்து பங்குதாரர்களையும் ஒற்றை ஒருங்கிணைந்த மேடையில் கொண்டுவருகிறது",
               "schemeEligiiblity":"Nil",
               "schemeTargetGroup":"Nil",
               "schemeMiscDetails":"Nil",
               "schemeDepartments":"Nil"
            },
			
			
			
			
			
			
            
         ]
      },
         ]
      },

