{
   "ListOfMinistries":[
      {
         "ministryId":1,
         "ministryName":"சட்டம் மற்றும் நீதி அமைச்சகம்",
         "ministrySchemesList":[
        {
               "schemeUiId":"M_0030_S_001",
               "schemeName":"புரோ போனோ சட்ட சேவை",
               "schemeObj":"சார்பு போனோ சட்ட சேவைகளை வழங்க வழக்கறிஞர்கள் மற்றும் சட்ட வல்லுநர்களை ஊக்குவித்தல். வக்கீல்கள் மற்றும் சட்ட வல்லுநர்களால் வழங்கப்படும் சார்பு போனோ சட்டப் பணிகளை அங்கீகரிக்க. தொடர்புடைய துறையில் பொருத்தமான பதவிகளுக்கு வழக்கறிஞர்களின் முக்கிய தகவல்களைக் கைப்பற்றும் தரவுத்தளத்தை உருவாக்குதல்.",
               "schemeDesc":"புரோ போனோ என்பது ஒரு லத்தீன் சொற்றொடர், இதன் பொருள் “மக்களின் நன்மைக்காக”. இது செலவு இல்லாமல் அல்லது பொது நன்மைக்காக குறைக்கப்பட்ட கட்டணத்தில் செய்யப்படும் சட்ட சேவைகளை குறிக்கிறது. இது ஒரு தொழில்முறை கட்டணமின்றி வக்கீல்கள் தங்கள் ஏழை மற்றும் வறிய வாடிக்கையாளர்களுக்கு மதிப்புமிக்க சட்ட ஆலோசனை மற்றும் ஆதரவுடன் வழங்கும் ஒரு அமைப்பாகும். இந்த கட்டுரை இந்த விதியை விரிவாக உள்ளடக்கியது. இந்த அமைப்பின் நோக்கத்தை நிறைவேற்ற பின்வரும் சட்டங்கள் உதவுகின்றன: இந்திய அரசியலமைப்பு - சமூகத்தின் ஏழை மற்றும் பலவீனமான பிரிவினருக்கு இலவச சட்ட உதவிகளை வழங்குமாறு அரசை கட்டாயப்படுத்துகிறது. சம வாய்ப்பு. அரசியலமைப்பின் பிரிவு 14 மற்றும் 22 (2) - சட்டத்தின் முன் சமத்துவத்தை உறுதி செய்கிறது. ஐக்கிய நாடுகள் சபையின் நிலையான அபிவிருத்தி, இலக்கு 16 - அனைவருக்கும் நீதிக்கான சமமான அணுகலை உறுதிசெய்வதற்கான மாநிலங்களின் கடமையை வலியுறுத்துகிறது. உள்ளூர் இலாப நோக்கற்றவர்களின் திறனை மேம்படுத்துதல் அல்லது உள்ளூர் வணிகங்களுக்கு வழிகாட்டுதல் ஆகியவற்றை வலியுறுத்துவதற்கான சார்பு போனோ முயற்சிகள். இந்த நோக்கத்திற்காக, அவர்கள் ஊழியர்களுக்கு கடன் வழங்கலாம், பயிற்சி மற்றும் வழிகாட்டுதல்களை வழங்கலாம், ஒரு சேவை மராத்தான் முடிக்கலாம், தரப்படுத்தப்பட்ட குழு திட்டங்களை உருவாக்கலாம், திறந்தநிலை அவுட்சோர்சிங்கில் ஈடுபடலாம், பொது ஒப்பந்தங்களைச் செய்யலாம், துறை வாரியாக தீர்வுகளை வழங்கலாம் அல்லது கையொப்பப் பிரச்சினையில் பணியாற்றலாம். இந்த மாதிரிகள் ஒவ்வொன்றின் சுருக்கமான கணக்கு இங்கே.",
               "schemeEligiiblity":"ஒரு பார் கவுன்சிலுடன் சேர்ந்துள்ளார். பார் இல் ஒரு வழக்கறிஞராகப் பயிற்சி பெற்று வருகிறார். புரோ போனோவுக்கான சுயவிவரத்தை உருவாக்குவதற்கு வயது தடையல்ல. 44-54 வயதுக்கு இடைப்பட்டவர்களுக்கு கூடுதல் தகவல்களை வழங்க விருப்பம் வழங்கப்படும் பொருத்தமான பதவிகளுக்கு கருதப்படுகிறது.",
               "schemeTargetGroup":"சார்பு போனோ வேலையில் ஒரு முக்கியமான இலக்கு குழு வரையறுக்கப்பட்ட வருமானம் கொண்ட நபர்களைக் கொண்டிருந்தாலும், மாநில உத்தரவாதம் அளிக்கப்பட்ட சட்ட உதவி முறையை மாற்றுவதற்கு சார்பு போனோ வேலை இல்லை, இது மாநில அதிகாரிகளால் உத்தரவாதம் அளிக்கப்பட வேண்டும். போதுமான இழப்பீடு இல்லாமல் அரசு இந்த பொறுப்பை வழக்கறிஞர்களுக்கு வழங்க முடியாது. இருப்பினும், இத்தகைய நடைமுறை செக் குடியரசில் இன்றும் உள்ளது.",
               "schemeMiscDetails":"பதிவு படிவத்தை நிரப்ப ஆர்வமுள்ள வக்கீல்கள் இங்கே கிளிக் செய்யலாம். படிவத்தை நிரப்புவதற்கு முன் விதிமுறைகளையும் நிபந்தனைகளையும் தயவுசெய்து படிக்கவும். விண்ணப்பதாரர் சேவைப் பிரிவில் பதிவு செய்யப்பட வேண்டும், உங்களிடம் ஏற்கனவே ஒரு சேவை மற்றும் ஐடி இருந்தால் பதிவு செய்ய நீங்கள் பிரோ போனோவில் உள்நுழையலாம் . உங்களிடம் சர்வீஸ் பிளஸ் ஐடி இல்லையென்றால், தயவுசெய்து மெனுவில் பதிவுசெய்க என்பதைக் கிளிக் செய்க. பதிவுசெய்த பிறகு நீங்கள் சார்பு போனோவிற்கு சுயவிவரத்தை உருவாக்க உள்நுழையலாம்.",
               "schemeDepartments":"சட்டம் மற்றும் நீதித்துறை"
            },
            {
               "schemeUiId":"M_0030_S_002",
               "schemeName":"நயா மித்ரா திட்டம்",
               "schemeObj":"நிலுவையில் உள்ள பத்து ஆண்டு வழக்குகளை விரைவாக தீர்ப்பதற்கு உயர் நீதிமன்றம் / மாவட்ட நீதிபதிகளுக்கு உதவி வழங்குதல். நிலுவையில் உள்ள வழக்குகளை விரைவாக தீர்ப்பதற்கான சட்ட சேவை அதிகாரிகள், தொடர்புடைய அரசுத் துறைகள், துணை நீதித்துறை மற்றும் வழக்குரைஞர்களுடன் ஒன்றிணைதல். இந்திய அரசியலமைப்பின் 39-ஏ பிரிவை திறம்பட செயல்படுத்துவதற்கு நீதி முன்முயற்சிகளுக்கான அணுகலை மேற்கொள்ளுங்கள், அதை அணுக விரும்புவோரின் பொருளாதார அல்லது பிற குறைபாடுகள் பொருட்படுத்தாமல் அனைவருக்கும் எளிதான மற்றும் மலிவு சட்ட உதவி கிடைப்பதை உறுதிசெய்கிறது.",
               "schemeDesc":"நியாயா மித்ரா திட்டம் இந்தியாவின் பல்வேறு கீழ் மற்றும் மாவட்ட நீதிமன்றங்களில் ஒரு தசாப்தத்திற்கும் மேலாக தொங்கிக்கொண்டிருக்கும் நோய்களைக் கையாள்வதை நோக்கமாகக் கொண்டுள்ளது. இது ஓய்வுபெற்ற சட்ட அதிகாரிகள், நீதிபதிகள் மற்றும் சட்டத் தகுதி உள்ள நபர்களுக்கு சட்ட வேலைகள் மற்றும் காலியிடங்களைத் திறக்கும். இந்த முயற்சிகள் இந்திய அரசாங்கத்தால் மிக அதிக எண்ணிக்கையிலான வழக்குகள் நிலுவையில் உள்ளன. இன்று இந்தியாவின் பல்வேறு நீதிமன்றங்களில் கிட்டத்தட்ட 2.5 கோடி வழக்குகள் நிலுவையில் உள்ளன. இந்த எண்ணிக்கையை வெகுவாகக் குறைக்க அரசாங்கம் இந்த நடவடிக்கைகளை எடுத்துள்ளது. 2017 ஆம் ஆண்டில் ஏராளமான சட்ட வேலைகளைப் பெற்றெடுப்பதும் இதன் நோக்கமாகும். மத்திய சட்ட அமைச்சர் பகிர்ந்துள்ள புள்ளிவிவர தரவுகளின்படி, கீழ் மற்றும் மாவட்ட நீதிமன்றங்களில் கிட்டத்தட்ட 2.5 கோடி வழக்குகள் நிலுவையில் உள்ளன, அவற்றில் 12 முதல் 14 சதவீதம் வரை 10 க்கும் மேற்பட்டவை ஒரு வயது. அதே மூத்த ஓய்வு பெற்ற நீதித்துறை அதிகாரிகள் அல்லது சட்டத்துறையில் அனுபவம் உள்ள சட்ட அதிகாரிகளுக்கு நயா மித்ராவின் பெயர்கள் வழங்கப்படும். இந்த நியாய மித்ராக்கள் நிலுவையில் உள்ள வழக்குகளை தீர்த்து வைக்கும், எனவே எங்கள் நீதித்துறை மீதான சுமையை குறைக்கும். இந்தத் திட்டங்கள் தகுதிவாய்ந்த சட்ட வல்லுநர்களுக்கு நல்ல எண்ணிக்கையிலான சட்ட வேலைகளை உருவாக்கக்கூடும்.",
               "schemeEligiiblity":"தகுதி: அங்கீகரிக்கப்பட்ட பல்கலைக்கழகத்தில் சட்டத்தில் பட்டம். தகுதி: ஓய்வு பெற்ற நீதித்துறை அதிகாரி / ஓய்வு பெற்ற நிர்வாக அதிகாரி முன்னுரிமை சட்ட பின்னணி கொண்டவர். வேட்பாளர் உள்ளூர்வாசி. பொருத்தமான உள்ளூர் வேட்பாளர்கள் கிடைக்காத சந்தர்ப்பங்களில், அருகிலுள்ள மாவட்டத்தைச் சேர்ந்தவர்கள் கருதப்படலாம். விண்ணப்பதாரர் ஒரு மாவட்டத்திற்கு விண்ணப்பிக்க வேண்டும், இல்லையெனில் அவரது / அவள் விண்ணப்பம் அனைத்தும் நிராகரிக்கப்படும். விண்ணப்பதாரர் விண்ணப்பிக்கும் நகரம் / மாவட்டத்தில் வசிக்கிறார் அல்லது உயர்நீதிமன்றம் அமைந்துள்ள விண்ணப்பத்திற்குப் பிறகு அந்த இடத்தில் மறு ஒதுக்கீடு செய்யத் தயாராக இருந்தால், மாவட்ட நீதிமன்றத்துடன் உயர் நீதிமன்றத்திற்கான நயா மித்ரா பதவிக்கு விண்ணப்பிக்கலாம்.",
               "schemeTargetGroup":"தேசிய நீதித்துறை தரவு கட்டம் (என்.ஜே.டி.ஜி) மூலம் அடையாளம் காணப்பட்ட வழக்குரைஞர்கள் 10 ஆண்டுகளுக்கும் மேலாக நீதிமன்றங்களில் சிக்கித் தவிக்கின்றனர், சமூக மற்றும் பொருளாதார தடைகள் காரணமாக தரமான சட்ட உதவி கிடைக்கவில்லை.",
               "schemeMiscDetails":"என்.எம் இன் பாத்திரங்கள் மற்றும் பொறுப்புகள்: விரிவான பட்டியல் தயாரித்தல், நிலுவையில் உள்ள வழக்குகளின் விமர்சன பகுப்பாய்வு, மாநில / மாவட்ட அதிகாரிகளுடன் ஒருங்கிணைப்பு, லோக் அதாலத்துக்கான வழக்குகளை அடையாளம் காணுதல், பின்தொடர் நடவடிக்கை, இதர. ஒவ்வொரு ஆண்டும் என்.எம் முன்முயற்சி ஒரு வெளி நிறுவனத்தால் அந்தந்த உயர் நீதிமன்றங்கள், மாவட்ட நீதிமன்றங்கள் மற்றும் நீதித் துறையுடன் ஒருங்கிணைப்பு / ஆலோசனையுடன் மதிப்பீடு செய்யப்படும்.",
               "schemeDepartments":"சட்டம் மற்றும் நீதித்துறை"
            },
              {
               "schemeUiId":"M_0030_S_003",
               "schemeName":"சட்ட தகவல் மேலாண்மை மற்றும் சுருக்க அமைப்பு (LIMBS)",
               "schemeObj":"சிபிஐசியின் கீழ் உள்ள சட்ட தகவல் மேலாண்மை மற்றும் சுருக்க அமைப்பு (எல்ஐஎம்பிஎஸ்) இன் நோக்கம், இ-ஆளுமை முயற்சியின் ஒரு பகுதியாக பல்வேறு நீதிமன்றங்கள் / தீர்ப்பாயங்களில் நிலுவையில் உள்ள அனைத்து வழக்குகளின் தேசிய போர்ட்டலை உருவாக்குவதாகும். முடிந்ததும், இந்திய அரசின் பல்வேறு அமைச்சகங்கள் / துறைகள் மற்றும் பிற உறுப்புகளால் கையாளப்படும் அனைத்து நீதிமன்றம் / தீர்ப்பாய வழக்குகள் தொடர்பான தகவல்கள் ஒற்றை இணைய அடிப்படையிலான ஆன்லைன் விண்ணப்பத்தில் கிடைக்கும்.",
               "schemeDesc":"மத்திய அரசு அமைச்சகம், ஜூன் 2018 இல், அனைத்து அரசு அமைச்சகங்கள் மற்றும் துறைகளில் ஒருங்கிணைந்த சட்டப்பிரிவுகளை (ஐ.எல்.டி) உருவாக்கக் கோரி ஒரு திட்டத்தை அமைச்சரவையில் சமர்ப்பித்துள்ளது, அவை அன்றாட சட்ட ஆலோசனைகள், சட்ட விவகாரங்கள் வழங்கும். கடந்த ஒரு வருடத்தில், மத்திய அரசு சம்பந்தப்பட்ட வழக்குகளில் முன்னோடியில்லாத வகையில் 100 சதவீதம் உயர்ந்துள்ளது - நீதிமன்றங்களை சதுப்பு நிலம் மற்றும் சட்ட வட்டங்களில் எச்சரிக்கை எழுப்புதல். சட்ட தகவல் மேலாண்மை மற்றும் சுருக்க அமைப்பு (LIMBS) படி, மத்திய அரசு நாடு முழுவதும் 2,71,861 வழக்குகளில் ஒரு கட்சியாகும். ஜூன் 2017 இல், கடந்த ஆண்டு இந்த எண்ணிக்கை 1,35,060 ஆக இருந்தது - கிட்டத்தட்ட பாதி. சட்ட தகவல் மேலாண்மை மற்றும் சுருக்க அமைப்பு (LIMBS) என்பது பல்வேறு நீதிமன்றங்களை கண்காணிப்பதற்கும் கையாளுவதற்கும் சட்ட விவகாரங்கள் துறை, சட்டம் மற்றும் நீதி அமைச்சகம் உருவாக்கிய வலை அடிப்படையிலான போர்டல் ஆகும். அரசாங்கத்தின் வழக்குகள் துறைகள் மற்றும் அமைச்சுகள். இணைச் செயலாளர் (வருவாய்), வருவாய் துறை LIMBS க்கான DoR இன் நோடல் அதிகாரி. கமிஷனர், சட்ட விவகார இயக்குநரகம் (டி.எல்.ஏ) சி.பி.ஐ.சியில் எல்.ஐ.எம்.பி.எஸ்ஸின் திட்ட ஒருங்கிணைப்பாளராக பரிந்துரைக்கப்பட்டுள்ளது. உச்சநீதிமன்றம் தொடர்பான வழக்குகள் டி.எல்.ஏ.வால் லிம்பில் பதிவேற்றப்பட்டு புதுப்பிக்கப்படுகின்றன. உயர் நீதிமன்றம் மற்றும் தீர்ப்பாயங்கள் தொடர்பான வழக்குகள் சம்பந்தப்பட்ட ஆணையர்களால் பதிவேற்றப்படுகின்றன. எல்.ஐ.எம்.பி.எஸ்ஸில் வழக்குகளை பதிவேற்ற மற்றும் புதுப்பிப்பதற்கான வழிமுறைகள் அவ்வப்போது டி.எல்.ஏ.விலிருந்து கள உருவாக்கம் வரை வழங்கப்பட்டுள்ளன.",
               "schemeEligiiblity":"LIMBS இல் வழக்குகளை பதிவேற்றுவதற்காக ஆணையர் ஒரு அதிகாரியை பரிந்துரைக்கலாம். பரிந்துரைக்கப்பட்ட அதிகாரி LIMBS போர்ட்டலில் பதிவுசெய்து LIMBS கணக்கை உருவாக்குவார்",
               "schemeTargetGroup":"NIL",
               "schemeMiscDetails":"முன்னதாக, 64 அமைச்சுகள் / துறைகள் சம்பந்தப்பட்ட வழக்குகள் பற்றிய தகவல்கள் வெவ்வேறு இடங்களில், பொதுவாக, இயற்பியல் கோப்புகளின் வடிவத்தில் சிதறடிக்கப்பட்டன. அந்த தகவல் இப்போது ஒற்றை மேடையில், மின்னணு வடிவத்தில் கிடைக்கிறது. LIMBS சிவில் வழக்குகளை உள்ளடக்கியது, இது கிரிமினல் வழக்குகளுக்கும் நீட்டிக்கப்பட வேண்டும். தற்போது இது மத்திய அரசாங்கத்திற்கானது, இந்த யோசனை மாநில அரசாங்கங்களுக்கும் விரிவுபடுத்தப்பட வேண்டும். LIMBS ஆரம்ப கட்டத்தில் உள்ளது. அரசாங்கத்தின் பணிகளை மேலும் ஒருங்கிணைக்க, பல்வேறு துறைகள் தரவை ஒரு குறிப்பிட்ட கால இடைவெளியில் மற்றும் ஒருங்கிணைந்த முறையில் சமர்ப்பிக்க வேண்டும். மேலும் விவரங்களுக்கு http://limbs.gov.in/limbs/ ஐப் பார்வையிடவும்",
               "schemeDepartments":"சட்ட விவகாரங்கள் துறை."
            },
             {
               "schemeUiId":"M_0030_S_004",
               "schemeName":"மின் நீதிமன்றங்கள் ஒருங்கிணைந்த மிஷன் பயன்முறை திட்டம்",
               "schemeObj":"ஈகோர்ட் திட்ட வழக்குரைஞரின் சாசனத்தில் விவரிக்கப்பட்டுள்ளபடி திறமையான மற்றும் நேரத்திற்குட்பட்ட குடிமக்கள் மைய சேவைகளை வழங்குவது. நீதிமன்றங்களில் முடிவு ஆதரவு அமைப்புகளை உருவாக்க, நிறுவ மற்றும் செயல்படுத்த. அதன் பங்குதாரர்களுக்கு தகவல்களை அணுகுவதில் வெளிப்படைத்தன்மையை வழங்க செயல்முறைகளை தானியக்கமாக்குதல். நீதி வழங்கல் முறையை மலிவு, அணுகக்கூடிய, செலவு குறைந்த, கணிக்கக்கூடிய, நம்பகமான மற்றும் வெளிப்படையானதாக மாற்றுவதற்காக, நீதித்துறை உற்பத்தித்திறனை, தர ரீதியாகவும், அளவுரீதியாகவும் மேம்படுத்துதல்.",
               "schemeDesc":"ஈகோர்ட்ஸ் ஒருங்கிணைந்த மிஷன் பயன்முறை திட்டம் நாடு முழுவதும் மாவட்ட / துணை நீதிமன்றங்களில் செயல்படுத்தப்பட்டு வரும் தேசிய மின்-ஆளுமை திட்டங்களில் ஒன்றாகும். இந்திய உச்சநீதிமன்றத்தின் மின் குழுவினால் தயாரிக்கப்பட்ட “இந்திய நீதித்துறையில் தகவல் மற்றும் தொடர்பு தொழில்நுட்பத்தை நடைமுறைப்படுத்துவதற்கான தேசிய கொள்கை மற்றும் செயல் திட்டம்” அடிப்படையில் ஈகோர்ட்ஸ் திட்டம் கருத்துருவாக்கம் செய்யப்பட்டுள்ளது. இந்திய தலைமை நீதிபதியின் தலைமையில் (தலைமை-கம்-அட்ஹாக் தலைவர்) நீதித்துறையின் ஐ.சி.டி செயல்படுத்துவதற்கான செயல் திட்டத்தை உருவாக்குவதற்காக 2004 ஆம் ஆண்டில் ஈகாமிட்டி உருவாக்கப்பட்டது. பொருளாதார விவகாரங்களுக்கான அமைச்சரவைக் குழு (சி.சி.இ.ஏ) 2007 பிப்ரவரி 8 அன்று ஈகோர்ட்ஸ் திட்டத்திற்கு, அதாவது இந்திய நீதித்துறையை கணினிமயமாக்குவதற்கு ஒப்புதல் அளித்தது. திட்டத்தின் தற்போதைய பதிப்பு செப்டம்பர் 2010 இல் அங்கீகரிக்கப்பட்டது. இந்த திட்டம் தேசிய தகவல் மையத்தால் செயல்படுத்தப்படுகிறது ( என்.ஐ.சி) .நீதிமன்ற அதிகாரிகள், நீதிமன்ற அதிகாரிகள், வழக்கறிஞர்கள் மற்றும் வழக்குரைஞர்கள் உட்பட அனைத்து முக்கிய பங்குதாரர்களுக்கும் இந்த திட்டத்தின் கீழ் வழங்கப்படும் சேவைகள் பூர்த்தி செய்யப்படுகின்றன. மாவட்ட மற்றும் துணை நீதிமன்றங்களைப் போலவே, வழக்கு மென்பொருளைப் பயன்படுத்துவதன் மூலம் வழக்கு மேலாண்மை பணிப்பாய்வுகளின் ஆட்டோமேஷன் முடிக்கப்பட்டுள்ளது, இதில் வழக்குத் தாக்கல், ஆய்வு, பதிவு செய்தல், வழக்கு ஒதுக்கீடு, நீதிமன்ற நடவடிக்கைகள், ஒரு வழக்கின் நுழைவு விவரங்கள் , வழக்கு நீக்கம் மற்றும் மறுசீரமைப்பு, வழக்குகளின் பரிமாற்றம், நிலுவையில் உள்ள தரவு, நிறுவன பதிவேடுகள் மற்றும் நீதிமன்ற நாட்குறிப்புகள் மற்றும் நீதிமன்ற கட்டணங்களை கணக்கிடுதல்.",
               "schemeEligiiblity":"நீதித்துறை அதிகாரிகள் மற்றும் ஊழியர்களுக்கான பயிற்சிப் பொருட்கள், மாவட்ட நீதிமன்ற வலைத்தளங்களுக்கான இணைப்புகள் மற்றும் நீதித்துறை மேலாண்மை தகவல் அமைப்பாகப் பயன்படுத்தக்கூடிய புள்ளிவிவர அறிக்கைகள் ஆகியவற்றை வழங்குகிறது. நீதித்துறை சீர்திருத்தங்களைக் கொண்டுவருவதில் இந்த போர்டல் முக்கிய பங்கு வகிக்கும் என்று எதிர்பார்க்கப்படுகிறது.",
               "schemeTargetGroup":"NIL",
               "schemeMiscDetails":"ஈகோர்ட்ஸ் திட்டத்தின் நோக்கம் 3,069 நீதிமன்ற வளாகங்களில் 14,249 மாவட்ட மற்றும் துணை நீதிமன்றங்களை கணினிமயமாக்குதல் மற்றும் உச்சநீதிமன்றம் மற்றும் உயர் நீதிமன்றங்களை ஐ.சி.டி மேம்படுத்தல் 2014 மார்ச் மாதத்திற்குள் ரூ. 935 கோடி. இந்தத் திட்டம் மாவட்ட மற்றும் தாலுகா மட்டத்திலிருந்து உச்ச நீதிமன்றம் வரையிலான அனைத்து நீதிமன்றங்களுக்கும் இடையிலான டிஜிட்டல் தொடர்புகளை உறுதிசெய்கிறது.",
               "schemeDepartments":"சட்டம் மற்றும் நீதித்துறை"  
             },
         ]
      },
         ]
      },
   