{
   "ListOfMinistries":[
      {
         "ministryId":1,
         "ministryName":"Ministry of Law and Justice",
         "ministrySchemesList":[
            {
               "schemeUiId":"M_0030_S_001",
               "schemeName":"Pro Bono Legal Service",
               "schemeObj":"To encourage lawyers and legal professionals to provide pro bono legal services. To recognize pro bono legal work being provided by lawyers and legal professionals. To create a database capturing vital information of lawyers for appropriate positions in the relevant field.",
               "schemeDesc":"Pro bono is a Latin phrase, the meaning of which is “for the good of the people.” It refers to legal services performed without cost or at reduced rates for the public good. It is a system wherein lawyers offer their poor and underprivileged clients with valuable legal advice and support without any professional fee. This article covers the provision in detail.The following laws help in fulfilling the objective of this system: The Constitution of India – mandates the State to render free legal aid to the poor and weaker sections of the society for the purpose of promoting justice based on equal opportunity. Article 14 and 22(2) of the Constitution – ensures equality before the law. The United Nations Sustainable Development, Goal 16 – emphasizes the obligation of States ‘to ensure equal access to justice for all.’Corporate pro bono efforts emphasize on enhancing the capacity of local nonprofits or mentoring local businesses. For this purpose, they may loan employees, impart coaching and mentoring, complete a service marathon, create standardized team projects, engage in open-ended outsourcing, perform general contracting, provide sector-wise solutions or work on a signature issue. Here’s a brief account on each of these models.",
               "schemeEligiiblity":"Has enrolled with a Bar Council.Has been practicing as an advocate at the Bar.Age is no bar for creating a profile for pro bono.Those between 44-54 years of age will be provided the option to provide additional information if interested to be considered for appropriate positions.",
               "schemeTargetGroup":"Although an important target group in pro bono work consists of people with limited income, pro bono work is not there to replace the system of state-guaranteed legal aid, which should be guaranteed by state authorities. State cannot delegate this responsibility to attorneys without sufficient compensation. Such practice is, however, still present in the Czech Republic. ",
               "schemeMiscDetails":"Interested lawyers may form by click here to fill the registration form.Kindly read the terms and conditions before filling in the form.The applicant must be registered with serviceplus, if you already have a service plus id you can login with the same to register for pro bono.If you do not have a ServicePlus id, kindly click on the Register Yourself in menu. you to the After registration you can login to create a profile for pro bono.",
               "schemeDepartments":"Department of Law and Justice"
            },
            {
               "schemeUiId":"M_0030_S_002",
               "schemeName":"Nyaya Mitra Scheme",
               "schemeObj":"Providing assistance to the High Court / district judges for speedier disposal of ten year old pending cases. Building convergence with legal services authorities, relevant govt.departments, subordinate judiciary and litigants for speedier disposal of pending cases. Undertake Access to Justice Initiatives to support effective implementation of Article 39-A of the Constitution of India ensuring that easy and affordable legal aid is available to all irrespective of economic or other disabilities of those wishing to access it.",
               "schemeDesc":"The Nyaya Mitra scheme aims at tackling ailing cases which are hanging over for more than a decade in various lower and district courts of India. It will open up legal jobs and vacancies for Retired Law Officers, Judges and individuals with law qualifications. These initiatives are taken by the government of India considering very large number of pending cases. Today we have nearly 2.5 crore pending cases in various courts of India. To reduce this number drastically the government has taken these measures. The aim is also to give birth to numerous Legal Jobs in 2017. As per the statistical data shared by the Union Minister of Law nearly 2.5 crore cases are pending in the lower and district courts out of which around 12 to 14 percent are more than 10 year old. For the same senior retired Judicial officers or Law Officers with experience in Legal field will be assigned designations of Nyaya Mitra's. These Nyaya Mitra's will sort the pending cases out and hence reduce the burden on our Judiciary. These schemes might create a good number of legal jobs for qualified law professionals.",
               "schemeEligiiblity":"Qualification: Graduation in Law from recognized University. Eligibility: Retired Judicial officer/ Retired Executive officer preferably having legal background. The candidate shall be local resident. In cases of non-availability of suitable local candidates, persons from nearby district may be considered. Applicant is to apply for one district otherwise all of his/her application will be rejected. The applicant may also apply for the post of Nyaya Mitra for High Court along with the District Court, if he is residing in the city / district where applying or is ready to reallocate at the said place after the application, where the High Court is located.",
               "schemeTargetGroup":"The litigants identified through the National Judicial Data Grid (NJDG) whose cases are languishing in the courts for more than 10 years and for whom quality legal aid is not available due to social and economic barriers.",
               "schemeMiscDetails":"ROLES & RESPONSIBILITIES OF THE NM : Preparation of detailed list, Critical analysis of Pending cases, Coordination with State/District Authorities, Identification of cases for Lok Adalat, Follow –up action, Miscellaneous. The NM initiative will be evaluated by an external agency every year in coordination/consultation with the respective high courts, district courts and the Department of Justice to assess the impact or for any course correction.",
               "schemeDepartments":"Department of Law and Justice"
            },
            {
               "schemeUiId":"M_0030_S_003",
               "schemeName":"Legal Information Management & Briefing System (LIMBS) ",
               "schemeObj":"Objective of Legal Information Management and Briefing System (LIMBS) under CBIC is to create a National Portal of all cases pending in various courts/ Tribunals as a part of the e-Governance initiative. Once completed, information relating to all court/ tribunal cases being handled by the various Ministries/ Departments and other organs of the Government of India will be available on a single web-based online application.",
               "schemeDesc":"The Union Law ministry in June 2018, has submitted a proposal to the cabinet seeking the creation of integrated legal divisions (ILDs) in all government ministries and departments that will give day-to-day legal advice, legal affairs. Over the last one year, there has been an unprecedented 100 per cent jump in the cases involving the central government – swamping the courts and raising an alarm in legal circles. As per Legal Information Management and Briefing System (LIMBS), the central government is a party in 2,71,861 lawsuits across the country. In June 2017, last year the figure stood at 1,35,060 – almost half.Legal Information Management & Briefing System (LIMBS) is a web based portal developed by Department of Legal Affairs, Ministry of Law & Justice for monitoring and handling of various court cases of Govt. Departments and Ministries. Joint Secretary (Revenue), Department of Revenue is the Nodal Officer of DoR for LIMBS. Commissioner, Directorate of Legal Affairs (DLA) has been nominated as the project coordinator for LIMBS in CBIC. Cases pertaining to Supreme Court are uploaded & updated on LIMBS by DLA. Cases pertaining to High Court and Tribunals are being uploaded by the concerned Commissionerates. Instructions for uploading and updating cases on LIMBS have been issued from DLA to field formation from time to time. ",
               "schemeEligiiblity":"The Commissioner may nominate an officer for uploading cases in LIMBS. The nominated officer will register on the LIMBS portal and create a LIMBS account.",
               "schemeTargetGroup":"NIL",
               "schemeMiscDetails":"Earlier, information about cases involving 64 ministries/departments was scattered in different places, typically, in the form of physical files. That information is now available on a single platform, in electronic form. LIMBS involves civil cases, it should be extended to criminal cases also. At present it is for the Union government, the idea must be extended to state governments also. LIMBS is in its infancy. To make the working of the government more coordinated, various departments must submit the data as early as possible in a time bound and integrated manner. For further details visit http://limbs.gov.in/limbs/",
               "schemeDepartments":"Department of Legal Affairs"
             },
             {
               "schemeUiId":"M_0030_S_004",
               "schemeName":"e-Courts Integrated Mission Mode Project",
               "schemeObj":"To provide efficient & time-bound citizen centric services delivery as detailed in eCourt Project Litigant's Charter. To develop, install & implement decision support systems in courts. To automate the processes to provide transparency in accessibility of information to its stakeholders. To enhance judicial productivity, both qualitatively & quantitatively, to make the justice delivery system affordable, accessible, cost effective, predictable, reliable and transparent.",
               "schemeDesc":"The eCourts Integrated Mission Mode Project is one of the National e-Governance projects being implemented in District/Subordinate Courts across the country. The eCourts project has been conceptualised based on the “National Policy and Action Plan for Implementation of Information and Communication Technology in the Indian Judiciary -2005” prepared by the eCommittee of the Supreme Court of India. The eCommittee was formed in 2004 to draw up an action plan for ICT enablement of the Judiciary under the chairmanship (Chief-cum-adhoc Chairman) of the Chief Justice of India. The Cabinet Committee of Economic Affairs (CCEA) approved the eCourts project, i.e., computerisation of the Indian Judiciary on 8 February, 2007. The current version of the Project was approved in September 2010.The project is being implemented by the National Informatics Centre (NIC).The services provided under the project cater to all key stakeholders including judicial officers, court officials, lawyers and litigants. As in district and subordinate Courts,automation of case management workflow has been completed through the use of application software, which includes automation of different activities such as case filing, scrutiny, registration, case allocation, court proceedings, details of the entry of a case, case disposal & restoration, transfer of cases, pendency data, institution registers and court diaries and calculation of court fees.",
               "schemeEligiiblity":"Provides training material for judicial officers and staff, links to District Court websites and statistical reports that can be used as a judicial management information system. This portal is expected to play a key role in bringing about judicial reforms.",
               "schemeTargetGroup":"NIL",
               "schemeMiscDetails":"The scope of the eCourts project includes computerisation of 14,249 district and subordinate courts in 3,069 court complexes and ICT upgrading of the Supreme Court and High Courts by March 2014 with a budget of Rs. 935 crore. This project entails ensuring digital interconnectivity between all courts from the district and taluka level to the apex court.",
               "schemeDepartments":"Department of Law and Justice"  
             },
         ]
      },
         ]
      },

