{
   "ListOfMinistries":[
      {
         "ministryId":1,
         "ministryName":"Ministry of Petroleum and Natural Gas",
         "ministrySchemesList":[
            {
               "schemeUiId":"M_038_S_001",
               "schemeName":"Pradhan Mantri Ujjwala Yojana (PMUY)",
               "schemeObj":"To safeguard the health of women & children by providing them with a clean cooking fuel – LPG, so that they don’t have to compromise their health in smoky kitchens or wander in unsafe areas collecting firewood.",
               "schemeDesc":"The Government has launched “Pradhan Mantri Ujjwala Yojana”(PMUY) for providing LPG connections to 5 crore women belonging to the Below Poverty Line (BPL) families over a period of 3 years starting from FY 2016-17. The Salient features of the PMUY Scheme are as under : 1. LPG connection is released in the name of adult woman of the BPL family, subject to the condition that no LPG connection exists in the name of any family member of the household. 2. Eligible families are identified through the Socio Economic Caste Census (SECC) list. 3. The scheme covers the cash assistance upto Rs 1600/- for providing new LPG connection and this cash assistance is provided by the Central Government. 4. The customer bears the cost of Hot Plate and purchase of first refill. The customers have option to take Hot Plate on purchase of first refill or both on loan basis from OMCs at zero interest and the same is recovered through EMIs. ",
               "schemeEligiiblity":"Applicant must a woman above the age of 18 and a citizen of India. Applicant should belong to a BPL (Below Poverty Line) household No one in the applicant’s household should own an LPG connection The household income of the family, per month, must not exceed a certain limit as defined by the government of the Union Territories and State Government. The name of the applicant must be in the list of SECC-2011 data and should match with the information available in the BPL database that Oil Marketing Companies have. Applicant must not be a recipient of other similar schemes provided by the government.",
               "schemeTargetGroup":"Any family whose household income is less than Rs.131 per day",
               "schemeMiscDetails":"On February 2018, the targets of the scheme were revised to 8 crore LPG connections with expanded/relaxed identification criteria under the scheme Extended (E-PMUY) with an additional allocation of Rs 4800 crore.The revised target of the Pradhan Mantri Ujjwala Yojana will be achieved by 2020. The scheme was expanded to cover all SC/ST households; beneficiaries of PMAY (Gramin), Antyoday Anna Yojana (AAY), Forest dwellers, Most Backward Classes (MBC), Tea and Ex-Tea Garden tribes, people residing in islands and rivers, etc. in addition to SECC identified households.",
               "schemeDepartments":"Nil"
            },
			{
               "schemeUiId":"M_038_S_002",
               "schemeName":"Pratyaksh Hanstantrit Labh (PAHAL) or Direct Benefit Transfer of LPG (DBTL)",
               "schemeObj":"To benefit genuine domestic LPG cylinder users without having it diverted. The aim was to ensure better management of the subsidy and reduce burden to the exchequer. Another reason of transferring the subsidy directly to consumers’ bank accounts was to curtail corruption in the process and save public money.",
               "schemeDesc":"The scheme was formally launched as Direct Benefit Transfer Scheme for LPG subsidy in 2013 in 291 districts under the aegis of Union Ministry of Petroleum and Natural Gas. It was modified and christened as PAHAL in November 2014 and was launched in 54 districts. Later it was extended nationwide on 1 January 2015. Under the scheme, subsidized Liquefied petroleum Gas(LPG) cylinders are sold at market rates and consumers are entitled to receive LPG susidy directly into their bank accounts. It is done either through bank account or aadhar linkage. Currenlty it covers more than 9.75 crore LPG consumers across the country. Then scheme aims at eliminating duplication or bogus LPG connections and its diversion. It also seeks to meet substantive savings in LPG subsidy. On first booking an LPG cylinder, Rs.568 deposited in the consumer’s bank account in advance, so that the consumer has extra money required to pay for the first cylinder. The government provides 12 refill cylinders annually at subsidised rates.",
               "schemeEligiiblity":"Consumer or his/her spouse had taxable income of less than Rs 10 lakh during the previous financial year computed as per the Income Tax Act, 1961.",
               "schemeTargetGroup":"All",
               "schemeMiscDetails":"For further details visit http://petroleum.nic.in/dbt/index.php",
               "schemeDepartments":"Nil"
            },
			{
               "schemeUiId":"M_038_S_003",
               "schemeName":"Direct Benefit Transfer In PDS Kerosene (DBTK) Scheme ",
               "schemeObj":"To bring reforms in Allocation and Distribution of PDS SKO distribution system. Under the DBTK Scheme, as a part of distribution reforms, PDS Kerosene is sold to the identified beneficiaries at non-subsidized rate and the applicable subsidy is directly transferred into the bank account of the beneficiaries. Implementation of DBTK will result in better subsidy management through direct transfer of subsidy into bank accounts of the beneficiaries. This would result in reducing subsidy outgo by means of curbing diversion of subsidized Kerosene.",
               "schemeDesc":"Under the DBTK scheme, PDS kerosene will be sold at non-subsidised price and the subsidy will be directly transferred to consumers directly into their bank accounts. This initiative was launched by Union Petroleum and Natural Gas Ministry on the lines of a similar DBT programme for LPG subsidy. It aims at rationalising subsidy based on the approach to cut subsidy leakages but not the subsidy. It will give priority to eliminate subsidized Kerosene from supply chain for better targeting of beneficiaries. It also seeks to eliminate pilferage and black-marketing and cut down adulteration of the Kerosene, a cheap cooking and lighting fuel with diesel. Jharkhand has become the first state in the country to implement Direct Benefit Transfer (DBT) in Kerosene Scheme.",
               "schemeEligiiblity":"Each beneficiary should have an Aadhaar number with linked bank account and digitized ration card ID through which subsidy can be transferred directly to the linked bank account. In case an Aadhaar number is not assigned to a consumer, the consumer shall be offered alternate and viable means of identification for delivery of subsidy under intimation to MOP&NG.",
               "schemeTargetGroup":"All",
               "schemeMiscDetails":"For further details visit https://www.ppac.gov.in/WriteReadData/userfiles/file/RTI_subsidy_details.pdf",
               "schemeDepartments":"Nil"
            },
			{
               "schemeUiId":"M_038_S_004",
               "schemeName":"PradhanMantri LPG Panchayat Scheme",
               "schemeObj":"Aim at spreading awareness among the LPG users about how to properly use the clean fuel and its many benefits.",
               "schemeDesc":"Union minister Dharmendra Pradhan on Saturday launched the 'Pradhan Mantri LPG Panchayat' from Mota Ishanpur village here today and handed over free LPG connection to a beneficiary of the Pradhan Mantri Ujjwala Yojana. Addressing the public, the Petroleum and Natural Gas Minister said his government has so far provided LPG connection to 8.5 crore households in less than three years as against 14 crore connections provided by the Congress government. One lakh LPG Panchayat (to be held across the country) will deal with the issue of safe use of LPG as well as its various benefits, like environment, health, and how it empowers women, he said. Pradhan said that 40 per cent of Ujjwala Yojana beneficiaries in Gujarat are tribals and Dalits. He said his ministry has also increased LPG distribution centres, with 106 new distribution centres added in the last one and half years in Gujarat alone.",
               "schemeEligiiblity":"Families below the poverty line",
               "schemeTargetGroup":"Families below the poverty line",
               "schemeMiscDetails":"For further details visit https://www.goodreturns.in/classroom/2017/09/what-is-pradhan-mantri-lpg-panchayat-scheme/articlecontent-pf9786-617965.html",
               "schemeDepartments":"Nil"
            },
			{
               "schemeUiId":"M_038_S_005",
               "schemeName":"Pradhan Mantri Jl-VAN (JaivIndhan- Vatavaran Anukool Fasal Awashesh Nivaran) yojana",
               "schemeObj":"To create an ecosystem for setting up commercial projects and boost to Research and Development in 2G Ethanol sector.",
               "schemeDesc":"Under the scheme funds have been allocated for supporting 12 Commercial projects, 10 Demonstration Projects: Phase-I (2018-19 to 2022-23) 6 Commercial and 5 demonstration projects will be supported. Phase-II (2018-19 to 2022-23) Remaining 6 Commercial and 5 demonstration projects will be supported. The ethanol produced by the scheme beneficiaries will be mandatorily supplied to Oil Marketing Companies (OMCs) to further enhance the blending percentage under Ethanol Blending Programme (EBP). Centre for High Technology (CHT), a technical body under the aegis of MoP&NG, will be the implementation Agency for the scheme. Meeting Government of India vision of reducing import dependence by way of substituting fossil fuels with Biofuels. Achieving the GHG emissions reduction targets through progressive blending/ substitution of fossil fuels. Addressing environment concerns caused due to burning of biomass/ crop residues & improve health of citizens. Improving farmer income by providing them remunerative income for their otherwise waste agriculture residues. Creating rural & urban employment opportunities in 2G Ethanol projects and Biomass supply chain. Contributing to Swacch Bharat Mission by supporting the aggregation of non­food biofuel feedstocks such as waste biomass and urban waste. Indigenizing of Second Generation Biomass to Ethanol technologies.",
               "schemeEligiiblity":"Nil",
               "schemeTargetGroup":"All",
               "schemeMiscDetails":"For further details visit https://pib.gov.in/PressReleasePage.aspx?PRID=1566711",
               "schemeDepartments":"Nil"
            },
			{
               "schemeUiId":"M_038_S_006",
               "schemeName":"National Gas Grid Project",
               "schemeObj":"To remove regional imbalance within the country with regard to access of natural gas and provide clean and green fuel throughout the country. To connect gas sources to major demand centres and ensure availability of gas to consumers in various sectors. Development of City Gas Distribution Networks in various cities for supply of CNG and PNG.",
               "schemeDesc":"The India NGG Technical Assistance programme stems from an agreement in September between PNGRB and the US Trade Development Agency (USTDA). The study will aim at developing an economic basis for building India’s Natural Gas Grid (NGG). It would provide an update on the gas demand analysis, including anchor consumers, industries, city gas distribution (CGD) and emerging demand centres such as CNG and LNG for road transport. The study will take a fresh look at the gas supply analysis too. This includes review of LNG imports, domestic supply, potential transnational gas pipeline imports and virtual pipelines. Share of natural gas in India’s energy basket is 6.2% as against 23.4% globally and is expected to increase.",
               "schemeEligiiblity":"Nil",
               "schemeTargetGroup":"All",
               "schemeMiscDetails":"It can also give lot of benefits to help renewal of a number of declining fertilizer industrialized units and other sectors like Power and Automotive. In this scheme not only households but about half a million vehicles may switch over to CNG mode so that the problem of fuel in the country could be resolved.",
               "schemeDepartments":"Nil"
            },
			{
               "schemeUiId":"M_038_S_007",
               "schemeName":"City Gas Distribution Network",
               "schemeObj":"To increase the availability of cleaner cooking fuel (i.e. Piped Natural Gas) and transportation fuel (i.e. Compressed Natural Gas) in the country.",
               "schemeDesc":"Government of India is pushing to promote the usage of environment friendly clean fuel i.e. natural gas as a fuel/feedstock across the country to move towards a gas based economy. Presently the share of gas in the country’s energy mix is just over 6% and the aim is to reach the 15% figure, while the world average is 24%. Purpose for development of CGD networks is to increase the availability of cleaner cooking fuel (i.e. Piped Natural Gas) and transportation fuel (i.e. Compressed Natural Gas) in the country. The Petroleum and Natural Gas Regulatory Board (PNGRB) has also initiated the process of new CGD bidding round covering 124 districts in 14 States to increase the potential coverage to about 53% of the country’s area covering 70% of country’s population. Government's clean energy initiatives: 1. CGD will help in supporting governments various clean energy initiatives of the Union Government like Ethanol Blending, Compressed Biogas plants, increased LPG coverage and introduction of BS-6 fuels for automobiles. 2. CGD will support Pradhan Mantri Ujjwala Yojana as number of cylinders will be vacated for delivery in rural areas, from the cities which will get piped gas deliveries",
               "schemeEligiiblity":"Nil",
               "schemeTargetGroup":"All",
               "schemeMiscDetails":"Under the Petroleum and Natural Gas Regulatory Board (PNGRB) Act 2006, PNGRB grants the authorization to the entities for developing a City Gas Distribution (CGD) network (including PNG network) in a specified Geographical Area (GA) of the country. CGD sector has four distinct segments – Compressed Natural Gas (CNG) predominantly used as auto-fuel, and Piped Natural Gas (PNG) used in in domestic, commercial and Industrial segments. Regulations pertaining to authorization/bidding of City Gas Distribution (CGD) networks were amended in 2018. The revised regulatory framework helped in attracting wider participation from public and private sector in CGD sector and leading to expand the coverage of CGD to 228 GAs spread over 406 districts with potential to cover about 53% of the country’s area and 70% of country’s population. It will make available environment friendly fuel i.e. CNG/PNG to public at large. To promote the development of CGD network, the Government has accorded the priority in domestic gas allocation to PNG (Domestic) and CNG (Transport) segments. It has been decided to meet 100% gas requirement of CNG (T) and PNG(D) segments through supply of domestic gas which is cheaper than imported gas. At present, CGD sector is consuming approx. 14.36 Million Metric Standard Cubic Meter per Day (MMSCMD) of domestic Gas for CNG (Transport) and PNG (Domestic) sector. There is approx. 10.91 MMSCMD of imported Re-gasified Liquefied Natural Gas (RLNG) used by Commercial and Industrial segment of CGD sector.",
               "schemeDepartments":"Ministry of Petroleum & Natural Gas"
            },
			{
               "schemeUiId":"M_038_S_008",
               "schemeName":"Pradhan Mantri Urja Ganga",
               "schemeObj":"URJA Ganga is a gas pipeline project of government of India. The gas pipeline project aims to provide piped cooking (PNG) gas to residents of the eastern region of the country and CNG gas for the vehicles.",
               "schemeDesc":"The project is being implemented by state-run gas utility GAIL. The ambitious 2,655 km long Jagdishpur-Haldia & Bokaro-Dhamra Natural Gas Pipeline (JHBDPL) project originates at Jagdishpur (Uttar Pradesh). The main trunk of pipeline ends to Haldia (West Bengal) and Dhamra (Odisha). The pipeline passes through Uttar Pradesh, Bihar, Jharkhand, West Bengal and Odisha. The Urja Ganga project also augments existing GAIL’s network of trunk pipelines covering the length of around 11,000 km by 2540 km. The project is considered as a major step towards collective growth and development of the Eastern region of India. Under it, overall 20 lakh households will get PNG connections. It will usher Industrial development in East India by supplying environmentally clean natural gas to fertiliser and power plant, refineries, steel plants and other industries. From Varanasi’s perspective, 50,000 households and 20,000 vehicles will get cleaner and cheaper fuel PNG and CNG gas respectively. It will also help in revival of defunct fertilizer plants in Barauni in Bihar, Gorakhpur in UP, Sindri in Jharkhand and Durgapur in West Bengal by supplying gas.", 
               "schemeEligiiblity":"Nil",
               "schemeTargetGroup":"All",
               "schemeMiscDetails":"For further details visit https://pib.gov.in/Pressreleaseshare.aspx?PRID=1579087",
               "schemeDepartments":"Ministry of Petroleum & Natural Gas"
            },
			{
               "schemeUiId":"M_038_S_009",
               "schemeName":"Sustainable Alternative Towards Affordable Transportation (SATAT) initiative",
               "schemeObj":"Aimed at setting up of Compressed Bio-Gas production plants and make it available in the market for use in automotive fuels by inviting Expression of Interest from potential entrepreneurs.",
               "schemeDesc":"The initiative was launched in October 2018 by the Ministry of Petroleum & Natural Gas in association with Public Sector Undertaking (PSU) Oil Marketing Companies (OMC) viz. Indian Oil Corporation Ltd., Bharat Petroleum Corporation Ltd. and Hindustan Petroleum Corporation Ltd. Compressed Bio-Gas plants are proposed to be set up mainly through independent entrepreneurs. CBG produced at these plants will be transported through cascades of cylinders to the fuel station networks of OMCs for marketing as a green transport fuel alternative. The entrepreneurs would be able to separately market the other by-products from these plants, including bio-manure, carbon-dioxide, etc to enhance returns on investment. It is planned to roll out 5,000 Compressed Bio-Gas plants across India in a phased manner, with 250 plants by the year 2020, 1,000 plants by 2022 and 5,000 plants by 2025 Under this Compressed Bio-Gas networks can be integrated with city gas distribution (CGD) networks to boost supplies to domestic and retail users in existing and upcoming markets. Besides retailing from OMC fuel stations, Compressed Bio-Gas can at a later date be injected into CGD pipelines too for efficient distribution and optimised access of a cleaner and more affordable fuel.",
               "schemeEligiiblity":"Nil",
               "schemeTargetGroup":"Entrepreneurs ",
               "schemeMiscDetails":"For further details visit ",
               "schemeDepartments":"Ministry for Petroleum and Natural Gas"
            },
			{
               "schemeUiId":"M_038_S_010",
               "schemeName":"START-UP Sangam Initiative",
               "schemeObj":"An initiative under the Startup India mandate to develop new business models, marketing plans, technology and innovations in heavy oil and gas industry sector.",
               "schemeDesc":"As many as 10 firms under the Oil Ministry including Indian Oil and ONGC today unveiled a Rs 320 crore fund to support start-ups in the oil and gas sector for a period of three years. More funds can be provided under this initiative, Oil Minister Dharmendra Pradhan said , after the launch of the scheme. The minister said that this initiative would help promote innovation and new business models in the oil and gas sector. For this thirty start-ups have been  selected who will work in various fields related to energy such as converting waste plastics to petroleum fuels, multipurpose fuel from agricultural waste biomass, solar stove and leak detectors for liquefied natural gas (LNG),Self – sustaining low-maintenances toilets or eco-toilets and Remotely Operated Vehicles (ROVs) for underwater inspections. Start-ups in technology field will get 30 months to submit proof of concept whereas start-ups with business ideas will be given 18 months.These oil and gas PSUs will buy out these projects submitted by selected start-ups in given time frame based on merit to do more innovations. The minister added the oil and gas sector would offer investment opportunities worth USD 300 billion in the next 10 years in view of about 25 per cent of incremental energy demand in the world coming from India. The 10 state-run firms running the initiative are Indian Oil, Hindustan Petroleum, Bharat Petroleum, Oil India, ONGC, Engineers India, Numaligarh Refinery, Gas Authority of India, Balmer Lawrie and Mangalore Refinery and Petrochemicals. The minister also expressed hope that the burden of oil imports would reduce in the coming days, saying that if oil imports worth Rs 1 lakh crore are avoided then it would be a big boost for the country.",
               "schemeEligiiblity":"1. The start-up must be registered as a Private Company, LLP or Partnership Firm. 2. The start-up must not be a product of restructuring. 3. The Startup must not be older than 5 years. 4. Annual turnover of the start-up must not be more Rs. 25 crores. 5. The business must be involved in a new product or service. 6. The start-up must have obtained approval from DIPP that the business is innovative",
               "schemeTargetGroup":"Oil and Gas sector",
               "schemeMiscDetails":"For further details visit http://startup2day.in/story-fullview/start-up-sangam---rs-320-crore-funds-unveiled-for-oil--gas-start-ups",
               "schemeDepartments":"Ministry of Petroleum and Natural Gas"
            },
			{
               "schemeUiId":"M_038_S_011",
               "schemeName":"SAKSHAM (Sanrakshan Kshamta Mahotsav)",
               "schemeObj":"Aims at creating focused attention on fuel conservation through people centric activities and sensitize masses about conservation and efficient use of petroleum products leading to better health and environment. It also aims to intensify efforts for making citizens aware about conservation and effective utilization of petroleum products. It seeks to enthuse masses with new energy coupled with all-out effort for saving precious fuel, which will also contribute in keeping our environment green.",
               "schemeDesc":"SAKSHAM (Sanrakshan Kshamta Mahotsav) is an annual flagship event of Petroleum Conservation Research Association (PCRA) under the aegis of Ministry of Petroleum & Natural Gas, Govt. of India. The event is carried out with active involvement of the Oil & Gas PSUs along with other stakeholders like State Governments. It was for creating focused attention on fuel conservation through people centric activities and to sensitize the masses about the conservation and efficient use of petroleum products leading to better health and environment. In 2019, the campaign is named as SAKSHAM (Sanrakshan Kshamta Mahotsav) in which a number of activities are being carried out based on the theme of the event. Like Bi-cycle day, fuel efficient driving contest, walkathon, fuel saving concerts, driver training workshops, LPG Panchayat etc. It aims at making oil conservation a national movement. As part of its mandate, PCRA is entrusted with the task of creating awareness amongst the masses about the importance, methods and benefits of conserving petroleum products & emission reduction. To become a centre of excellence for conservation of hydrocarbons & environment protection for sustainable development on our inherent strength. ",
               "schemeEligiiblity":"Nil",
               "schemeTargetGroup":"All",
               "schemeMiscDetails":"For further details visit http://www.pcra.org/saksham/home",
               "schemeDepartments":"Petroleum Conservation Research Association (PCRA)"
            },
         ]
      }
   ]
}