{
   "ListOfMinistries":[
      {
         "ministryId":1,
         "ministryName":"பெண்கள் மற்றும் குழந்தைகள் இயக்கம் அமைச்சு",
         "ministrySchemesList":[
            {
               "schemeUiId":"M_052_S_001",
               "schemeName":"தேசிய ஊட்டச்சத்து மிஷன்- போஷான் அபியன்",
               "schemeObj":"முக்கிய அங்கன்வாடி சேவைகளின் பயன்பாட்டை மேம்படுத்துவதன் மூலமும், அங்கன்வாடி சேவைகள் வழங்கலின் தரத்தை மேம்படுத்துவதன் மூலமும் அதிக ஊட்டச்சத்துக் குறைபாடுள்ள இந்தியாவின் அடையாளம் காணப்பட்ட மாவட்டங்களில் தடுமாற்றத்தைக் குறைத்தல். கர்ப்பிணி பெண்கள், தாய்மார்கள் மற்றும் குழந்தைகளுக்கு முழுமையான வளர்ச்சி மற்றும் போதுமான ஊட்டச்சத்தை உறுதி செய்வதே இதன் நோக்கம்.",
               "schemeDesc":"இலக்குகள் மூலம் இந்த திட்டம் ஸ்டண்டிங், ஊட்டச்சத்து குறைவு, இரத்த சோகை மற்றும் குறைந்த பிறப்பு எடை கொண்ட குழந்தைகளின் அளவைக் குறைக்க முயற்சிக்கும். இது சினெர்ஜியை உருவாக்கும், சிறந்த கண்காணிப்பை உறுதி செய்யும், சரியான நேரத்தில் நடவடிக்கை எடுப்பதற்கான விழிப்பூட்டல்களை வெளியிடும், மேலும் இலக்கு நிர்ணயிக்கப்பட்ட இலக்குகளை அடைய மாநிலங்கள் / யூ.டி.க்களை அமைச்சர்கள் மற்றும் மாநிலங்கள் / யூ.டி. என்.என்.எம் என்பது போரின் அடிப்படையில் நாட்டில் ஊட்டச்சத்து அளவை உயர்த்துவதற்கான ஒரு விரிவான அணுகுமுறையாகும். ஊட்டச்சத்துக் குறைபாட்டை நிவர்த்தி செய்வதற்கு பங்களிக்கும் பல்வேறு திட்டங்களின் மேப்பிங் இதில் அடங்கும், இதில் மிகவும் வலுவான ஒருங்கிணைப்பு பொறிமுறை, ஐ.சி.டி அடிப்படையிலான ரியல் டைம் கண்காணிப்பு அமைப்பு, இலக்குகளை அடைவதற்கு மாநிலங்கள் / யூ.டி.க்களை ஊக்குவித்தல், ஐ.டி அடிப்படையிலான கருவிகளைப் பயன்படுத்துவதற்கு அங்கன்வாடி தொழிலாளர்களை (ஏ.டபிள்யூ.டபிள்யூ) ஊக்குவித்தல், பயன்படுத்தப்பட்ட பதிவேடுகளை நீக்குதல் ஆகியவை அடங்கும். AWW களால், அங்கன்வாடி மையங்கள் (AWC கள்), சமூக தணிக்கைகள், ஊட்டச்சத்து வள மையங்களை அமைத்தல், பல்வேறு நடவடிக்கைகளின் மூலம் ஊட்டச்சத்துக்கான பங்களிப்புக்காக ஜான் ஆண்டோலன் மூலம் மக்களை ஈடுபடுத்துதல் போன்றவற்றில் குழந்தைகளின் உயரத்தை அளவிடுவதை அறிமுகப்படுத்துகிறது.",
               "schemeEligiiblity":"0-6 வயது வரையிலான குழந்தைகள், இளம் பருவ பெண்கள், கர்ப்பிணிப் பெண்கள் மற்றும் பாலூட்டும் தாய்மார்கள் சரியான நேரத்தில், இளம் குழந்தைகள், பெண்கள் மற்றும் இளம் பருவ பெண்கள் மத்தியில் தடுமாற்றம், ஊட்டச்சத்து குறைதல் மற்றும் இரத்த சோகை ஆகியவற்றைக் குறைத்தல் மற்றும் குறைந்த பிறப்பு எடையைக் குறைத்தல்",
               "schemeTargetGroup":"பெண்கள் மற்றும் குழந்தைகள்",
               "schemeMiscDetails":"மேலும் விவரங்களுக்கு https://niti.gov.in/poshan-abhiyaan ஐப் பார்வையிடவும்",
               "schemeDepartments":"பெண்கள் மற்றும் குழந்தைகள் மேம்பாட்டு அமைச்சகம் (MWCD)"
            },
            {
               "schemeUiId":"M_0521_S_002",
               "schemeName":"ஒருங்கிணைந்த குழந்தை மேம்பாட்டு திட்டம் (ஐ.சி.டி.எஸ்)",
               "schemeObj":"இறப்பு, ஊட்டச்சத்து குறைபாடு மற்றும் பள்ளிப் படிப்பு போன்றவற்றைக் குறைப்பதற்காக 6 வயதிற்குட்பட்ட குழந்தைகளுக்கு (மற்றும் கர்ப்பிணி அல்லது பாலூட்டும் தாய்மார்களுக்கு) ஊட்டச்சத்து ஆதரவு, சுகாதார மற்றும் முன்பள்ளி கல்வியை வழங்குதல்.",
               "schemeDesc":"ஐ.சி.டி.எஸ் திட்டத்தின் கீழ், 6 வயதிற்குட்பட்ட குழந்தைகள் மற்றும் கர்ப்பிணி அல்லது பாலூட்டும் தாய்மார்கள் நான்கு முக்கிய சேவைகளை அணுகலாம்: 1. துணை ஊட்டச்சத்து - வைட்டமின் ஏ மாத்திரைகள், உணவு தானியங்கள் மற்றும் அரிசி, மற்றும் ஊட்டச்சத்து குறைபாட்டின் அறிகுறிகளைக் காட்டும் குழந்தைகள் மற்றும் தாய்மார்களுக்கு வலுவான உணவுப் பொதிகள் கிடைக்கின்றன. ஆறு வயதிற்குட்பட்ட அனைத்து குழந்தைகளுக்கும் எடைக்கான வயது வளர்ச்சி அட்டைகள் பராமரிக்கப்பட வேண்டும் - 3 வயதிற்குட்பட்ட குழந்தைகள் மாதத்திற்கு ஒரு முறை எடையும், 3-6 வயதுடைய குழந்தைகளை காலாண்டு எடையும் செய்ய வேண்டும். 2. நோய்த்தடுப்பு மருந்துகள் - தடுக்கக்கூடிய ஆறு நோய்களுக்கு எதிராக குழந்தைகளுக்கு முழு தடுப்பூசிகள் வழங்கப்பட வேண்டும்: போலியோமைலிடிஸ், டிப்தீரியா, பெர்டுசிஸ், டெட்டனஸ், காசநோய் மற்றும் தட்டம்மை. கர்ப்பிணிப் பெண்கள் தாய்வழி மற்றும் பிறந்த குழந்தைகளின் இறப்பைக் குறைக்கும் டெட்டனஸுக்கு எதிராக தடுப்பூசி பெற வேண்டும். 3. சுகாதார பரிசோதனைகள் - குழந்தைகளுக்கு வயிற்றுப்போக்கு சிகிச்சை, டி-வார்மிங் மற்றும் எளிய மருந்துகளின் விநியோகம் (எடை மற்றும் உயர கண்காணிப்பு மற்றும் நோய்த்தடுப்பு மருந்துகள்) உள்ளிட்ட பல்வேறு சுகாதார சேவைகள் வழங்கப்பட வேண்டும். கர்ப்பிணிப் பெண்கள் மற்றும் புதிய தாய்மார்களுக்கு முந்தைய பிறந்த மற்றும் பிறப்புக்கு முந்தைய பரிசோதனைகள் வழங்கப்பட வேண்டும். 4. பரிந்துரை சேவைகள் - சுகாதார பரிசோதனைக்குப் பிறகு, குழந்தைகள் அல்லது தாய்மார்களுக்கு மருத்துவ கவனிப்பு தேவைப்பட்டால் அவர்கள் ஆரம்ப சுகாதார மையம் அல்லது துணை மையத்திற்கு அனுப்பப்பட வேண்டும். கடுமையான ஊட்டச்சத்து குறைபாடுள்ள குழந்தைகளை ஊட்டச்சத்து மறுவாழ்வு மையங்களுக்கு (என்.ஆர்.சி) பரிந்துரைக்க வேண்டும் மற்றும் குறைபாடுகள் உள்ள இளம் குழந்தைகளை நிபுணர்களிடம் பரிந்துரைக்க வேண்டும்.",
               "schemeEligiiblity":"6 வயதுக்குட்பட்ட குழந்தைகள் மற்றும் கர்ப்பிணி அல்லது பாலூட்டும் தாய்மார்கள்",
               "schemeTargetGroup":"பெண்கள் மற்றும் குழந்தைகள்",
               "schemeMiscDetails":"கூடுதலாக, 3-6 வயதுடைய குழந்தைகள் ஐ.சி.டி.எஸ் இன் கீழ் முன்பள்ளி முறைசாரா கல்வியை அணுக முடியும். பெண்கள் மற்றும் இளம்பருவ பெண்கள் (15-45 வயதுடையவர்கள்) ஊட்டச்சத்து மற்றும் சுகாதாரக் கல்வியையும் அணுக முடியும், அவர்களுக்கு அவர்களின் சொந்த உடல்நலம், ஊட்டச்சத்து மற்றும் மேம்பாட்டுத் தேவைகளையும் அவர்களின் குழந்தைகள் மற்றும் குடும்பத்தினரையும் கவனிக்க உதவும் ஆலோசனைகளையும் ஆதரவையும் வழங்க வேண்டும். மேலும் விவரங்களுக்கு http://www.pacsindia.org/projects/health-and-nutrition/icds-scheme ஐப் பார்வையிடவும்",
               "schemeDepartments":"பெண்கள் மற்றும் குழந்தைகள் மேம்பாட்டு அமைச்சகம் (MWCD)"
            },
             {
               "schemeUiId":"M_052_S_003",
               "schemeName":"பிரதான் மந்திரி மத்ரு வந்தனா யோஜனா (பி.எம்.எம்.வி)",
               "schemeObj":"பண ஊக்கத்தொகையின் அடிப்படையில் ஊதிய இழப்புக்கு இழப்பீடு வழங்குவதன் மூலம், முதல் உயிருள்ள குழந்தையை பிரசவிப்பதற்கு முன்பும் பின்பும் பெண் போதுமான ஓய்வு எடுக்க முடியும். இது ஒரு பகுதி இழப்பீடு ஆகும், இது மொத்தம் ரூ. பெண்ணுக்கு சராசரியாக 6,000 ரூபாய். மீதமுள்ள பண ஊக்கத்தொகை (ரூ. 1,000) நிறுவன விநியோகத்திற்குப் பிறகு ஜனனி சுரக்ஷா யோஜனா (ஜே.எஸ்.ஒய்) இன் கீழ் வழங்கப்படுகிறது. கர்ப்பிணிப் பெண்கள் மற்றும் பாலூட்டும் தாய்மார்களிடையே ஆரோக்கியத்தைத் தேடும் நடத்தை மேம்படுத்தவும்.",             
               "schemeDesc":"01.01.2017 முதல், தேசிய உணவுப் பாதுகாப்புச் சட்டம், 2013 ன் படி, நாட்டின் அனைத்து மாவட்டங்களிலும் மகப்பேறு நலத்திட்டம் செயல்படுத்தப்படும். இந்த திட்டத்திற்கு ‘பிரதான் மந்திரி மாத்ரு வந்தனா திட்டம்’ (பி.எம்.எம்.வி.ஒய்) என்று பெயரிடப்பட்டுள்ளது. பி.எம்.எம்.வி.யின் கீழ், கர்ப்பிணி பெண்கள் மற்றும் பாலூட்டும் தாய்மார்கள் (பி.டபிள்யூ & எல்.எம்) கணக்கில் நேரடியாக 5000 / - ரொக்க ஊக்கத்தொகை வழங்கப்படும், இது குடும்பத்தின் முதல் குழந்தைக்கு தாய் மற்றும் குழந்தை ஆரோக்கியம் தொடர்பான குறிப்பிட்ட நிபந்தனைகளுக்கு உட்பட்டது. தகுதிவாய்ந்த பயனாளிகள் நிறுவன பிரசவத்திற்குப் பிறகு ஜனனி சுரக்ஷா யோஜனா (ஜே.எஸ்.ஒய்) இன் கீழ் மகப்பேறு நலனுக்கான அங்கீகரிக்கப்பட்ட விதிமுறைகளின்படி மீதமுள்ள பண ஊக்கத்தொகைகளைப் பெறுவார்கள், இதனால் சராசரியாக ஒரு பெண்ணுக்கு 6000 / - ரூபாய் கிடைக்கும். பி.எம்.எம்.வி.ஒய், ஒரு மைய நிதியுதவித் திட்டம், பயனாளிகளுக்கு நேரடி நன்மை பரிமாற்ற நோக்கத்திற்காக ஒரு பிரத்யேக எஸ்க்ரோ கணக்கில் மாநில அரசுகள் / யூனியன் பிரதேச நிர்வாகங்களுக்கு (யூ.டி.) மானியங்களை வழங்கும்.",
               "schemeEligiiblity":"1. அனைத்து கர்ப்பிணிப் பெண்கள் மற்றும் பாலூட்டும் தாய்மார்கள் மத்திய / மாநில அரசு அல்லது பொதுத்துறை நிறுவனங்களுடன் (பி.எஸ்.யு) வழக்கமான வேலையில் இருப்பவர்களைத் தவிர்த்து அல்லது எந்தவொரு சட்டத்தின் கீழும் இதேபோன்ற சலுகைகளைப் பெறுபவர்களைத் தவிர. 2. குடும்பத்தில் முதல் குழந்தைக்கு ஜனவரி 01, 2017 அன்று அல்லது அதற்குப் பிறகு கர்ப்பம் தரித்த அனைத்து தகுதியான கர்ப்பிணிப் பெண்கள் மற்றும் பாலூட்டும் தாய்மார்கள்",
               "schemeTargetGroup":"கர்ப்பிணி பெண்கள் மற்றும் பாலூட்டும் தாய்மார்கள்",
               "schemeMiscDetails":"தாய் மற்றும் குழந்தை பாதுகாப்பு (எம்.சி.பி) அட்டையில் குறிப்பிடப்பட்டுள்ளபடி ஒரு பயனாளியின் கர்ப்பத்தின் தேதி மற்றும் கட்டம் அவரது கடைசி மாதவிடாய் காலம் (எல்.எம்.பி) தேதி குறித்து கணக்கிடப்படுகிறது. மேலும் விவரங்களுக்கு https://wcd.nic.in/sites/default/files/PMMVY%20Scheme%20Implemetation%20Guidelines%20._0.pdf ஐப் பார்வையிடவும்",
               "schemeDepartments":"பெண்கள் மற்றும் குழந்தைகள் மேம்பாட்டு அமைச்சகம்"
             },
             {
               "schemeUiId":"M_052_S_004",
               "schemeName":"பேட்டி பச்சாவ் பேட்டி பதாவோ",
               "schemeObj":"குறைந்து வரும் குழந்தை பாலியல் விகிதம் (சி.எஸ்.ஆர்) மற்றும் பாலின அடிப்படையிலான பாகுபாடு மற்றும் ஒழிப்பை அகற்ற உதவுதல், பெண் குழந்தையைப் பாதுகாக்க, பெண் குழந்தைக்கு கல்வியை வழங்குதல் மற்றும் அவரது பங்கேற்பை செயல்படுத்துதல்",
               "schemeDesc":"மக்கள்தொகை கணக்கெடுப்பு (2011) தரவு குழந்தை பாலியல் விகிதம் 1 (சி.எஸ்.ஆர்) இல் 0-6 ஆண்டுகளுக்கு இடையில் 918 என்ற அனைத்து நேரத்திலும் குறைந்துவரும் போக்கைக் காட்டியது. சமூக பொறுப்புணர்வு வீழ்ச்சியின் பிரச்சினை பெண்கள் பற்றாக்குறையின் முக்கிய குறிகாட்டியாகும், ஏனெனில் இது இரண்டையும் பிரதிபலிக்கிறது , பாலின சார்புடைய பாலினத் தேர்வு, மற்றும் சிறுமிகளுக்கு எதிரான பிறப்புக்குப் பிந்தைய பாகுபாடு (அவர்களின் உடல்நலம், ஊட்டச்சத்து, கல்வித் தேவைகளின் வடிவத்தில்) மூலம் பிறப்புக்கு முந்தைய பாகுபாடு வெளிப்படுகிறது. குழந்தை பாலியல் விகிதம் மிகவும் பாதகமாக இருப்பதற்கு முக்கிய காரணி பிறப்பு நேரத்தில் குறைந்த பாலியல் விகிதம் (SRB). சமூக கட்டமைப்பானது ஒருபுறம் சிறுமிகளைப் பாகுபடுத்துதல், எளிதில் கிடைப்பது, மலிவு மற்றும் மறுபுறம் கண்டறியும் கருவிகளை தவறாகப் பயன்படுத்துதல் ஆகியவை சமூக பொறுப்புணர்வு குறைந்து வருவதில் முக்கியமானவை. வலுவான சமூக-கலாச்சார மற்றும் மத சார்பு, மகன்களுக்கு விருப்பம் மற்றும் மகள்கள் மீதான பாகுபாடு ஆகியவை பிரச்சினையை அதிகப்படுத்தியுள்ளன. பெண் குழந்தையின் உயிர்வாழ்வு, பாதுகாப்பு மற்றும் அதிகாரம் ஆகியவற்றை உறுதிப்படுத்த ஒருங்கிணைந்த மற்றும் ஒன்றிணைந்த முயற்சிகள் தேவைப்படுவதால், அரசு ஜனவரி 22, 2015 அன்று ஹரியானாவின் பானிபட்டில் பெட்டி பச்சாவ் பேடி பதாவோவை (பிபிபிபி) அறிமுகப்படுத்தியது. இது பெண்கள் மற்றும் குழந்தைகள் மேம்பாடு, சுகாதாரம் மற்றும் குடும்ப நலன் மற்றும் மனித வள மேம்பாட்டு அமைச்சகங்களின் முத்தரப்பு முயற்சியாகும்.",
               "schemeEligiiblity":"10 வயதிற்குட்பட்ட பெண் குழந்தையுடன் ஒரு குடும்பம், எந்த வங்கியிலும் ஒரு சுகன்யா சமிரதி கணக்கு (எஸ்.எஸ்.ஏ) இருக்க வேண்டும், பெண் குழந்தையின் பெயரில் திறக்கப்பட வேண்டும், பெண் குழந்தை ஒரு இந்தியராக இருக்க வேண்டும். என்.ஆர்.ஐ.க்கள் இந்த திட்டத்திற்கு தகுதியற்றவர்கள்",
               "schemeTargetGroup":"பெண் குழந்தை",
               "schemeMiscDetails":"பேட்டி பச்சாவ் பேட்டி பதாவோவின் கீழ் பல திட்டங்கள் உள்ளன, அவை ஒவ்வொன்றும் பெண்கள் மற்றும் பெண் குழந்தைகளின் மேம்பாடு, அதிகாரம் மற்றும் நலனில் கவனம் செலுத்துகின்றன. பிபிபிபியின் கீழ் பிரபலமான சில திட்டங்களின் பட்டியல் இங்கே: சுகன்யா சம்ரிதி யோஜனா, பாலிகா சம்ரிதி யோஜனா, லாட்லி லக்ஷ்மி யோஜனா, லாட்லி திட்டம், கன்யஸ்ரீ பிரகல்பா யோஜனா, தனலட்சுமி திட்டம். மேலும் விவரங்களுக்கு https://www.pmindia.gov.in/en/government_tr_rec/beti-bachao-beti-padhao-caring-for-the-girl-child/",
               "schemeDepartments":"பெண்கள் மற்றும் குழந்தைகள் மேம்பாடு, சுகாதாரம் மற்றும் குடும்ப நலன் மற்றும் மனித வள மேம்பாடு"
             },
             {
               "schemeUiId":"M_052_S_005",
               "schemeName":"சுகன்யா சம்ருதி யோஜனா",
               "schemeObj":"இந்திய அரசின் ஒரு சிறிய வைப்புத் திட்டம் ஒரு பெண் குழந்தைக்கு மட்டுமே பிரத்யேகமானது, இது பேட்டி பச்சாவ் பேட்டி பதாவோ பிரச்சாரத்தின் ஒரு பகுதியாக தொடங்கப்பட்டது. இந்த திட்டம் ஒரு பெண் குழந்தையின் கல்வி மற்றும் திருமண செலவுகளை பூர்த்தி செய்வதாகும்.",
               "schemeDesc":"பெண் குழந்தையின் நலனுக்காக “பேட்டி பச்சாவ், பேட்டி பதாவோ யோஜனா” இன் ஒரு பகுதியாக இது அரசாங்கத்தால் ஆதரிக்கப்படும் சேமிப்பு திட்டமாகும். இதை 10 வயதிற்குட்பட்ட ஒரு பெண் குழந்தையின் பெற்றோரால் திறக்க முடியும். ஒரு சுகன்யா சமிர்தி கணக்கின் காலம் 21 ஆண்டுகள் அல்லது பெண் குழந்தை 18 வயதிற்குப் பிறகு திருமணம் செய்யும் வரை. ஏப்ரல் 2020 முதல், இந்தத் திட்டம் வட்டி விகிதத்தை வழங்குகிறது ஆண்டுதோறும் 7.6% கூட்டு. பெற்றோர்கள் இப்போது சிறுமிகளுக்கான இரண்டு எஸ்.எஸ்.ஒய் கணக்குகளைத் திறக்கலாம் மற்றும் இரட்டையர்கள் / மும்மூர்த்திகள் பிறந்தால் மூன்றாவது கணக்கைத் திறக்கலாம்.",
               "schemeEligiiblity":"10 வயதிற்குட்பட்ட பெண் குழந்தை",
               "schemeTargetGroup":"பெண் குழந்தை",
               "schemeMiscDetails":"மேலும் விவரங்களுக்கு http://www.nsiindia.gov.in/InternalPage.aspx?Id_Pk=89 ஐப் பார்வையிடவும்",
               "schemeDepartments":"பெண்கள் மற்றும் குழந்தைகள் மேம்பாடு, சுகாதாரம் மற்றும் குடும்ப நலன் மற்றும் மனித வள மேம்பாடு"
             },
             {
               "schemeUiId":"M_052_S_006",
               "schemeName":"உஜ்ஜவாலா திட்டம்",
               "schemeObj":"சமூக அணிதிரட்டல் மற்றும் உள்ளூர் சமூகங்களின் ஈடுபாடு, விழிப்புணர்வு உருவாக்கும் திட்டங்கள், பட்டறைகள் / கருத்தரங்குகள் மற்றும் இதுபோன்ற நிகழ்வுகள் மற்றும் பிற புதுமையான செயல்பாடுகள் மூலம் பொது சொற்பொழிவை உருவாக்குதல், பாதிக்கப்பட்டவர்களை அவர்களின் இடத்திலிருந்து மீட்பதற்கு வசதியாக, பெண்கள் மற்றும் குழந்தைகளை வணிக ரீதியான பாலியல் சுரண்டலுக்காக தடுக்கிறது. சுரண்டல் மற்றும் பாதுகாப்பான காவலில் வைக்கவும், பாதிக்கப்பட்டவர்களுக்கு உடனடி மற்றும் நீண்ட காலத்திற்கு மறுவாழ்வு சேவைகளை வழங்குதல், அடிப்படை வசதிகள் / தேவைகளான தங்குமிடம், உணவு, உடை, ஆலோசனை உள்ளிட்ட மருத்துவ சிகிச்சை, சட்ட உதவி மற்றும் வழிகாட்டுதல் மற்றும் தொழில் பயிற்சி போன்றவற்றை வழங்குவதன் மூலம், வசதி பாதிக்கப்பட்டவர்களை குடும்பம் மற்றும் சமூகத்தில் பெருமளவில் மறுசீரமைத்தல் மற்றும் எல்லை தாண்டிய பாதிக்கப்பட்டவர்களை அவர்களின் சொந்த நாட்டிற்கு திருப்பி அனுப்புவதற்கு வசதியாக.",
               "schemeDesc":"வணிகரீதியான பாலியல் சுரண்டலுக்காக பெண்கள் மற்றும் குழந்தைகளை கடத்துவது என்பது ஒரு ஒழுங்கமைக்கப்பட்ட குற்றமாகும், இது அடிப்படை மனித உரிமைகளை மீறுகிறது. நாடு மற்றும் எல்லை தாண்டிய கடத்தல் ஆகிய இரண்டிற்கும் ஒரு ஆதாரமாகவும், இலக்காகவும், போக்குவரமாகவும் இந்தியா உருவெடுத்துள்ளது. வணிகரீதியான பாலியல் சுரண்டலுக்காக பெண்கள் மற்றும் குழந்தைகளை கடத்துவதில் உள்ள சிக்கல் குறிப்பாக எண்ணற்ற சிக்கல்கள் மற்றும் மாறுபாடு காரணமாக சவாலானது. வறுமை, பெண்களின் குறைந்த நிலை, பாதுகாப்பு சூழல் இல்லாதது போன்றவை கடத்தலுக்கு சில காரணங்கள். பல துறை அணுகுமுறை தேவைப்படுகிறது, இது குறிப்பாக பாதிக்கப்படக்கூடிய பகுதிகள் மற்றும் மக்கள்தொகைகளில் கடத்தலைக் கைது செய்வதற்கான தடுப்பு நடவடிக்கைகளை மேற்கொள்ளும்; மற்றும் கடத்தப்பட்டவர்களின் மீட்பு, மறுவாழ்வு மற்றும் மறு ஒருங்கிணைப்பு ஆகியவற்றை செயல்படுத்துதல். மேற்கண்ட பிரச்சினைகள் மற்றும் இடைவெளிகளை மனதில் வைத்து அமைச்சகம் “வர்த்தக பாலியல் சுரண்டல்-உஜ்ஜவாலா கடத்தலுக்கு பலியானவர்களை மீட்பது, மறுவாழ்வு அளிப்பது மற்றும் மீண்டும் ஒருங்கிணைப்பதற்கான கடத்தல் தடுப்புக்கான விரிவான திட்டத்தை” உருவாக்கியுள்ளது. புதிய திட்டம் முதன்மையாக ஒருபுறம் கடத்தலைத் தடுப்பதற்கும், மறுபுறம் பாதிக்கப்பட்டவர்களை மீட்பதற்கும் மறுவாழ்வு செய்வதற்கும் நோக்கமாக வடிவமைக்கப்பட்டுள்ளது",
               "schemeEligiiblity":"1. நிறுவனம் சட்டத்தின் கீழ் பதிவு செய்யப்பட வேண்டும் மற்றும் அதன் அரசியலமைப்பில் தெளிவாக வரையறுக்கப்பட்ட மற்றும் விதிக்கப்பட்டுள்ள அதன் அதிகாரங்கள், கடமைகள் மற்றும் பொறுப்புகளுடன் ஒழுங்காக அமைக்கப்பட்ட நிர்வாக அமைப்பைக் கொண்டிருக்க வேண்டும் 2. அமைப்பு எந்தவொரு தனிநபரின் அல்லது தனிநபர்களின் அமைப்பின் இலாபத்திற்காக செயல்படக்கூடாது 3 பதிவுசெய்த பிறகு பொதுவாக மூன்று வருட அனுபவம் இருக்க வேண்டும் 4. அதன் நிதி நிலை நன்றாக இருக்க வேண்டும் 5. உதவி கோரும் திட்டத்தைத் தொடங்க வசதிகள், வளங்கள், அனுபவம் மற்றும் பணியாளர்கள் இருக்க வேண்டும் 6. தன்னார்வ நிறுவனங்கள் தன்னார்வ தொண்டு நிறுவனத்தில் பதிவு செய்யப்பட வேண்டும் என்ஐடிஐ ஆயோக்கின் பிஎஸ் போர்டல்.",
               "schemeTargetGroup":"வணிகரீதியான பாலியல் சுரண்டலுக்காக கடத்தலுக்கு ஆளாகக்கூடிய பெண்கள் மற்றும் குழந்தைகள், வணிகரீதியான பாலியல் சுரண்டலுக்காக கடத்தலுக்கு பலியான பெண்கள் மற்றும் குழந்தைகள்.",
               "schemeMiscDetails":"மேலும் விவரங்களுக்கு https://wcd.nic.in/schemes/ujjawala-comprehensive-scheme-prevention-trafficking-and-rescue-rehabilitation-and-re ஐப் பார்வையிடவும்",
               "schemeDepartments":"பெண்கள் மற்றும் குழந்தைகள் மேம்பாட்டு அமைச்சகம்"
             },
             {
               "schemeUiId":"M_052_S_007",
               "schemeName":"இளம்பருவ சிறுவர்களின் மேம்பாட்டிற்கான ராஜீவ் காந்தி திட்டம் - சாக்ஷாம்",
               "schemeObj":"இளம் பருவ சிறுவர்களை தன்னம்பிக்கை, பாலின உணர்வு மற்றும் விழிப்புணர்வுள்ள குடிமக்களாக மாற்றுவதற்கு வசதியாக, கல்வி மற்றும் அதிகாரம் அளித்தல். இந்த திட்டம் 11-18 மற்றும் 14-18 வகைகளாக பிரிக்கப்பட்ட 11-18 வயதுக்குட்பட்ட பள்ளிக்கு அல்லது பள்ளிக்கு வெளியே செல்லும் அனைத்து இளம் பருவத்தினரையும் உள்ளடக்கும். இளம் பருவ சிறுவனின் உடல்நலம், கல்வி, திறன் மேம்பாடு ஆகியவற்றிலும் இந்த திட்டம் உதவுகிறது.",
               "schemeDesc":"இளம் பருவ சிறுவர்களை மேம்படுத்துவதற்காக ‘இளம்பருவ சிறுவர்களை மேம்படுத்துவதற்கான ராஜீவ் காந்தி திட்டம்’ என்ற புதிய திட்டத்தை அரசு சமீபத்தில் அறிமுகப்படுத்தியது. இது இளைஞர்களின் ஒட்டுமொத்த வளர்ச்சியை மேம்படுத்துவதற்கும், அவர்களை சுய சார்புடையவர்களாகவும், பாலின உணர்வுள்ளவர்களாகவும், விழிப்புணர்வுள்ள குடிமக்களாகவும் மாற்றுவதை நோக்கமாகக் கொண்ட திட்டம் ‘சாக்ஷாம்’ என்றும் அழைக்கப்படுகிறது. இது பாலின வன்முறையைச் சமாளிக்கவும், தேசத்தைக் கட்டியெழுப்ப அவர்களின் சக்தியைப் பயன்படுத்தவும் உதவும். இது 11 முதல் 18 வயதுக்குட்பட்ட பருவ வயது சிறுவர்களின் (பள்ளிக்குச் செல்லும் மற்றும் பள்ளிக்கு வெளியே) தேவைகளை நிவர்த்தி செய்யும். வயதுக் குழு மேலும் 11 முதல் 14 ஆகவும், 14 முதல் 18 ஆகவும் பிரிக்கப்பட்டுள்ளது. ஆரம்பத்தில், இது 7 மாநிலங்களில் 20 மாவட்டங்களில் செயல்படுத்தப்படும், மேலும் ஒவ்வொரு ஆண்டும் 6 லட்சம் இளம் பருவ சிறுவர்கள் பயனடைவார்கள். இது அவர்களின் பல்வேறு சுகாதாரத் தேவைகளை - மன, உடல், மற்றும் உணர்ச்சிபூர்வமான முறையில் நிவர்த்தி செய்ய உதவும். இது டீனேஜ் சிறுவர்களிடையே தூய்மை, ஊட்டச்சத்து, பாலியல் மற்றும் இனப்பெருக்க ஆரோக்கியம் குறித்த விழிப்புணர்வை பரப்புகிறது. வாழ்க்கைத் திறன் கல்வி மற்றும் பொது சேவை தகவல்களுடன், இது 16 வயதிற்கு மேற்பட்ட சிறுவர்களுக்கு என்.எஸ்.டி.பி (தேசிய திறன் மேம்பாட்டுத் திட்டம்) மூலம் தொழில் திறன்களை வழங்கும்.",
               "schemeEligiiblity":"நாடு முழுவதும் இளம் பருவ சிறுவர்கள் 11–18 வயதுக்கு உட்பட்டவர்கள் அல்லது சிறுவர்கள் பள்ளிக்குச் செல்ல வேண்டும் அல்லது அது பாதிக்காது.",
               "schemeTargetGroup":"பத்து வயது முதல் பதினெட்டு வயது வரை (10 வயது - 18 வயது) சிறுவர்கள்.",
               "schemeMiscDetails":"மேலும் விவரங்களுக்கு https://govinfo.me/sakshamrajeev-gandhi-scheme-empowerment-adolescent-boys/",
               "schemeDepartments":"பெண்கள் மற்றும் குழந்தைகள் மேம்பாட்டு அமைச்சகம்"
             },
             {
               "schemeUiId":"M_052_S_008",
               "schemeName":"பாலின சாம்பியன்ஸ் திட்டம்",
               "schemeObj":"சமுதாயத்தில் பெண்கள் மற்றும் ஆண்களின் அனுபவங்களை வடிவமைக்கும் பாலினத்தின் சமூக மற்றும் கலாச்சார கட்டுமானங்களைப் புரிந்துகொள்வதற்கான ஒருங்கிணைந்த மற்றும் இடைநிலை அணுகுமுறையை வழங்குதல். இளம் சிறுவர் சிறுமிகளை பாலின உணர்திறன் கொண்டவர்களாக மாற்றுவதும், சிறுமிகளையும் அவர்களின் உரிமைகளையும் மதிக்கும் நேர்மறையான சமூக விதிமுறைகளை உருவாக்குவதும் இதன் நோக்கம்.",
               "schemeDesc":"இந்திய அரசியலமைப்பின் 15 வது பிரிவினால் உத்தரவாதம் அளிக்கப்பட்ட பாலின சமத்துவத்தை மேம்படுத்துவதற்காக, வீடு, பள்ளி, பணியிடம் மற்றும் பல மட்டங்களில் நாம் தொடர்பு கொள்ளும் முறையை மாற்ற வேண்டும். சமமான சிகிச்சையை வளர்க்கும் சூழலை உருவாக்குவதற்கான அணுகுமுறையை அதிகரிக்க, நாடு முழுவதும் உள்ள அனைத்து பள்ளிகள் மற்றும் கல்லூரிகளில் பாலின சாம்பியன்களை ஈடுபடுத்த இந்திய அரசு திட்டமிட்டுள்ளது. பாலின சாம்பியன்ஸ் கல்வி நிறுவனங்களில் சேரப்பட்ட 16 வயதுக்கு மேற்பட்ட எந்தவொரு மாணவராகவும் இருக்கலாம்",
               "schemeEligiiblity":"1. பாலின சாம்பியன்ஸ் 16 வயதுக்கு மேற்பட்ட எந்தவொரு மாணவராகவும் இருக்கலாம் 2. பள்ளி அல்லது கல்லூரியில் சேர வேண்டும். 3. அவள் / அவன் ஆண்டுத் தேர்வு / பள்ளி விட்டுச் செல்லும் சான்றிதழில் குறைந்தபட்சம் 50% மதிப்பெண்கள் அல்லது அதற்கு சமமான தரத்தைப் பெற்றிருக்க வேண்டும். 4. சிறந்த வாய்வழி, எழுதப்பட்ட மற்றும் விளக்கக்காட்சி திறன். 5. தலைமைத்துவ குணங்களை நிரூபித்திருக்க வேண்டும் 6. சமூக-கலாச்சார பிரச்சினைகள் மற்றும் நடைமுறையில் உள்ள பாலின விதிமுறைகள் மற்றும் நடைமுறைகள் பற்றிய சிறந்த புரிதல்",
               "schemeTargetGroup":"16 வயதுக்கு மேற்பட்ட மாணவர்",
               "schemeMiscDetails":"மேலும் விவரங்களுக்கு https://wcd.nic.in/sites/default/files/Guideline%20Gender%20Champiam%20final.pdf ஐப் பார்வையிடவும்",
               "schemeDepartments":"பெண்கள் மற்றும் குழந்தைகள் மேம்பாட்டு அமைச்சகம் மற்றும் மனித வள மேம்பாட்டு அமைச்சகம்."
             },
             {
               "schemeUiId":"M_052_S_009",
               "schemeName":"SWADHAR GREH SCHEME",
               "schemeObj":"தங்குமிடம், உணவு, உடை, மருத்துவ சிகிச்சை மற்றும் துன்பத்தில் உள்ள பெண்களின் கவனிப்பு மற்றும் எந்தவொரு சமூக மற்றும் பொருளாதார ஆதரவும் இல்லாதவர்கள், துரதிர்ஷ்டவசமான சூழ்நிலைகளை எதிர்கொள்வதால் தடைபடும் அவர்களின் உணர்ச்சி வலிமையை மீண்டும் பெற அவர்களுக்கு உதவுதல். , குடும்பம் / சமுதாயத்தில் அவர்கள் மறுசீரமைப்பதற்கான நடவடிக்கைகளை எடுக்க அவர்களுக்கு சட்ட உதவி மற்றும் வழிகாட்டுதல்களை வழங்குதல், அவர்களை பொருளாதார ரீதியாகவும் உணர்ச்சி ரீதியாகவும் மறுவாழ்வு அளித்தல், துன்பத்தில் இருக்கும் பெண்களின் பல்வேறு தேவைகளைப் புரிந்துகொண்டு பூர்த்தி செய்யும் ஒரு ஆதரவு அமைப்பாக செயல்படுவது, கண்ணியத்துடனும் உறுதியுடனும் தங்கள் வாழ்க்கையை புதிதாகத் தொடங்க.",
               "schemeDesc":"கடினமான சூழ்நிலைகளால் பாதிக்கப்பட்ட பெண்களுக்கு ஒரு உறுதியான நிறுவன கட்டமைப்பை இந்த திட்டம் வகுக்கிறது, இதனால் அவர்கள் கண்ணியத்துடனும் உறுதியுடனும் தங்கள் வாழ்க்கையை நடத்த முடியும். அத்தகைய பெண்களுக்கு தங்குமிடம், உணவு, உடை மற்றும் உடல்நலம் மற்றும் பொருளாதார மற்றும் சமூக பாதுகாப்பு ஆகியவை உறுதி செய்யப்பட வேண்டும் என்று அது கருதுகிறது. இந்த பெண்களின் சிறப்புத் தேவைகள் முறையாகக் கவனிக்கப்படுவதாகவும், எந்தவொரு சூழ்நிலையிலும் அவர்கள் கவனிக்கப்படாமலோ அல்லது கைவிடப்படாமலோ இருக்க வேண்டும், இது அவர்களின் சுரண்டல் மற்றும் பாழடைவதற்கு வழிவகுக்கும்.",
               "schemeEligiiblity":"18 வயதுக்கு மேற்பட்ட பெண்கள்",
               "schemeTargetGroup":"1. வெறிச்சோடிய மற்றும் எந்தவொரு சமூக மற்றும் பொருளாதார ஆதரவும் இல்லாத பெண்கள் 2. வீடற்றவர்களாக மாற்றப்பட்ட மற்றும் எந்தவொரு சமூக மற்றும் பொருளாதார ஆதரவும் இல்லாத இயற்கை பேரழிவுகளில் இருந்து தப்பிய பெண்கள் 3. சிறையில் இருந்து விடுவிக்கப்பட்ட பெண்கள் கைதிகள் குடும்பம், சமூக மற்றும் பொருளாதார ஆதரவு இல்லாமல் உள்ளனர் 4. வீட்டு வன்முறை, குடும்ப பதற்றம் அல்லது கருத்து வேறுபாடு ஆகியவற்றால் பாதிக்கப்பட்ட பெண்கள், எந்தவிதமான வாழ்வாதாரமும் இல்லாமல் தங்கள் வீடுகளை விட்டு வெளியேறும்படி செய்யப்படுகிறார்கள் மற்றும் திருமணச் சச்சரவுகள் காரணமாக சுரண்டல் மற்றும் / அல்லது வழக்குகளை எதிர்கொள்வதில் இருந்து சிறப்புப் பாதுகாப்பு இல்லை 5. கடத்தப்பட்ட பெண்கள் / சிறுமிகள் மீட்கப்பட்டனர் அல்லது விபச்சார விடுதி அல்லது அவர்கள் சுரண்டலை எதிர்கொள்ளும் பிற இடங்களிலிருந்தும், சமூக அல்லது பொருளாதார ஆதரவு இல்லாத எச்.ஐ.வி / எய்ட்ஸ் நோயால் பாதிக்கப்பட்ட பெண்கள். எவ்வாறாயினும், அத்தகைய பெண்கள் / பெண்கள் முதலில் உஜ்ஜாவாலா திட்டத்தின் கீழ் உதவி பெறும் பகுதிகளில் உதவி பெற வேண்டும்.",
               "schemeMiscDetails":"மேலும் விவரங்களுக்கு https://wcd.nic.in/node/93576 ஐப் பார்வையிடவும்",
               "schemeDepartments":"பெண்கள் மற்றும் குழந்தைகள் மேம்பாட்டுத் துறை"
             },
             {
               "schemeUiId":"M_052_S_010",
               "schemeName":"சகி ஒன் ஸ்டாப் சென்டர்",
               "schemeObj":"வன்முறையால் பாதிக்கப்பட்ட பெண்களுக்கு, தனியார் மற்றும் பொது இடங்களில் ஒரே கூரையின் கீழ் ஒருங்கிணைந்த ஆதரவு மற்றும் உதவிகளை வழங்குதல் மற்றும் ஒரே கூரையின் கீழ் மருத்துவ, சட்ட, உளவியல் மற்றும் ஆலோசனை ஆதரவு உள்ளிட்ட பல சேவைகளுக்கு உடனடி, அவசர மற்றும் அவசரகால அணுகலை எளிதாக்குவது. பெண்களுக்கு எதிரான எந்தவொரு வன்முறையையும் எதிர்த்துப் போராடுங்கள்.",
               "schemeDesc":"ஒன் ஸ்டாப் சென்டர்கள் (ஓ.எஸ்.சி) வன்முறையால் பாதிக்கப்பட்ட பெண்களுக்கு, தனியார் மற்றும் பொது இடங்களில், குடும்பம், சமூகம் மற்றும் பணியிடங்களுக்குள் ஆதரவளிக்கும் நோக்கம் கொண்டவை. உடல், பாலியல், உணர்ச்சி, உளவியல் மற்றும் பொருளாதார துஷ்பிரயோகங்களை எதிர்கொள்ளும் பெண்கள், வயது, வர்க்கம், சாதி, கல்வி நிலை, திருமண நிலை, இனம் மற்றும் கலாச்சாரம் ஆகியவற்றைப் பொருட்படுத்தாமல் ஆதரவு மற்றும் நிவாரணத்துடன் வசதி செய்யப்படுவார்கள். பாலியல் துன்புறுத்தல், பாலியல் வன்கொடுமை, வீட்டு வன்முறை, கடத்தல், க honor ரவம் தொடர்பான குற்றங்கள், ஆசிட் தாக்குதல்கள் அல்லது சூனிய வேட்டை போன்றவற்றால் எந்தவொரு வன்முறையையும் எதிர்கொள்ளும் வேதனைக்குள்ளான பெண்களுக்கு சிறப்பு சேவைகள் வழங்கப்படும்.",
               "schemeEligiiblity":"18 வயதுக்குட்பட்ட அனைத்து பெண்கள் மற்றும் பெண்கள்",
               "schemeTargetGroup":"சாதி, வர்க்கம், மதம், பகுதி, பாலியல் நோக்குநிலை அல்லது திருமண நிலை ஆகியவற்றைப் பொருட்படுத்தாமல், வன்முறையால் பாதிக்கப்பட்ட 18 வயதுக்குக் குறைவான பெண்கள் உட்பட அனைத்து பெண்களுக்கும் OSC ஆதரவளிக்கும். 18 வயதிற்குட்பட்ட சிறுமிகளுக்கு, சிறார் நீதி (குழந்தைகளின் பாதுகாப்பு மற்றும் பாதுகாப்பு) சட்டம், 2000 மற்றும் பாலியல் குற்றங்களிலிருந்து குழந்தைகளைப் பாதுகாத்தல் சட்டம், 2012 ஆகியவற்றின் கீழ் நிறுவப்பட்ட நிறுவனங்கள் மற்றும் அதிகாரிகள் OSC உடன் இணைக்கப்படும்",
               "schemeMiscDetails":"மேலும் விவரங்களுக்கு https://wcd.nic.in/schemes/one-stop-centre-scheme-1",
               "schemeDepartments":"பெண்கள் மற்றும் குழந்தைகள் மேம்பாட்டு அமைச்சகம் (MWCD)"
             },
         ]
      }
   ]
}