{
   "ListOfMinistries":[
      {
         "ministryId":1,
         "ministryName":"Ministry of Tribal Welfare",
         "ministrySchemesList":[
            {
               "schemeUiId":"M_051_S_001",
               "schemeName":"EKLAVYA MODEL RESIDENTIAL SCHOOL",
               "schemeObj":"To provide quality middle and high level education to Scheduled Tribes (ST) students in remote areas, not only to enable them to avail of reservation in high and professional educational courses and as jobs in government and public and private sectors but also to have access to the best opportunities in education at par with the non ST population.",
			   "schemeDesc":"In the context of the trend of establishing quality residential schools for the promotion of education in all areas and habitations in the country, the Eklavya Model Residential Schools (EMRS) for ST students take their place among the Jawahar Navodaya Vidyalays, the Kasturba Gandhi Balika Vidyalays and the Kendriya Vidyalays. b. Eklavya Model Residential School (EMRS) are set up in the States/UTs with grants under Article 275(1) of the Constitution of India. c. States/UTs are free to apportion funds out of their Article 275 (1) Grants to construct and run additional EMRS over the number sanctioned by the ministry. d. The State Governments/UT Administration will ask for new EMRS after ensuring that all the existing EMRSs have been made functional. e. The Ministry’s support to the States/UTs for the EMRSs programme and its expansion will be subject to the States/UTs ensuring high quality of management and running of the schools. Quality management indicates timely and smooth transition of funds allocated from the State Government/UT Administration to the management societies/schools; ensuring the recruitment of the desired number of teachers; ensuring the provisions of medical facilities to staff and students; clean and hygienic surroundings and food for the children and providing a healthy, happy environment for the academic and overall development of the children, If the progress in the EMRSs is seen to be poor as a direct result of poor management and lack of adherence to standards the States/UTs concerned would be unable to claim any more funds from the Ministry for this programme.",
               "schemeEligiiblity":"A student should belong to a Scheduled Tribe (ST). A student current only in government school/ashram school or recognized grant in aid must be studying. A student must have passed in class 5th at the time of admission",
               "schemeTargetGroup":"ST children",
               "schemeMiscDetails":"For further details visit ",
               "schemeDepartments":"Nil"
            },
			 {
               "schemeUiId":"M_051_S_002",
               "schemeName":"SCHEME OF ASHRAM SCHOOLS IN TRIBAL SUB PLAN AREAS",
               "schemeObj":"To provide residential schools for Scheduled Tribes including PTGs in an environment conducive to learning to increase the literacy rate among the tribal students and to bring them at par with other population of the country.  The scheme is in operation since 1990-91 and has been revised w.e.f. the financial year 2008-09.",
			   "schemeDesc":"This is a centrally sponsored scheme and is operational in the Tribal sub-Plan States/UT Administrations. The scheme covers primary, middle, secondary and senior secondary level of education. Under the revised scheme, State Governments are eligible for 100% funding for establishment of Ashram Schools (i.e. school buildings, hostels, kitchen and staff quarters) for girls in TSP areas and also for construction of Boys’ Ashram Schools in TSP areas in naxal affected areas (identified by Ministry of Home Affairs from time to time). The funding pattern for the other Boys’ ashram Schools is on 50:50 basis, while cent percent assistance is given to UTs for construction of both Girls’ and Boys’ Ashram Schools. Financial assistance on 50:50 basis is given for other non-recurring items of expenditure i.e. purchase of equipment, furniture and furnishing, purchase of few sets of books for a small library for use of inmates of the hostels etc.",
               "schemeEligiiblity":"Scheduled Tribe (ST) students pursuing primary, middle, secondary and senior secondary education",
               "schemeTargetGroup":"Scheduled Tribe boys and girls",
               "schemeMiscDetails":"The ST boys and girls can study in residential schools in an environment conducive to learning.",
               "schemeDepartments":"Nil"
            },
			 {
               "schemeUiId":"M_051_S_003",
               "schemeName":"VANBANDHU KALYAN YOJANA",
               "schemeObj":"Improving the quality of life in tribal areas, Improving the quality of education, Qualitative and sustainable employment for tribal families, Bridging infrastructure gaps with focus on quality, Protection of tribal culture and heritage",
			   "schemeDesc":"The Government of India, Ministry of Tribal Affairs has launched Vanbandhu Kalyan Yojana (VKY) for welfare of Tribals. VKY aims at creating enabling environment for need based and outcome oriented holistic development of the tribal people. This process envisages to ensure that all the intended benefits of goods and services under various programmes/schemes of Central as well as State Governments actually reach the target groups by convergence of resources through appropriate institutional mechanism.It covers all tribal people and all areas with tribal population across the country.",
               "schemeEligiiblity":"All tribal residence",
               "schemeTargetGroup":"Tribal people",
               "schemeMiscDetails":"For further details visit https://vikaspedia.in/social-welfare/scheduled-tribes-welfare/van-bandhu-kalyan-yojana",
               "schemeDepartments":"Nil"
            },
			 {
               "schemeUiId":"M_051_S_004",
               "schemeName":"VAN DHAN YOJANA",
               "schemeObj":"Promoting and encouraging Socio-Economic development of the tribal community by improving and developing the market of the tribal commodities. TRIFED acts as a medium and a facilitator that helps the tribes sell their products. Some of the tribal products include tribals art, textiles, metal craft, tribal painting pottery, etc. These products and their sale contribute to a major part of their income.",
			   "schemeDesc":"Aims at the economic development of tribals involved in the collection of Minor Food Produces (MFPs) by helping them in optimum utilization of natural resources and providing them with a sustainable livelihood. Under this scheme, the Van Dhan Vikas Kendras constituted, provide skill up-gradation and capacity building training and setting up of primary processing and value addition facilities. The local Van Dhan Vikas Kendras are managed by a Managing Committee (a Self-Help Group) that consists of Van Dhan SHG representatives. At the unit level, the members of Van Dhan Vikas Samuh are then trained and provided with working capital to add value to the products, which they collect from the jungle. The tribals will be trained on sustainable harvesting, collection, primary processing and value addition. They will be formed into clusters to aggregate their stock in tradable quantity and link them with the facility of primary processing in Van Dhan Vikas Kendra.  These Kendras play a significant role in the economic progress and development of tribes. They also help the tribals utilize their natural resources in the best possible way providing them with a sustainable livelihood based on Minor Forest Produce from the MFP-rich areas.  The central and state governments will provide necessary support by creating infrastructure and providing enabling environment for undertaking value addition on systematic scientific lines.",
               "schemeEligiiblity":"Nil",
               "schemeTargetGroup":"Tribal people",
               "schemeMiscDetails":"For further details visit https://pib.gov.in/PressReleasePage.aspx?PRID=1626936",
               "schemeDepartments":"The Ministry of Tribal Affairs and Tribal Cooperative Marketing Development Federation of India (TRIFED)"
            },
			 {
               "schemeUiId":"M_051_S_005",
               "schemeName":"TRIFOOD scheme",
               "schemeObj":"To synergize professional competency of PMC with TRIFED in development of two processing units conforming to the guidelines of Scheme for Creation of Backward & Forward Linkages and in line with Detailed Project Report approved by MOFPI.  To provide technical services for carrying out complete Project Planning, Engineering & Procurement for setting up of the two processing units at Raigad, Maharashtra &Jagdalpur, Chhattisgarh. To provide Project Management, Monitoring & Supervision during project implementation for both the projects. To assist in selection of an external agency for carrying out the civil construction & machinery installation work at the two project locations. To support in preparation of all the necessary documentation required for submission to MOFPI & NSTFDC for release of instalments of grant-in-aid & sanctioned term loans for both the projects. To assist in liaison with external agencies/ government departments/ organizations for the purpose of obtaining necessary& mandatorystatutory registrations, clearances, approvals etc. for implementation of the two projects. VII. To assist in developing Backward Linkages for the procurement of raw material & Forward Linkages for selling of value added products for both the projects. To assist in selection of Operator Company / Companies for managing the commercial & dayto-day operations for the two units and providing training & hand-holding support to the operator company for running the operations of the units. Any other activity not enlisted above and required for effective implementation of both the projects.",
			   "schemeDesc":"TRIFOOD Scheme is a joint initiative of Ministry of Food Processing Industry, Ministry of Tribal Affairs and TRIFED. Under this scheme a tertiary value addition center will be set up in Jagdalpur in Chhattisgarh and Raigad in Maharashtra at a cost of approximately Rs.11 crores. A highlight of this is the production of “Heritage Mahua” drink. The traditional Mahua tribal drink will be mainstreamed and marketed all over the Country under this project. To further meet the objectives of enhancing tribal livelihood & income generation through collection, value addition and processing of Minor Forest Produce (MFP), TRIFED aims to setup two processing units at selected location in Raigad district, Maharashtra&Jagdalpur district, Chhattisgarh to promote value addition to Minor Forest Produce (MFP) under the ‘TRIFOOD’ initiative. The details of the two units to be set up are given below 1) Amla, Custard Apple, Jamun& Mahua Processing unit at Taloja Industrial Area, Village Chal, Panvel, District- Raigad, Maharashtra 2) Multi Commodity Processing unit for Mahua, Amla, Honey, Tamarind, Cashew, Ginger, Garlic & Other Fruits & Vegetables at Burundwara, Semra, District-Jagdalpur, Chhattisgarh. The project is partly funded under grant-in-aid assistance from the Scheme for Creation of Backward & Forward Linkages being implemented by the Ministry of Food Processing Industries (MOFPI) under Pradhan Mantri Kisan SAMPADA Yojana as per Letter of Sanction file no. Y-15/2/2019-BFL & Y15/6/2019-BFL, dated: 08.01.2019 of MOFPI. The two projects have also been sanctioned term loan by National Scheduled Tribes Finance & Development Corporation (NSTFDC). The proposed project cost for Raigad unit is INR 658.81 lakhs and for Jagdalpur unit is INR 507.70 lakhs. The processing of Mahua will be an added component to the projects that has been approved by MOFPI and the Mahua processing unit will be established in the same plant building of the above projects. ",
               "schemeEligiiblity":"Nil",
               "schemeTargetGroup":"Tribal people",
               "schemeMiscDetails":"For further details visit http://www.trifed.in/trifed/(S(kxbp4oxnuusp0h4mj1utjj0d))/UPLOAD/Tender/Doc-Revised_RFP_trifood.pdf",
               "schemeDepartments":"Ministry of Food Processing Industry, Ministry of Tribal Affairs and TRIFED"
            },
         ]
      }
   ]
}