{
   "ListOfMinistries":[
      {
         "ministryId":1,
         "ministryName":"Ministry of Petroleum and Natural Gas",
         "ministrySchemesList":[
            {
               "schemeUiId":"M_038_S_001",
               "schemeName":"பிரதான் மந்திரி உஜ்வாலா யோஜனா (பி.எம்.யூ.ஒய்)",
               "schemeObj":"பெண்கள் மற்றும் குழந்தைகளுக்கு ஒரு சுத்தமான சமையல் எரிபொருளை வழங்குவதன் மூலம் அவர்களின் ஆரோக்கியத்தைப் பாதுகாக்க - எல்பிஜி, இதனால் அவர்கள் புகைபிடிக்கும் சமையலறைகளில் அவர்களின் ஆரோக்கியத்தை சமரசம் செய்ய வேண்டியதில்லை அல்லது விறகு சேகரிக்கும் பாதுகாப்பற்ற பகுதிகளில் அலைய வேண்டியதில்லை.",
               "schemeDesc":"2016-17 நிதியாண்டில் தொடங்கி 3 வருட காலப்பகுதியில் வறுமைக் கோட்டுக்கு கீழே உள்ள (பிபிஎல்) குடும்பங்களைச் சேர்ந்த 5 கோடி பெண்களுக்கு எல்பிஜி இணைப்புகளை வழங்குவதற்காக அரசாங்கம் “பிரதான் மந்திரி உஜ்வாலா யோஜனா” (பி.எம்.யூ.ஒய்) ஐ அறிமுகப்படுத்தியுள்ளது. PMUY திட்டத்தின் முக்கிய அம்சங்கள் பின்வருமாறு: 1. பிபிஎல் குடும்பத்தின் வயது வந்த பெண்ணின் பெயரில் எல்பிஜி இணைப்பு வெளியிடப்படுகிறது, எந்தவொரு குடும்ப உறுப்பினரின் பெயரிலும் எல்பிஜி இணைப்பு இல்லை என்ற நிபந்தனைக்கு உட்பட்டு. 2. சமூக பொருளாதார சாதி கணக்கெடுப்பு (எஸ்.இ.சி.சி) பட்டியல் மூலம் தகுதியான குடும்பங்கள் அடையாளம் காணப்படுகின்றன. 3. புதிய எல்பிஜி இணைப்பை வழங்குவதற்காக ரூ .1600 / - வரை ரொக்க உதவியை இந்த திட்டம் உள்ளடக்கியது மற்றும் இந்த பண உதவி மத்திய அரசால் வழங்கப்படுகிறது. 4. ஹாட் பிளேட்டின் விலை மற்றும் முதல் மறு நிரப்பல் வாங்குவதை வாடிக்கையாளர் ஏற்றுக்கொள்கிறார். வாடிக்கையாளர்களுக்கு ஹாட் பிளேட்டை முதல் மறு நிரப்புதல் அல்லது இரண்டையும் கடன் அடிப்படையில் OMC களில் இருந்து பூஜ்ஜிய வட்டிக்கு வாங்க விருப்பம் உள்ளது, மேலும் இது EMI களின் மூலம் மீட்கப்படுகிறது. ",
               "schemeEligiiblity":"விண்ணப்பதாரர் 18 வயதுக்கு மேற்பட்ட ஒரு பெண்ணும் இந்திய குடிமகனும் இருக்க வேண்டும். விண்ணப்பதாரர் ஒரு பிபிஎல் (வறுமைக் கோட்டுக்குக் கீழே) வீட்டைச் சேர்ந்தவராக இருக்க வேண்டும். விண்ணப்பதாரரின் வீட்டில் யாரும் எல்பிஜி இணைப்பை வைத்திருக்கக்கூடாது குடும்பத்தின் வீட்டு வருமானம், மாதத்திற்கு, யூனியன் பிரதேசங்கள் மற்றும் மாநில அரசாங்கத்தால் வரையறுக்கப்பட்டபடி ஒரு குறிப்பிட்ட வரம்பை மீறக்கூடாது. அரசு. விண்ணப்பதாரரின் பெயர் எஸ்.சி.சி -2011 தரவுகளின் பட்டியலில் இருக்க வேண்டும் மற்றும் எண்ணெய் சந்தைப்படுத்தல் நிறுவனங்கள் வைத்திருக்கும் பிபிஎல் தரவுத்தளத்தில் கிடைக்கும் தகவலுடன் பொருந்த வேண்டும். விண்ணப்பதாரர் அரசாங்கத்தால் வழங்கப்பட்ட பிற ஒத்த திட்டங்களைப் பெறுபவராக இருக்கக்கூடாது.",
               "schemeTargetGroup":"எந்தவொரு குடும்பமும் வீட்டு வருமானம் ஒரு நாளைக்கு ரூ .131 க்கும் குறைவாக உள்ளது",
               "schemeMiscDetails":"பிப்ரவரி 2018 அன்று, திட்டத்தின் இலக்குகள் 8 கோடி எல்பிஜி இணைப்புகளுக்கு விரிவாக்கப்பட்ட / தளர்வான அடையாள அளவுகோல்களுடன் விரிவாக்கப்பட்ட (இ-பிஎம்யூஒய்) திட்டத்தின் கீழ் கூடுதல் ரூ .4800 கோடி ஒதுக்கீடு செய்யப்பட்டன. பிரதான் மந்திரி உஜ்வாலா யோஜனாவின் திருத்தப்பட்ட இலக்கு 2020 க்குள் அடைய முடியும். அனைத்து எஸ்சி / எஸ்டி குடும்பங்களுக்கும் இந்த திட்டம் விரிவுபடுத்தப்பட்டது; எஸ்.எம்.சி.சி அடையாளம் காணப்பட்ட வீடுகளுக்கு மேலதிகமாக பி.எம்.ஏ.ஒய் (கிராமின்), அந்தியோடே அண்ணா யோஜனா (ஏ.ஏ.ஒய்), வனவாசிகள், மிகவும் பின்தங்கிய வகுப்புகள் (எம்.பி.சி), தேயிலை மற்றும் முன்னாள் தேயிலை தோட்ட பழங்குடியினர், தீவுகள் மற்றும் ஆறுகளில் வசிக்கும் மக்கள் போன்றவற்றின் பயனாளிகள்.",
               "schemeDepartments":"Nil"
            },
			{
               "schemeUiId":"M_038_S_002",
               "schemeName":"பிரத்யக்ஷ் ஹன்ஸ்டான்ட்ரிட் லேப் (பஹால்) அல்லது எல்பிஜி (டிபிடிஎல்) இன் நேரடி நன்மை பரிமாற்றம்",
               "schemeObj":"உண்மையான உள்நாட்டு எல்பிஜி சிலிண்டர் பயனர்களை திசை திருப்பாமல் பயனடைய. மானியத்தை சிறப்பாக நிர்வகிப்பதை உறுதி செய்வதும், கருவூலத்திற்கு சுமையை குறைப்பதும் இதன் நோக்கமாக இருந்தது. மானியத்தை நேரடியாக நுகர்வோரின் வங்கிக் கணக்குகளுக்கு மாற்றுவதற்கான மற்றொரு காரணம், இந்த செயல்பாட்டில் ஊழலைக் குறைத்து, பொதுப் பணத்தை மிச்சப்படுத்துவதாகும்.",
               "schemeDesc":"மத்திய பெட்ரோலியம் மற்றும் இயற்கை எரிவாயு அமைச்சகத்தின் கீழ் 291 மாவட்டங்களில் எல்பிஜி மானியத்திற்கான நேரடி நன்மை பரிமாற்ற திட்டமாக இந்த திட்டம் முறையாக தொடங்கப்பட்டது. இது நவம்பர் 2014 இல் மாற்றியமைக்கப்பட்டு PAHAL என பெயரிடப்பட்டது மற்றும் 54 மாவட்டங்களில் தொடங்கப்பட்டது. பின்னர் இது ஜனவரி 1, 2015 அன்று நாடு முழுவதும் நீட்டிக்கப்பட்டது. இத்திட்டத்தின் கீழ், மானிய விலையில் திரவமாக்கப்பட்ட பெட்ரோலிய எரிவாயு (எல்பிஜி) சிலிண்டர்கள் சந்தை விகிதத்தில் விற்கப்படுகின்றன, மேலும் நுகர்வோர் தங்கள் வங்கிக் கணக்குகளில் நேரடியாக எல்பிஜி சுசிடி பெற உரிமை உண்டு. இது வங்கி கணக்கு அல்லது ஆதார் இணைப்பு மூலம் செய்யப்படுகிறது. இது நாடு முழுவதும் 9.75 கோடிக்கும் அதிகமான எல்பிஜி நுகர்வோரை உள்ளடக்கியது. பின்னர் திட்டம் நகல் அல்லது போலி எல்பிஜி இணைப்புகள் மற்றும் அதன் திசைதிருப்பலை அகற்றுவதை நோக்கமாகக் கொண்டுள்ளது. இது எல்பிஜி மானியத்தில் கணிசமான சேமிப்புகளைச் சந்திக்கவும் முயல்கிறது. ஒரு எல்பிஜி சிலிண்டரை முதலில் முன்பதிவு செய்தபோது, ​​ரூ .568 நுகர்வோரின் வங்கிக் கணக்கில் முன்கூட்டியே டெபாசிட் செய்யப்படுகிறது, இதனால் நுகர்வோர் முதல் சிலிண்டருக்கு செலுத்த கூடுதல் பணம் தேவைப்படுகிறது. அரசாங்கம் ஆண்டுதோறும் 12 ரீஃபில் சிலிண்டர்களை மானிய விலையில் வழங்குகிறது.",
               "schemeEligiiblity":"வருமான வரிச் சட்டம், 1961 இன் படி கணக்கிடப்பட்ட முந்தைய நிதியாண்டில் நுகர்வோர் அல்லது அவரது மனைவியின் வரிவிதிப்பு வருமானம் ரூ .10 லட்சத்திற்கும் குறைவாக இருந்தது.",
               "schemeTargetGroup":"All",
               "schemeMiscDetails":"Nil",
               "schemeDepartments":"Nil"
            },
			{
               "schemeUiId":"M_038_S_003",
               "schemeName":"பி.டி.எஸ் மண்ணெண்ணெய் (டி.பி.டி.கே) திட்டத்தில் நேரடி நன்மை பரிமாற்றம்",
               "schemeObj":"PDS SKO விநியோக முறையின் ஒதுக்கீடு மற்றும் விநியோகத்தில் சீர்திருத்தங்களைக் கொண்டுவருதல். டிபிடி.கே திட்டத்தின் கீழ், விநியோக சீர்திருத்தங்களின் ஒரு பகுதியாக, பி.டி.எஸ் மண்ணெண்ணெய் அடையாளம் காணப்பட்ட பயனாளிகளுக்கு மானியமற்ற விகிதத்தில் விற்கப்படுகிறது மற்றும் பொருந்தக்கூடிய மானியம் நேரடியாக பயனாளிகளின் வங்கிக் கணக்கில் மாற்றப்படுகிறது. டிபிடி.கே அமல்படுத்தப்படுவதால் பயனாளிகளின் வங்கிக் கணக்குகளுக்கு மானியத்தை நேரடியாக மாற்றுவதன் மூலம் சிறந்த மானிய மேலாண்மை கிடைக்கும். இது மானிய மண்ணெண்ணெய் திசைதிருப்பப்படுவதைத் தடுப்பதன் மூலம் மானிய விலையை குறைக்கும்.",
               "schemeDesc":"டி.பி.டி.கே திட்டத்தின் கீழ், பி.டி.எஸ் மண்ணெண்ணெய் மானியமில்லாத விலையில் விற்கப்படும், மானியம் நேரடியாக நுகர்வோருக்கு நேரடியாக அவர்களின் வங்கிக் கணக்குகளுக்கு மாற்றப்படும். எல்பிஜி மானியத்திற்கான இதேபோன்ற டிபிடி திட்டத்தின் அடிப்படையில் இந்த முயற்சியை மத்திய பெட்ரோலியம் மற்றும் இயற்கை எரிவாயு அமைச்சகம் தொடங்கியது. மானியக் கசிவைக் குறைப்பதற்கான அணுகுமுறையின் அடிப்படையில் மானியத்தை பகுத்தறிவு செய்வதை இது நோக்கமாகக் கொண்டுள்ளது, ஆனால் மானியம் அல்ல. பயனாளிகளை சிறப்பாக இலக்கு வைப்பதற்காக மானிய மண்ணெண்ணெய் சப்ளை சங்கிலியிலிருந்து அகற்ற முன்னுரிமை அளிக்கும். இது பைல்ஃபெரேஜ் மற்றும் கறுப்பு-மார்க்கெட்டிங் ஆகியவற்றை அகற்றவும், டீசலுடன் மலிவான சமையல் மற்றும் லைட்டிங் எரிபொருளான மண்ணெண்ணெய் கலப்படத்தை குறைக்கவும் முயல்கிறது. மண்ணெண்ணெய் திட்டத்தில் நேரடி நன்மை பரிமாற்றத்தை (டிபிடி) செயல்படுத்தும் முதல் மாநிலமாக ஜார்க்கண்ட் திகழ்கிறது.",
               "schemeEligiiblity":"ஒவ்வொரு பயனாளியும் இணைக்கப்பட்ட வங்கி கணக்கு மற்றும் டிஜிட்டல் செய்யப்பட்ட ரேஷன் கார்டு ஐடியுடன் ஆதார் எண்ணை வைத்திருக்க வேண்டும், இதன் மூலம் மானியத்தை நேரடியாக இணைக்கப்பட்ட வங்கிக் கணக்கிற்கு மாற்ற முடியும். ஒரு நுகர்வோருக்கு ஆதார் எண் ஒதுக்கப்படாவிட்டால், நுகர்வோருக்கு MOP & NG க்கு அறிவித்ததன் கீழ் மானியத்தை வழங்குவதற்கான மாற்று மற்றும் சாத்தியமான அடையாளங்களை வழங்க வேண்டும்.",
               "schemeTargetGroup":"All",
               "schemeMiscDetails":"Nil",
               "schemeDepartments":"Nil"
            },
			{
               "schemeUiId":"M_038_S_004",
               "schemeName":"பிரதான் மந்திரி எல்பிஜி பஞ்சாயத்து திட்டம் ",
               "schemeObj":"தூய்மையான எரிபொருளை எவ்வாறு சரியாகப் பயன்படுத்துவது மற்றும் அதன் பல நன்மைகள் குறித்து எல்பிஜி பயனர்களிடையே விழிப்புணர்வை பரப்புவதை நோக்கமாகக் கொள்ளுங்கள்.",
               "schemeDesc":"மத்திய மந்திரி தர்மேந்திர பிரதான் சனிக்கிழமை மோட்டா இஷான்பூர் கிராமத்தில் இருந்து 'பிரதான் மந்திரி எல்பிஜி பஞ்சாயத்து'யை இன்று துவக்கி, பிரதான் மந்திரி உஜ்வாலா யோஜனாவின் பயனாளிக்கு இலவச எல்பிஜி இணைப்பை வழங்கினார். பொதுமக்களை உரையாற்றிய பெட்ரோலிய மற்றும் இயற்கை எரிவாயு அமைச்சர், காங்கிரஸ் அரசு வழங்கிய 14 கோடி இணைப்புகளுக்கு எதிராக மூன்று ஆண்டுகளில் 8.5 கோடி வீடுகளுக்கு எல்பிஜி இணைப்பை தனது அரசாங்கம் வழங்கியுள்ளது என்றார். ஒரு லட்சம் எல்பிஜி பஞ்சாயத்து (நாடு முழுவதும் நடைபெற உள்ளது) எல்பிஜியின் பாதுகாப்பான பயன்பாடு மற்றும் சுற்றுச்சூழல், சுகாதாரம் மற்றும் அது பெண்களுக்கு எவ்வாறு அதிகாரம் அளிக்கிறது போன்ற பல்வேறு நன்மைகளையும் கையாளும், என்றார். குஜராத்தில் உஜ்வாலா யோஜனா பயனாளிகளில் 40 சதவீதம் பழங்குடியினர் மற்றும் தலித்துகள் என்று பிரதான் கூறினார். குஜராத்தில் மட்டும் கடந்த ஒன்றரை ஆண்டுகளில் 106 புதிய விநியோக மையங்கள் சேர்க்கப்பட்டுள்ள நிலையில், தனது அமைச்சகம் எல்பிஜி விநியோக மையங்களையும் அதிகரித்துள்ளது என்றார்.",
               "schemeEligiiblity":"வறுமைக் கோட்டுக்குக் கீழே உள்ள குடும்பங்கள்",
               "schemeTargetGroup":"வறுமைக் கோட்டுக்குக் கீழே உள்ள குடும்பங்கள்",
               "schemeMiscDetails":"Nil",
               "schemeDepartments":"Nil"
            },
			{
               "schemeUiId":"M_038_S_005",
               "schemeName":"பிரதான் மந்திரி Jl-VAN (ஜெய்விந்தன்- வட்டவரன் அனுகூல் பாசல் அவாஷேஷ் நிவரன்) யோஜனா",
               "schemeObj":"வணிக திட்டங்களை அமைப்பதற்கான சுற்றுச்சூழல் அமைப்பை உருவாக்குதல் மற்றும் 2 ஜி எத்தனால் துறையில் ஆராய்ச்சி மற்றும் மேம்பாட்டுக்கு ஊக்கமளித்தல்.",
               "schemeDesc":"திட்டத்தின் கீழ் 12 வணிகத் திட்டங்கள், 10 ஆர்ப்பாட்டத் திட்டங்கள்: கட்டம் -1 (2018-19 முதல் 2022-23 வரை) 6 வணிக மற்றும் 5 ஆர்ப்பாட்டத் திட்டங்கள் ஆதரிக்க நிதி ஒதுக்கப்பட்டுள்ளது. இரண்டாம் கட்டம் (2018-19 முதல் 2022-23 வரை) மீதமுள்ள 6 வணிக மற்றும் 5 ஆர்ப்பாட்டத் திட்டங்கள் ஆதரிக்கப்படும். எத்தனால் கலத்தல் திட்டத்தின் (ஈபிபி) கீழ் கலப்பு சதவீதத்தை மேலும் அதிகரிக்க திட்ட பயனாளிகளால் உற்பத்தி செய்யப்படும் எத்தனால் எண்ணெய் சந்தைப்படுத்தல் நிறுவனங்களுக்கு (ஓஎம்சி) கட்டாயமாக வழங்கப்படும். MoP & NG இன் கீழ் ஒரு தொழில்நுட்ப அமைப்பான சென்டர் ஃபார் ஹை டெக்னாலஜி (சிஎச்டி) இந்த திட்டத்தை செயல்படுத்தும் நிறுவனமாக இருக்கும். புதைபடிவ எரிபொருட்களை உயிரி எரிபொருட்களுடன் மாற்றுவதன் மூலம் இறக்குமதி சார்புநிலையை குறைப்பதற்கான இந்திய அரசின் பார்வை. புதைபடிவ எரிபொருட்களின் முற்போக்கான கலவை / மாற்றீடு மூலம் GHG உமிழ்வு குறைப்பு இலக்குகளை அடைதல். உயிரி / பயிர் எச்சங்களை எரிப்பதால் ஏற்படும் சுற்றுச்சூழல் கவலைகளை நிவர்த்தி செய்தல் மற்றும் குடிமக்களின் ஆரோக்கியத்தை மேம்படுத்துதல். வேறுவிதமாக கழிவு விவசாய எச்சங்களுக்கு ஊதிய வருமானத்தை வழங்குவதன் மூலம் உழவர் வருமானத்தை மேம்படுத்துதல். 2 ஜி எத்தனால் திட்டங்கள் மற்றும் பயோமாஸ் விநியோக சங்கிலியில் கிராமப்புற மற்றும் நகர்ப்புற வேலை வாய்ப்புகளை உருவாக்குதல். கழிவு உயிரி எரிபொருள் மற்றும் நகர்ப்புற கழிவுகள் போன்ற உணவு அல்லாத உயிரி எரிபொருள் தீவனங்களை திரட்டுவதை ஆதரிப்பதன் மூலம் ஸ்வச் பாரத் மிஷனுக்கு பங்களிப்பு. இரண்டாம் தலைமுறை உயிரியலை எத்தனால் தொழில்நுட்பங்களுக்கு சுதேசமாக்குதல்.",
               "schemeEligiiblity":"Nil",
               "schemeTargetGroup":"All",
               "schemeMiscDetails":"Mil",
               "schemeDepartments":"Nil"
            },
			{
               "schemeUiId":"M_038_S_006",
               "schemeName":"தேசிய எரிவாயு கட்ட திட்டம்",
               "schemeObj":"இயற்கை எரிவாயு அணுகல் தொடர்பாக நாட்டிற்குள் பிராந்திய ஏற்றத்தாழ்வுகளை நீக்குதல் மற்றும் நாடு முழுவதும் சுத்தமான மற்றும் பச்சை எரிபொருளை வழங்குதல். எரிவாயு மூலங்களை முக்கிய தேவை மையங்களுடன் இணைப்பது மற்றும் பல்வேறு துறைகளில் நுகர்வோருக்கு எரிவாயு கிடைப்பதை உறுதி செய்தல். சி.என்.ஜி மற்றும் பி.என்.ஜி வழங்குவதற்காக பல்வேறு நகரங்களில் நகர எரிவாயு விநியோக வலையமைப்புகளின் வளர்ச்சி.",
               "schemeDesc":"இந்தியா என்ஜிஜி தொழில்நுட்ப உதவித் திட்டம் பிஎன்ஜிஆர்பிக்கும் அமெரிக்க வர்த்தக மேம்பாட்டு முகமைக்கும் (யுஎஸ்டிடிஏ) செப்டம்பர் மாதத்தில் நடந்த ஒப்பந்தத்தில் இருந்து வந்தது. இந்தியாவின் இயற்கை எரிவாயு கட்டத்தை (என்ஜிஜி) உருவாக்குவதற்கான பொருளாதார அடிப்படையை வளர்ப்பதை இந்த ஆய்வு நோக்கமாகக் கொண்டுள்ளது. இது நங்கூர நுகர்வோர், தொழில்கள், நகர எரிவாயு விநியோகம் (சிஜிடி) மற்றும் சாலை போக்குவரத்திற்கான வளர்ந்து வரும் தேவை மையங்களான சிஎன்ஜி மற்றும் எல்என்ஜி உள்ளிட்ட எரிவாயு தேவை பகுப்பாய்வு குறித்த புதுப்பிப்பை வழங்கும். இந்த ஆய்வு எரிவாயு விநியோக பகுப்பாய்வையும் புதியதாகப் பார்க்கும். இதில் எல்.என்.ஜி இறக்குமதி, உள்நாட்டு வழங்கல், சாத்தியமான நாடுகடந்த எரிவாயு குழாய் இறக்குமதி மற்றும் மெய்நிகர் குழாய் இணைப்புகள் ஆகியவை அடங்கும். இந்தியாவின் எரிசக்தி கூடையில் இயற்கை எரிவாயுவின் பங்கு 6.2% ஆக உள்ளது, இது உலகளவில் 23.4% ஆக உள்ளது, மேலும் இது அதிகரிக்கும் என்று எதிர்பார்க்கப்படுகிறது.",
               "schemeEligiiblity":"Nil",
               "schemeTargetGroup":"All",
               "schemeMiscDetails":"வீழ்ச்சியடைந்து வரும் பல உர தொழில்மயமாக்கப்பட்ட அலகுகள் மற்றும் பவர் மற்றும் ஆட்டோமோட்டிவ் போன்ற பிற துறைகளை புதுப்பிக்க இது பல நன்மைகளைத் தரும். இந்த திட்டத்தில் வீடுகளில் மட்டுமல்ல, சுமார் அரை மில்லியன் வாகனங்கள் சி.என்.ஜி பயன்முறைக்கு மாறக்கூடும், இதனால் நாட்டில் எரிபொருள் பிரச்சினை தீர்க்கப்படும்.",
               "schemeDepartments":"Nil"
            },
			{
               "schemeUiId":"M_038_S_007",
               "schemeName":"நகர எரிவாயு விநியோக வலையமைப்பு",
               "schemeObj":"நாட்டில் தூய்மையான சமையல் எரிபொருள் (அதாவது குழாய் இயற்கை எரிவாயு) மற்றும் போக்குவரத்து எரிபொருள் (அதாவது சுருக்கப்பட்ட இயற்கை எரிவாயு) கிடைப்பதை அதிகரிக்க.",
               "schemeDesc":"சுற்றுச்சூழல் நட்பு சுத்தமான எரிபொருளின் பயன்பாட்டை ஊக்குவிக்க இந்திய அரசு முன்வருகிறது, அதாவது இயற்கை எரிவாயுவை நாடு முழுவதும் எரிபொருள் / தீவனமாக எரிவாயு அடிப்படையிலான பொருளாதாரத்தை நோக்கி நகர்த்துவதற்காக. தற்போது நாட்டின் எரிசக்தி கலவையில் வாயுவின் பங்கு வெறும் 6% க்கும் அதிகமாக உள்ளது மற்றும் 15% எண்ணிக்கையை எட்டுவதே இதன் நோக்கம், அதே நேரத்தில் உலக சராசரி 24% ஆகும். சிஜிடி நெட்வொர்க்குகளின் வளர்ச்சிக்கான நோக்கம், நாட்டில் தூய்மையான சமையல் எரிபொருள் (அதாவது குழாய் இயற்கை எரிவாயு) மற்றும் போக்குவரத்து எரிபொருள் (அதாவது சுருக்கப்பட்ட இயற்கை எரிவாயு) கிடைப்பதை அதிகரிப்பதாகும். பெட்ரோலிய மற்றும் இயற்கை எரிவாயு ஒழுங்குமுறை வாரியம் (பி.என்.ஜி.ஆர்.பி) 14 மாநிலங்களில் 124 மாவட்டங்களை உள்ளடக்கிய புதிய சி.ஜி.டி ஏலச்சீட்டு சுற்றுக்கான செயல்முறையைத் தொடங்கியுள்ளது. அரசாங்கத்தின் தூய்மையான எரிசக்தி முயற்சிகள்: 1. மத்திய அரசின் பல்வேறு தூய்மையான எரிசக்தி முன்முயற்சிகளான எத்தனால் கலத்தல், சுருக்கப்பட்ட பயோகாஸ் ஆலைகள், அதிகரித்த எல்பிஜி பாதுகாப்பு மற்றும் பிஎஸ் -6 எரிபொருட்களை வாகனங்களுக்கு அறிமுகப்படுத்த சிஜிடி உதவும். 2. சி.ஜி.டி பிரதான் மந்திரி உஜ்வாலா யோஜனாவை ஆதரிக்கும், ஏனெனில் கிராமப்புறங்களில் விநியோகிக்க சிலிண்டர்கள் காலியாக இருக்கும், நகரங்களில் இருந்து குழாய் எரிவாயு விநியோகம் கிடைக்கும்",
               "schemeEligiiblity":"Nil",
               "schemeTargetGroup":"All",
               "schemeMiscDetails":"பெட்ரோலிய மற்றும் இயற்கை எரிவாயு ஒழுங்குமுறை வாரியம் (பி.என்.ஜி.ஆர்.பி) சட்டம் 2006 இன் கீழ், நாட்டின் ஒரு குறிப்பிட்ட புவியியல் பகுதியில் (ஜிஏ) நகர எரிவாயு விநியோகம் (சிஜிடி) நெட்வொர்க்கை (பிஎன்ஜி நெட்வொர்க் உட்பட) உருவாக்குவதற்கான நிறுவனங்களுக்கு பிஎன்ஜிஆர்பி அங்கீகாரம் அளிக்கிறது. சிஜிடி துறை நான்கு தனித்தனி பிரிவுகளைக் கொண்டுள்ளது - முக்கியமாக இயற்கை எரிபொருளாகப் பயன்படுத்தப்படும் சுருக்கப்பட்ட இயற்கை எரிவாயு (சிஎன்ஜி), மற்றும் உள்நாட்டு, வணிக மற்றும் தொழில்துறை பிரிவுகளில் பயன்படுத்தப்படும் பைப் இயற்கை எரிவாயு (பிஎன்ஜி). நகர எரிவாயு விநியோகம் (சிஜிடி) நெட்வொர்க்குகளின் அங்கீகாரம் / ஏலம் தொடர்பான விதிமுறைகள் 2018 இல் திருத்தப்பட்டன. திருத்தப்பட்ட ஒழுங்குமுறை கட்டமைப்பானது சிஜிடி துறையில் பொது மற்றும் தனியார் துறையிலிருந்து பரந்த பங்களிப்பை ஈர்க்க உதவியது மற்றும் சிஜிடி கவரேஜை 406 இல் பரவிய 228 ஜிஏக்களுக்கு விரிவாக்க வழிவகுத்தது. நாட்டின் பரப்பளவில் 53% மற்றும் நாட்டின் மக்கள் தொகையில் 70% ஆகியவற்றை உள்ளடக்கிய மாவட்டங்கள். இது சுற்றுச்சூழல் நட்பு எரிபொருளை அதாவது சி.என்.ஜி / பி.என்.ஜி பொது மக்களுக்கு கிடைக்கச் செய்யும். சிஜிடி நெட்வொர்க்கின் வளர்ச்சியை மேம்படுத்துவதற்காக, பிஎன்ஜி (உள்நாட்டு) மற்றும் சிஎன்ஜி (போக்குவரத்து) பிரிவுகளுக்கு உள்நாட்டு எரிவாயு ஒதுக்கீட்டில் அரசாங்கம் முன்னுரிமை அளித்துள்ளது. இறக்குமதி செய்யப்பட்ட எரிவாயுவை விட மலிவான உள்நாட்டு எரிவாயு வழங்கல் மூலம் சி.என்.ஜி (டி) மற்றும் பி.என்.ஜி (டி) பிரிவுகளின் 100% எரிவாயு தேவையை பூர்த்தி செய்ய முடிவு செய்யப்பட்டுள்ளது. தற்போது, ​​சிஜிடி துறை தோராயமாக பயன்படுத்துகிறது. சி.என்.ஜி (போக்குவரத்து) மற்றும் பி.என்.ஜி (உள்நாட்டு) துறைக்கு உள்நாட்டு எரிவாயு ஒரு நாளைக்கு 14.36 மில்லியன் மெட்ரிக் தரநிலை கன மீட்டர் (எம்.எம்.எஸ்.சி.எம்.டி). தோராயமாக உள்ளது. சி.ஜி.டி துறையின் வணிக மற்றும் தொழில்துறை பிரிவினரால் பயன்படுத்தப்படும் இறக்குமதி செய்யப்பட்ட மறு-வாயு திரவமாக்கப்பட்ட இயற்கை எரிவாயுவின் (ஆர்.எல்.என்.ஜி) எம்.எம்.எஸ்.சி.எம்.டி.",
               "schemeDepartments":"பெட்ரோலியம் மற்றும் இயற்கை எரிவாயு அமைச்சகம்"
            },
			{
               "schemeUiId":"M_038_S_008",
               "schemeName":"பிரதான் மந்திரி உர்ஜா கங்கா",
               "schemeObj":"யு.ஆர்.ஜே.ஏ கங்கா என்பது இந்திய அரசின் எரிவாயு குழாய் திட்டம். நாட்டின் கிழக்கு பிராந்தியத்தில் வசிப்பவர்களுக்கு குழாய் சமைக்கும் (பி.என்.ஜி) வாயுவையும், வாகனங்களுக்கு சி.என்.ஜி வாயுவையும் வழங்குவதை எரிவாயு குழாய் திட்டம் நோக்கமாகக் கொண்டுள்ளது.",
               "schemeDesc":"இந்த திட்டத்தை அரசு நடத்தும் எரிவாயு பயன்பாடு கெயில் செயல்படுத்துகிறது. 2,655 கி.மீ நீளமுள்ள ஜகதீஷ்பூர்-ஹால்டியா & பொகாரோ-தம்ரா இயற்கை எரிவாயு குழாய் (ஜே.எச்.பி.டி.பி.எல்) திட்டம் ஜகதீஷ்பூரில் (உத்தரப்பிரதேசம்) உருவாகிறது. குழாய்த்திட்டத்தின் முக்கிய தண்டு ஹால்டியா (மேற்கு வங்கம்) மற்றும் தம்ரா (ஒடிசா) வரை முடிகிறது. இந்த குழாய் உத்தரபிரதேசம், பீகார், ஜார்க்கண்ட், மேற்கு வங்கம் மற்றும் ஒடிசா வழியாக செல்கிறது. உர்ஜா கங்கா திட்டம் தற்போதுள்ள கெயிலின் டிரங்க் பைப்லைன் நெட்வொர்க்கை சுமார் 11,000 கி.மீ நீளத்தை 2540 கி.மீ. இந்த திட்டம் இந்தியாவின் கிழக்கு பிராந்தியத்தின் கூட்டு வளர்ச்சி மற்றும் வளர்ச்சிக்கான ஒரு முக்கிய படியாக கருதப்படுகிறது. இதன் கீழ், மொத்தம் 20 லட்சம் குடும்பங்களுக்கு பி.என்.ஜி இணைப்புகள் கிடைக்கும். உரம் மற்றும் மின் உற்பத்தி நிலையம், சுத்திகரிப்பு நிலையங்கள், எஃகு ஆலைகள் மற்றும் பிற தொழில்களுக்கு சுற்றுச்சூழல் சுத்தமான இயற்கை எரிவாயுவை வழங்குவதன் மூலம் இது கிழக்கு இந்தியாவில் தொழில்துறை வளர்ச்சியை ஏற்படுத்தும். வாரணாசியின் பார்வையில், 50,000 வீடுகள் மற்றும் 20,000 வாகனங்கள் முறையே தூய்மையான மற்றும் மலிவான எரிபொருள் பி.என்.ஜி மற்றும் சி.என்.ஜி வாயுவைப் பெறும். பீகாரில் உள்ள பரவுனி, ​​உ.பி.யின் கோரக்பூர், ஜார்கண்டில் சிண்ட்ரி மற்றும் மேற்கு வங்காளத்தின் துர்காபூர் ஆகிய இடங்களில் செயல்படாத உர ஆலைகளை புத்துயிர் பெறவும் இது உதவும்.", 
               "schemeEligiiblity":"Nil",
               "schemeTargetGroup":"All",
               "schemeMiscDetails":"Nil",
               "schemeDepartments":"பெட்ரோலியம் மற்றும் இயற்கை எரிவாயு அமைச்சகம்"
            },
			{
               "schemeUiId":"M_038_S_009",
               "schemeName":"கட்டுப்படியாகக்கூடிய போக்குவரத்து (SATAT) முன்முயற்சியை நோக்கி நிலையான மாற்று",
               "schemeObj":"சுருக்கப்பட்ட உயிர் எரிவாயு உற்பத்தி ஆலைகளை அமைப்பதை நோக்கமாகக் கொண்டு, சாத்தியமான தொழில்முனைவோரிடமிருந்து ஆர்வத்தை வெளிப்படுத்த அழைப்பதன் மூலம் வாகன எரிபொருட்களைப் பயன்படுத்த சந்தையில் கிடைக்கச் செய்யுங்கள்.",
               "schemeDesc":"பெட்ரோலிய மற்றும் இயற்கை எரிவாயு அமைச்சகத்தால் பொதுத்துறை நிறுவன (பி.எஸ்.யூ) எண்ணெய் சந்தைப்படுத்தல் நிறுவனங்களுடன் (ஓ.எம்.சி) இணைந்து இந்த முயற்சி 2018 அக்டோபரில் தொடங்கப்பட்டது. இந்தியன் ஆயில் கார்ப்பரேஷன் லிமிடெட், பாரத் பெட்ரோலியம் கார்ப்பரேஷன் லிமிடெட் மற்றும் இந்துஸ்தான் பெட்ரோலியம் கார்ப்பரேஷன் லிமிடெட். சுருக்கப்பட்ட உயிர் எரிவாயு ஆலைகள் முக்கியமாக சுயாதீன தொழில்முனைவோர் மூலம் அமைக்க உத்தேசிக்கப்பட்டுள்ளது. இந்த ஆலைகளில் உற்பத்தி செய்யப்படும் சிபிஜி பசுமை போக்குவரத்து எரிபொருள் மாற்றாக சந்தைப்படுத்துவதற்காக சிலிண்டர்களின் அடுக்கின் வழியாக ஓஎம்சிகளின் எரிபொருள் நிலைய நெட்வொர்க்குகளுக்கு கொண்டு செல்லப்படும். முதலீட்டாளர்கள் வருவாயை மேம்படுத்துவதற்காக தொழில் முனைவோர் இந்த ஆலைகளிலிருந்து உயிர் உரம், கார்பன்-டை-ஆக்சைடு போன்ற பிற தயாரிப்புகளை தனித்தனியாக சந்தைப்படுத்த முடியும். இந்தியா முழுவதும் 5,000 சுருக்கப்பட்ட உயிர் எரிவாயு ஆலைகளை ஒரு கட்டமாக வெளியேற்ற திட்டமிடப்பட்டுள்ளது, 2020 ஆம் ஆண்டில் 250 ஆலைகளும், 2022 ஆம் ஆண்டில் 1,000 ஆலைகளும், 2025 ஆம் ஆண்டில் 5,000 ஆலைகளும் இந்த சுருக்கப்பட்ட உயிர் எரிவாயு நெட்வொர்க்குகளை நகர எரிவாயு விநியோகத்துடன் ஒருங்கிணைக்க முடியும் (சிஜிடி) நெட்வொர்க்குகள் தற்போதுள்ள மற்றும் வரவிருக்கும் சந்தைகளில் உள்நாட்டு மற்றும் சில்லறை பயனர்களுக்கு விநியோகத்தை அதிகரிக்கும். OMC எரிபொருள் நிலையங்களிலிருந்து சில்லறை விற்பனையைத் தவிர, சுருக்கமான பயோ-கேஸ் பிற்காலத்தில் சிஜிடி குழாய்களிலும் செலுத்தப்படலாம், மேலும் திறமையான விநியோகம் மற்றும் தூய்மையான மற்றும் மலிவு எரிபொருளின் உகந்த அணுகல்.",
               "schemeEligiiblity":"Nil",
               "schemeTargetGroup":"தொழில் முனைவோர் ",
               "schemeMiscDetails":"Nil",
               "schemeDepartments":"பெட்ரோலியம் மற்றும் இயற்கை எரிவாயு அமைச்சகம்"
            },
			{
               "schemeUiId":"M_038_S_010",
               "schemeName":"START-UP சங்கம் முயற்சி",
               "schemeObj":"கனரக எண்ணெய் மற்றும் எரிவாயு தொழில் துறையில் புதிய வணிக மாதிரிகள், சந்தைப்படுத்தல் திட்டங்கள், தொழில்நுட்பம் மற்றும் புதுமைகளை உருவாக்க ஸ்டார்ட்அப் இந்தியா கட்டளையின் கீழ் ஒரு முயற்சி.",
               "schemeDesc":"இந்தியன் ஆயில், ஓ.என்.ஜி.சி உள்ளிட்ட எண்ணெய் அமைச்சகத்தின் கீழ் உள்ள 10 நிறுவனங்கள் இன்று 320 கோடி ரூபாய் நிதியை மூன்று ஆண்டு காலத்திற்கு எண்ணெய் மற்றும் எரிவாயு துறையில் தொடங்குவதற்கு உதவுகின்றன. இந்த முயற்சியின் கீழ் கூடுதல் நிதி வழங்க முடியும் என்று எண்ணெய் அமைச்சர் தர்மேந்திர பிரதான் கூறினார். இந்த முயற்சி எண்ணெய் மற்றும் எரிவாயு துறையில் புதுமை மற்றும் புதிய வணிக மாதிரிகளை மேம்படுத்த உதவும் என்று அமைச்சர் கூறினார். இதற்காக முப்பது ஸ்டார்ட்-அப்கள் தேர்வு செய்யப்பட்டுள்ளன, அவை கழிவு பிளாஸ்டிக்குகளை பெட்ரோலிய எரிபொருளாக மாற்றுவது, விவசாய கழிவு உயிரியலில் இருந்து பல்நோக்கு எரிபொருள், சூரிய அடுப்பு மற்றும் திரவ இயற்கை எரிவாயு (எல்.என்.ஜி) க்கான கசிவு கண்டுபிடிப்பாளர்கள், சுய-நீடித்தல் நீருக்கடியில் ஆய்வு செய்வதற்காக குறைந்த பராமரிப்பு கழிப்பறைகள் அல்லது சுற்றுச்சூழல் கழிப்பறைகள் மற்றும் தொலைதூர இயக்கப்படும் வாகனங்கள் (ROV கள்). தொழில்நுட்ப துறையில் ஸ்டார்ட்-அப்கள் கருத்துக்கான ஆதாரத்தை சமர்ப்பிக்க 30 மாதங்கள் கிடைக்கும், அதே நேரத்தில் வணிக யோசனைகளுடன் கூடிய தொடக்கங்களுக்கு 18 மாதங்கள் வழங்கப்படும். இந்த எண்ணெய் மற்றும் எரிவாயு பொதுத்துறை நிறுவனங்கள் தேர்ந்தெடுக்கப்பட்ட ஸ்டார்ட் அப்களால் சமர்ப்பிக்கப்பட்ட இந்த திட்டங்களை குறிப்பிட்ட கால கட்டத்தில் வாங்கும். மேலும் புதுமைகளைச் செய்வதற்கான தகுதி. அடுத்த 10 ஆண்டுகளில் எண்ணெய் மற்றும் எரிவாயு துறை 300 பில்லியன் அமெரிக்க டாலர் மதிப்புள்ள முதலீட்டு வாய்ப்புகளை வழங்கும் என்று அமைச்சர் கூறினார். இந்தியன் ஆயில், இந்துஸ்தான் பெட்ரோலியம், பாரத் பெட்ரோலியம், ஆயில் இந்தியா, ஓ.என்.ஜி.சி, பொறியாளர்கள் இந்தியா, நுமலிகர் சுத்திகரிப்பு நிலையம், இந்திய எரிவாயு ஆணையம், பால்மர் லாரி மற்றும் மங்களூர் சுத்திகரிப்பு மற்றும் பெட்ரோ கெமிக்கல்ஸ் ஆகியவை இந்த முயற்சியை நடத்துகின்றன. எதிர்வரும் நாட்களில் எண்ணெய் இறக்குமதியின் சுமை குறையும் என்று அமைச்சர் நம்பிக்கை தெரிவித்தார், ரூ .1 லட்சம் கோடி மதிப்புள்ள எண்ணெய் இறக்குமதி தவிர்க்கப்பட்டால் அது நாட்டுக்கு பெரிய ஊக்கமளிக்கும் என்றார்.",
               "schemeEligiiblity":"1. தொடக்கத்தை ஒரு தனியார் நிறுவனம், எல்.எல்.பி அல்லது கூட்டாளர் நிறுவனமாக பதிவு செய்ய வேண்டும். 2. தொடக்கமானது மறுசீரமைப்பின் விளைவாக இருக்கக்கூடாது. 3. தொடக்கமானது 5 வயதுக்கு மேல் இருக்கக்கூடாது. 4. தொடக்கத்தின் வருடாந்திர வருவாய் ரூ. 25 கோடி. 5. வணிகம் ஒரு புதிய தயாரிப்பு அல்லது சேவையில் ஈடுபட வேண்டும். 6. தொடக்கமானது வணிகமானது புதுமையானது என்று டிஐபிபியிடமிருந்து ஒப்புதல் பெற்றிருக்க வேண்டும்",
               "schemeTargetGroup":"எண்ணெய் மற்றும் எரிவாயு துறை",
               "schemeMiscDetails":"Nil",
               "schemeDepartments":"பெட்ரோலிய மற்றும் இயற்கை எரிவாயு அமைச்சகம்"
            },
			{
               "schemeUiId":"M_038_S_011",
               "schemeName":"சாக்ஷாம் (சன்ரக்ஷன் க்ஷம்தா மஹோத்ஸவ்)",
               "schemeObj":"மக்களை மையமாகக் கொண்ட நடவடிக்கைகள் மூலம் எரிபொருள் பாதுகாப்பில் கவனம் செலுத்துவதை நோக்கமாகக் கொண்டு, சிறந்த ஆரோக்கியம் மற்றும் சுற்றுச்சூழலுக்கு வழிவகுக்கும் பெட்ரோலியப் பொருட்களின் பாதுகாப்பு மற்றும் திறமையான பயன்பாடு குறித்து மக்களை உணர்த்துகிறது. பெட்ரோலியப் பொருட்களின் பாதுகாப்பு மற்றும் திறம்பட பயன்படுத்துவது குறித்து குடிமக்களுக்கு விழிப்புணர்வு ஏற்படுத்துவதற்கான முயற்சிகளை தீவிரப்படுத்துவதையும் இது நோக்கமாகக் கொண்டுள்ளது. இது புதிய ஆற்றலுடன் வெகுஜனங்களை உற்சாகப்படுத்த முயல்கிறது மற்றும் விலைமதிப்பற்ற எரிபொருளை சேமிப்பதற்கான அனைத்து முயற்சிகளிலும், இது நமது சூழலை பசுமையாக வைத்திருக்க உதவுகிறது.",
               "schemeDesc":"சக்ஷாம் (சன்ரக்ஷன் க்ஷம்தா மஹோத்ஸவ்) என்பது பெட்ரோலிய பாதுகாப்பு ஆராய்ச்சி சங்கத்தின் (பி.சி.ஆர்.ஏ) வருடாந்திர முதன்மை நிகழ்வாகும், இது பெட்ரோலிய மற்றும் இயற்கை எரிவாயு அமைச்சகத்தின் கீழ், இந்தியாவின். எண்ணெய் மற்றும் எரிவாயு பொதுத்துறை நிறுவனங்களின் செயலில் ஈடுபாட்டுடன், மாநில அரசுகள் போன்ற பிற பங்குதாரர்களுடனும் இந்த நிகழ்வு மேற்கொள்ளப்படுகிறது. இது மக்களை மையமாகக் கொண்ட நடவடிக்கைகள் மூலம் எரிபொருள் பாதுகாப்பில் கவனம் செலுத்துவதற்கும், சிறந்த ஆரோக்கியம் மற்றும் சுற்றுச்சூழலுக்கு வழிவகுக்கும் பெட்ரோலிய பொருட்களின் பாதுகாப்பு மற்றும் திறமையான பயன்பாடு குறித்து மக்களை உணர்த்துவதற்கும் ஆகும். 2019 ஆம் ஆண்டில், பிரச்சாரத்திற்கு SAKSHAM (Sanrakshan Kshamta Mahotsav) என்று பெயரிடப்பட்டது, இதில் நிகழ்வின் கருப்பொருளின் அடிப்படையில் பல நடவடிக்கைகள் மேற்கொள்ளப்படுகின்றன. இரு-சுழற்சி நாள், எரிபொருள் திறமையான ஓட்டுநர் போட்டி, வாக்காத்தான், எரிபொருள் சேமிப்பு கச்சேரிகள், ஓட்டுநர் பயிற்சி பட்டறைகள், எல்பிஜி பஞ்சாயத்து போன்றவை. இது எண்ணெய் பாதுகாப்பை ஒரு தேசிய இயக்கமாக மாற்றுவதை நோக்கமாகக் கொண்டுள்ளது. அதன் ஆணையின் ஒரு பகுதியாக, பெட்ரோலியப் பொருட்களைப் பாதுகாப்பதன் முக்கியத்துவம் மற்றும் முறைகள் மற்றும் உமிழ்வு குறைப்பு குறித்து மக்களிடையே விழிப்புணர்வை ஏற்படுத்தும் பணியை பி.சி.ஆர்.ஏ ஒப்படைத்துள்ளது. எங்கள் உள்ளார்ந்த வலிமையின் நிலையான வளர்ச்சிக்கு ஹைட்ரோகார்பன்கள் மற்றும் சுற்றுச்சூழல் பாதுகாப்பிற்கான சிறந்த மையமாக மாறுதல்.",
               "schemeEligiiblity":"Nil",
               "schemeTargetGroup":"All",
               "schemeMiscDetails":"Nil",
               "schemeDepartments":"பெட்ரோலிய பாதுகாப்பு ஆராய்ச்சி சங்கம் (பி.சி.ஆர்.ஏ)"
            },
         ]
      }
   ]
}