{
   "ListOfMinistries":[
      {
         "ministryId":1,
         "ministryName":"Ministry of Women and Child Movement",
         "ministrySchemesList":[
            {
               "schemeUiId":"M_052_S_001",
               "schemeName":"NATIONAL NUTRITION MISSION- POSHAN ABHIYAN",
               "schemeObj":"To reduce stunting in identified Districts of India with the highest malnutrition burden by improving utilization of key Anganwadi Services and improving the quality of Anganwadi Services delivery. Its aim to ensure holistic development and adequate nutrition for pregnant women, mothers and children.",
               "schemeDesc":"The programme through the targets will strive to reduce the level of stunting, under-nutrition, anemia and low birth weight babies. It will create synergy, ensure better monitoring, issue alerts for timely action, and encourage States/UTs to perform, guide and supervise the line Ministries and States/UTs to achieve the targeted goals.			   The NNM is a comprehensive approach towards raising nutrition level in the country on a war footing. It will comprise mapping of various Schemes contributing towards addressing malnutrition, including a very robust convergence mechanism, ICT based Real Time Monitoring system, incentivizing States/UTs for meeting the targets, incentivizing Anganwadi Workers (AWWs) for using IT based tools, eliminating registers used by AWWs, introducing measurement of height of children at the Anganwadi Centres (AWCs), Social Audits, setting-up Nutrition Resource Centres, involving masses through Jan Andolan for their participation on nutrition through various activities, among others.",
               "schemeEligiiblity":"Children from 0-6 years, adolescent girls, pregnant women and lactating mothers in a timely manner, reduce stunting, under-nutrition, and anaemia among young children, women, and adolescent girls, and lowering low birth weight",
               "schemeTargetGroup":"Women and Children",
               "schemeMiscDetails":"For further details visit https://niti.gov.in/poshan-abhiyaan",
               "schemeDepartments":"Ministry of Women and Child Development (MWCD)"
            },
            {
               "schemeUiId":"M_0521_S_002",
               "schemeName":"INTEGRATED CHILD DEVELOPMENT SCHEME (ICDS)",
               "schemeObj":"To provide nutritional support, healthcare and pre-school education for children under 6 (and for pregnant or lactating mothers) in order to reduce the incidence of mortality, malnutrition and school dropout.",
               "schemeDesc":"Under the ICDS scheme, children under 6 and pregnant or lactating mothers can access four main services: 1. Supplementary nutrition - vitamin A tablets, food grains and rice, and fortified food packages are available for children and mothers who are showing signs of malnourishment. Weight-for-age growth cards should be maintained for all children under six years of age - children below the age of 3 should be weighed once a month and children aged 3-6 should be weighed quarterly. 2. Immunisations – children should be given full vaccinations against six preventable diseases: poliomyelitis, diphtheria, pertussis, tetanus, tuberculosis and measles. Pregnant women should receive a vaccination against tetanus that reduces maternal and neonatal mortality.	3. Health check-ups - various health services should be provided for children including treatment of diarrhoea, de-worming and distribution of simple medicines (along with weight and height monitoring, and immunisations). Ante-natal and post-natal check-ups should be provided for pregnant women and new mothers. 4. Referral services – if, after a health check-up, children or mothers are in need of medical attention they should be referred to the Primary Health Centre or sub-centre. Severely malnourished children should be referred to Nutrition Rehabilitation Centres (NRCs) and young children with disabilities should be referred to specialists.",
               "schemeEligiiblity":"Children under 6 and pregnant or lactating mothers",
               "schemeTargetGroup":"Women and Children",
               "schemeMiscDetails":"In addition, children aged 3-6 should be able to access pre-school non-formal education under ICDS. Women and adolescent girls (aged 15-45) should also be able to access nutrition and health education, providing them with advice and support to help them look after their own health, nutrition and development needs as well as that of their children and families. For Further details visit http://www.pacsindia.org/projects/health-and-nutrition/icds-scheme ",
               "schemeDepartments":"The Ministry of Women and Child Development (MWCD)"
            },
             {
               "schemeUiId":"M_052_S_003",
               "schemeName":"PRADHAN MANTRI MATRU VANDANA YOJANA (PMMVY)",
               "schemeObj":"To provide compensation for the wage loss in terms of cash incentives so that the woman can take adequate rest before and after delivery of the first living child. It is a partial compensation which is a part of a plan to provide a total sum of Rs. 6,000 on an average to the woman. The remaining cash incentive (of Rs. 1,000) is provided under Janani Suraksha Yojana (JSY) after institutional delivery. Also to improve health seeking behaviour amongst pregnant women and lactating mothers.",             
               "schemeDesc":"From 01.01.2017, the Maternity Benefit Programme would be implemented in all the districts of the country in accordance with the provision of the National Food Security Act, 2013. The programme is named as ‘Pradhan Mantri Matru Vandana Yojana’ (PMMVY). Under PMMVY, a cash incentive of ` 5000/- would be provided directly in the account of Pregnant Women and LactatingMothers(PW&LM) forfirstliving child ofthe family subjectto theirfulfilling specific conditions relating to Maternal and Child Health. The eligible beneficiaries would receive the remaining cash incentives as per approved norms towards maternity benefit under Janani Suraksha Yojana (JSY) after institutional delivery so that on an average, a woman will get ` 6000/- . PMMVY, a Centrally Sponsored Scheme, would provide grants-in-aid to the State Governments/ Union Territory Administrations (UTs) in a dedicated Escrow account for the  purpose of direct benefit transfer to the beneficiaries",
               "schemeEligiiblity":"1. All pregnant women and lactating mothers excluding the ones who are in regular employment with the Central/State Government or Public Sector Undertakings (PSUs) or those who are in receipt of similar benefits under any law.			   2. All eligible pregnant women and lactating mothers who have their pregnancy on or after January 01, 2017 for the first child in the family",
               "schemeTargetGroup":"Pregnant women and lactating mothers",
               "schemeMiscDetails":"The date and stage of pregnancy for a beneficiary is counted with respect to her Last Menstrual Period (LMP) date as mentioned in the Mother and Child Protection (MCP) card. 			   For further details visit https://wcd.nic.in/sites/default/files/PMMVY%20Scheme%20Implemetation%20Guidelines%20._0.pdf",
               "schemeDepartments":"Ministry of Women and Child Development"
             },
             {
               "schemeUiId":"M_052_S_004",
               "schemeName":"BETI BACHAO BETI PADHAO",
               "schemeObj":"To address the declining Child Sex Ratio (CSR) and other issues such as To help remove gender based discrimination and elimination, To protect the girl child, To provide the girl child with education and enabling her participation",
               "schemeDesc":"The Census (2011) data showed a significant declining trend in the Child Sex Ratio1(CSR) between 0-6 years with an all time low of 918. The issue of decline in the CSR is a major indicator of women disempowerment as it reflects both, pre-birth discrimination manifested through gender biased sex selection, and post birth discrimination against girls (in form of their health, nutrition, educational needs). The principal factor behind the Child Sex Ratio being so adverse is the low Sex Ratio at Birth (SRB). Social construct discriminating girls on the one hand, easy availability, affordability and subsequent misuse of diagnostic tools on the other hand, have been critical in declining CSR. The strong socio-cultural and religious biases, preference for sons and discrimination towards daughters has accentuated the problem. Since coordinated and convergent efforts are needed to ensure survival, protection and empowerment of the girl child, Government launched the Beti Bachao Beti Padhao (BBBP) on 22nd January, 2015 at Panipat in Haryana. It is a tri-ministerial effort of Ministries of Women and Child Development, Health & Family Welfare and Human Resource Development.",
               "schemeEligiiblity":"A family with a girl child below the age of 10 years, there should be a Sukanya Samriddhi Account (SSA) in any bank, opened in the name of the girl child and the Girl child should be an Indian. NRIs are not eligible for this scheme",
               "schemeTargetGroup":"Girl Child",
               "schemeMiscDetails":"There are several schemes under Beti Bachao Beti Padhao each of which focuses on the upliftment, empowerment and welfare of women & girl child. Here is a list of few popular schemes under BBBP: Sukanya Samridhi Yojana, Balika Samridhi Yojana, Ladli Laxmi Yojana, Ladli scheme, Kanyashree Prakalpa Yojana, Dhanalakshmi scheme. 			   For further details visit https://www.pmindia.gov.in/en/government_tr_rec/beti-bachao-beti-padhao-caring-for-the-girl-child/",
               "schemeDepartments":"Women and Child Development, Health & Family Welfare and Human Resource Development"
             },
             {
               "schemeUiId":"M_052_S_005",
               "schemeName":"SUKANYA SAMRUDDHI YOJANA",
               "schemeObj":"A small deposit scheme of the Government of India meant exclusively for a girl child and is launched as a part of Beti Bachao Beti Padhao Campaign. The scheme is meant to meet the education and marriage expenses of a girl child.",
               "schemeDesc":"It is a government-backed savings scheme as part of the “Beti Bachao, Beti Padhao Yojana” for the benefit of the girl child. It can be opened by the parents of a girl child below the age of 10. A Sukanya Samriddhi Account has a tenure of 21 years or until the girl child marries after the age of 18. From April 2020, this scheme offers an interest rate of 7.6% compounded annually. Parents can now open up to two SSY accounts for girls and a third account can be opened in case of birth of twins/triplets.",
               "schemeEligiiblity":"Girl child below the age of 10",
               "schemeTargetGroup":"Girl Child",
               "schemeMiscDetails":"For further details visit http://www.nsiindia.gov.in/InternalPage.aspx?Id_Pk=89",
               "schemeDepartments":"Women and Child Development, Health & Family Welfare and Human Resource Development"
             },
             {
               "schemeUiId":"M_052_S_006",
               "schemeName":"UJJAWALA SCHEME",
               "schemeObj":"To prevent trafficking of women and children for commercial sexual exploitation through social mobilization and involvement of local communities, awareness generation programmes, generate public discourse through workshops/seminars and such events and any other innovative activity, To facilitate rescue of victims from the place of their exploitation and place them in safe custody, To provide rehabilitation services both immediate and long-term to the victims by providing basic amenities/needs such as shelter, food, clothing, medical treatment including counselling, legal aid and guidance and vocational training, To facilitate reintegration of the victims into the family and society at large and To facilitate repatriation of cross-border victims to their country of origin.",
               "schemeDesc":"Trafficking of women and children for commercial sexual exploitation is an organized crime that violates basic human rights. India has emerged as a source, destination and transit for both in-country and cross border trafficking. The problem of trafficking of women and children for commercial sexual exploitation is especially challenging due to its myriad complexities and variation. Poverty, low status of women, lack of a protective environment etc. are some of the causes for trafficking. A multi sectoral approach is needed which will undertake preventive measures to arrest trafficking especially in vulnerable areas and sections of population; and to enable rescue, rehabilitation and reintegration of the trafficked victims. Keeping the above issues and gaps in mind the Ministry has formulated a Central Scheme “Comprehensive Scheme for Prevention of Trafficking for Rescue, Rehabilitation and Re-Integration of Victims of Trafficking for Commercial Sexual Exploitation-Ujjawala”. The new scheme has been conceived primarily for the purpose of preventing trafficking on the one hand and rescue and rehabilitation of victims on the other",
               "schemeEligiiblity":"1. The agency should be registered under law and must have a properly constituted Managing Body with its powers, duties and responsibilities clearly defined and laid down in its Constitution 2. The organization must not work for the profit of any individual or body of individuals 3. It should ordinarily have three years experience after its registration 4. Its financial position should be sound 5. It should have facilities, resources, experience and personnel to initiate the scheme for which assistance is sought 6. Voluntary organisations should be registered with the NGO PS portal of NITI Aayog.",
               "schemeTargetGroup":"Women and children who are vulnerable to trafficking for commercial sexual exploitation, Women and children who are victims of trafficking for commercial sexual exploitation.",
               "schemeMiscDetails":"For further details visit https://wcd.nic.in/schemes/ujjawala-comprehensive-scheme-prevention-trafficking-and-rescue-rehabilitation-and-re",
               "schemeDepartments":"Ministry of Women and Child Development"
             },
             {
               "schemeUiId":"M_052_S_007",
               "schemeName":"RAJIV GANDHI SCHEME FOR EMPOWERMENT OF ADOLESCENT BOYS – SAKSHAM",
               "schemeObj":"To facilitate, educate and empower adolescent boys so as to enable them to become self-reliant, gender-sensitive and aware citizens. The scheme will cover all adolescent those who go to school or out of school in the age-group of 11-18, subdivided into the categories of 11-14 and 14-18. The scheme also helps in health, education, skill development of adolescent boy.",
               "schemeDesc":"Government has recently launched a fresh scheme, ‘Rajiv Gandhi Scheme for Empowerment of Adolescent Boys’ to empower the adolescent boys. It is also called as project ‘Saksham’ that aims to empower the overall development of youngsters, to make them self-dependant, gender-sensitive, and aware citizens. It will also help them deal with gender violence, and harness their power for the nation-building. It will address the needs of adolescent boys, (both the school-going and outside of the school), of ages between 11 to 18 years. The age group is further subdivided as 11 to 14, and 14 to 18. Initially, it will be executed in 20 districts across 7 States, and benefit around 6 lakh adolescent boys every year. It will help them to address their various health needs – mental, physical, and emotional in an effective manner. It will spread the awareness of cleanliness, nutrition, sexual, and reproductive health among teenage boys. Along with the life-skills education and public services information, it will offer career skills to the boys above 16, through NSDP (National Skill Development Program).",
               "schemeEligiiblity":"Adolescent boys across country belong to 11–18 age year or boys should go to school or not it not affect.",
               "schemeTargetGroup":"Boys who of ages ranging from ten years to eighteen years (10 years – 18 years).",
               "schemeMiscDetails":"For further details visit https://govinfo.me/sakshamrajeev-gandhi-scheme-empowerment-adolescent-boys/",
               "schemeDepartments":"Ministry of Women and Child Development"
             },
             {
               "schemeUiId":"M_052_S_008",
               "schemeName":"GENDER CHAMPIONS SCHEME",
               "schemeObj":"To provide an integrated and interdisciplinary approach to understanding the social and cultural constructions of gender that shape the experiences of women and men in society. The aim is to make the young boys and girls gender sensitive and create positive social norms that value the girls and their rights.",
               "schemeDesc":"In order to promote gender equality, guaranteed by Article 15 of the Indian Constitution, we need to change the mode of interaction at all levels - home, school, workplace and so on. To increase the outreach for creating an environment that fosters equal treatment, Government of India envisages engagement of Gender Champions in all schools and colleges across the country. Gender Champions can be any student above 16 years of age enrolled in educational institutions",
               "schemeEligiiblity":"1. Gender Champions can be any student above 16 years of age 2. Should be enrolled in and regularly attending school or college. 3. She/he must have secured minimum of 50% marks or equivalent grade in the annual examination/school leaving certificate. 4. Excellent oral, written, and presentation skills. 5. Should have demonstrated leadership qualities 6. Excellent understanding of the socio-cultural issues and prevailing gender norms and practices",
               "schemeTargetGroup":"Student above 16 years of age",
               "schemeMiscDetails":"For further details visit https://wcd.nic.in/sites/default/files/Guideline%20Gender%20Champiam%20final.pdf",
               "schemeDepartments":"Ministry of women and Child Development and Ministry of Human Resource Development."
             },
             {
               "schemeUiId":"M_052_S_009",
               "schemeName":"SWADHAR GREH SCHEME",
               "schemeObj":"To cater to the primary need of shelter, food, clothing, medical treatment and care of the women in distress and who are without any social and economic support, To enable them to regain their emotional strength that gets hampered due to their encounter with unfortunate circumstances,  To provide them with legal aid and guidance to enable them to take steps for their readjustment in family/society, To rehabilitate them economically and emotionally, To act as a support system that understands and meets various requirements of women in distress, To enable them to start their life afresh with dignity and conviction.",
               "schemeDesc":"The scheme envisions a supportive institutional framework for women victims of difficult circumstances so that they could lead their life with dignity and conviction. It envisages that shelter, food, clothing, and health as well as economic and social security are assured for such women. It also envisions that the special needs of these women are properly taken care of and under no circumstances they should be left unattended or abandoned which could lead to their exploitation and desolation.",
               "schemeEligiiblity":"Women above 18 years of age",
               "schemeTargetGroup":"1. Women who are deserted and are without any social and economic support 2. Women survivors of natural disasters who have been rendered homeless and are without any social and economic support 3. Women prisoners released from jail and are without family, social and economic support 4. Women victims of domestic violence, family tension or discord, who are made to leave their homes without any means of subsistence and have no special protection from exploitation and/ or facing litigation on account of marital disputes 5. Trafficked women/girls rescued or runaway from brothels or other places where they face exploitation and Women affected by HIV/AIDS who do not have any social or economic support. However such women/ girls should first seek assistance under UJJAWALA Scheme in areas where it is in operation.",
               "schemeMiscDetails":"For further details visit https://wcd.nic.in/node/93576",
               "schemeDepartments":"Department of Women and Child Development"
             },
             {
               "schemeUiId":"M_052_S_010",
               "schemeName":"SAKHI ONE STOP CENTRE",
               "schemeObj":"To provide integrated support and assistance to women affected by violence, both in private and public spaces under one roof and To facilitate immediate, emergency and non-emergency access to a range of services including medical, legal, psychological and counselling support under one roof to fight against any forms of violence against women.",
               "schemeDesc":"One Stop Centres (OSCs) are intended to support women affected by violence, in private and public spaces, within the family, community and at the workplace. Women facing physical, sexual, emotional, psychological and economic abuse, irrespective of age, class, caste, education status, marital status, race and culture will be facilitated with support and redressal. Aggrieved women facing any kind of violence due to attempted sexual harassment, sexual assault, domestic violence, trafficking, honour related crimes, acid attacks or witch-hunting who have reached out or been referred to the OSC will be provided with specialized services",
               "schemeEligiiblity":"All womens and girls below 18 years of age",
               "schemeTargetGroup":"The OSC will support all women including girls below 18 years of age affected by violence, irrespective of caste, class, religion, region, sexual orientation or marital status. For girls below 18 years of age, institutions and authorities established under Juvenile Justice (Care and Protection of Children) Act, 2000 and the Protection of Children from Sexual Offences Act, 2012 will be linked with the OSC",
               "schemeMiscDetails":"For further details visit https://wcd.nic.in/schemes/one-stop-centre-scheme-1",
               "schemeDepartments":"The Ministry of Women and Child Development (MWCD)"
             },
         ]
      }
   ]
}