{
   "ListOfMinistries":[
      {
         "ministryId":1,
         "ministryName":"Ministry of Minority Affairs",
         "ministrySchemesList":[
            {
               "schemeUiId":"M_0037_S_001",
               "schemeName":"PRADHAN MANTRI JAN VIKAS KARYAKRAM",
               "schemeObj":"The programme aims to develop socio-economic and basic amenities assets like school, college, polytechnic, girls hostel, ITI, skill development centre etc for the minority communities.",
               "schemeDesc":"Pradhan Mantri Jan Vikas Karyakram (PMJVK) is a Scheme designed to address the development deficits of the identified Minority Concentration Areas. Prior to PMJVK, the Ministry implemented Multi-Sectoral Development Programme. The areas of implementation, under PMJVK, have been identified on the basis of minority population and socio-economic and basic amenities data of Census 2011 and will be known as Minority Concentration Areas. PMJVK will continue to support the States/UTs in creating infrastructure to improve the quality of life of people and reduce the imbalances in the identified minority concentration areas to be at par with the rest of the country. To further strengthen the programme and ensure the benefit reaches the intended beneficiaries, project proposals will also be accepted from Central Government Departments/Organizations, Central Public Sector Enterprises/Undertakings, Central/State Universities and Armed Police Forces, apart from the State/UT governments. Parameters for identification of minority concentration areas (MCA): The backwardness parameters are:- Religion-specific socio-economic indicators at the district level, Literacy rate, Female literacy rate, Work participation rate, Female work participation rate. Basic amenities indicators at the district level : Percentage of households with pucca walls, Percentage of households with safe drinking water, Percentage of households with electricity, Percentage of households with latrine facility within the premise.",
               "schemeEligiiblity":"NIL",
               "schemeTargetGroup":"Backward Minority Concentration Blocks (MCBs), Backward Minority Concentration Towns (MCTs), Backward Minority Concentration Districts Headquarters (MCD Hqrs), Backward Clusters of Minority Concentration Villages (CoVs).",
               "schemeMiscDetails":"80% of the resources under the PMJVK would be earmarked for projects related to education, health and skill development. 33 to 40% of resources under the PMJVK would be specifically allocated for women centric projects.",
               "schemeDepartments":"NIL"
            },
           {
               "schemeUiId":"M_0037_S_002",
               "schemeName":"CYBER GRAM YOJANA",
               "schemeObj":"Its primary objective is to provide hands-on training in computers for the students of Minority Community and to enable them to acquire basic ICT skills that would empower them to: Become digitally literate, Actively participate in knowledge based activities, Access financial, social and government services, Use Internet for communications, Reinforcing the learning of trained beneficiaries by providing free Internet access for 30 hours.",
               "schemeDesc":"The Ministry of Minority Affairs has launched a pilot project for minority Cyber Gram for digital literacy in a minority dominated village Chandauli in Alwar district of Rajasthan. The Ministry mainstreamed the Cyber Gram project with the Multi-sectoral Development Programme in the year 2014-15 as a special initiative. The proposed implementation framework would consist of the Village Level, Entrepreneur (VLE) at the village level, Service Center Agencies (SCA) and State Department of Minority Affairs at the state level, CSC e-Governance Services India Limited (CSC SPV) and the Ministry of Minority Affairs at the national level, The State Government will give the proposals as per the guidelines of MsDP and Empowered Committee will approve them. CSC e-Governance Services India Ltd, a Special Purpose Vehicle setup by the Department of Electronics & Information Technology (DEITY), Govt of India, Common Services Center (CSC) Scheme is part of the ambitious National e-Governance Plan (NeGP). with the objective of enabling setting up of ICT enabled front end delivery centers across the Country. CSCs enabled to act as a front end delivery points to deliver various services like Government, Social and Private Sector services to the citizen, State Governments across India are leveraging the Common Services Centers for improved access to public services in rural India. Currently CSCs are engaged in delivery of various Government Services like land records, certificates, utility bill payments etc.",
               "schemeEligiiblity":"Training center would be having valid CSC id/ OMT id with proven training and facilitation credentials in the domain of education/ IT literacy.They must have sufficient computer infrastructure and internet connectivity and shall facilitate IT infrastructure to the identified madrasas/school in District/Block/Panchayat/Village for the project duration.",
               "schemeTargetGroup":"The scheme intends to cover students of Class VI to Class X belonging to Minority Community notified, as per Section 2(c) of the National Commission for Minority Act 1992, and residing in areas covered under Multi-sectoral Development Programme.",
               "schemeMiscDetails":"The registration and training of beneficiaries has started in West Bengal and soon it will be initiated in Tripura and U.P. A one-stop portal to monitor the field-level implementation of the project and make the entire training process transparent with real-time data has been made available.",
               "schemeDepartments":"NIL"
            },
            {
               "schemeUiId":"M_0037_S_003",
               "schemeName":"JIYO PARSI SCHEME",
               "schemeObj":"The main objective of the scheme was to arrest the declining trend of the Parsi population by adopting a scientific protocol and structured interventions, in order to stabilize their population and thereby increasing the population of Parsis in India.",
               "schemeDesc":"The Government of India through Ministry of Minority Affairs had formulated the Jiyo Parsi Scheme in September 2013. The scheme comprises of three components: Advocacy Component that includes workshops, advertisement campaigns to create awareness, etc., Health of the Community Component which covers Childcare and Creche support, assistance to elderly, etc. Medical Component includes financial assistance for the detection and treatment of infertility, fertility treatment, etc. Parsi are a group of followers in India who follow the Zoroastrianism.The religion was founded by Prophet Zoroaster(or Zarathustra). According to the Union Ministry of Minority Affairs,the population of Parsis has declined from about 114,000 in 1941 to 57,264 in 2011. Maharashtra has the highest Parsi population in the country followed by Gujarat. Infertility and late marriages are among the main reasons for the rapid decline in the Parsi population. Financial assistance upto Rs.5 lacs is provided for treatment as well as detection of fertility issues. The applicant is free to choose any doctor that he/she wishes, anywhere in India. Reimbursement is provided for detection, treatment as well as medicines required for solving the issues related to fertility. Medical intervention includes Assisted Reproductive Technologies like IVF, IUI and other procedures needed to establish clinical pregnancy.",
               "schemeEligiiblity":"NIL",
               "schemeTargetGroup":"The scheme is meant for only Parsis community. Parsi married couples of child bearing age who seek assistance. Adults/young men/women/adolescent boys/girls for detection of diseases resulting with consent of parents/legal guardians.",
               "schemeMiscDetails":"Parsi boys and girls of marriageable age (adolescent to the 30s), suffering from treatable clinical problems that result in infertility, would be provided medical assistance to the tune of Rs. 15,000/- and Rs. 25,000/- respectively.Rs. 3.27 Crore will be earmarked for advocacy component for the remaining period of 14th Finance Commission (2017-20). ",
               "schemeDepartments":"NIL"
            },
            {
               "schemeUiId":"M_0037_S_004",
               "schemeName":"NAI ROSHNI",
               "schemeObj":"The objective of the scheme is to empower and instill confidence among minority women, including their neighbours from other communities living in the same village/locality, by providing knowledge, tools and techniques for interacting with Government systems, banks and other institutions at all levels.",
               "schemeDesc":"For women empowerment, Ministry started “Nai Roshni”, a Leadership Development Programme for Minority Women in 2012-13. Nai Roshni also aims to embolden women and help them to move out from the confines of their homes and communities. One of the main thrust areas is to train women of the minority sections and make them fit enough to take leadership roles and also assert their rights. This will help them to get the due share of various government schemes that could lead to the improvement of living conditions. The organisations will undertake the following activities: Selection of villages and urban localities where scheme is to be implemented. Identification of women for training and selection criteria. Administration of non residential and residential training for women from minority communities. Under current guidelines, scheme is implemented through Gram Panchayat at village level and local urban bodies at district level. It is also telecast in electronic media in Hindi and regional languages. Minority women can apply for the scheme online as well. The scheme helps in fighting different social stigmas such as poverty, as women and children are the worst sufferers of poverty. It empowers the minority women to stand up for their rights and help them grow economically thus strengthening civil society.",
               "schemeEligiiblity":"Under the Nai Roshni initiative, organisations are eligible for Grants-in-Aid. The following are the eligible organisations: A society that is registered under the Societies Registration Act 1860. Non-Profit Private Limited Companies registered under Sec 25 of The Indian Companies Act. Public Trust that is registered under the respective law that is in force at various times. UGC (University Grants Commission) recognised Institutions and Universities. Central and State Government Training Institutes and Union Territories including Training Institutes under the Panchayati Raj. Cooperative Societies belonging to women and self-help groups that are duly registered. Channelising Agencies of State Government.",
               "schemeTargetGroup":"The target group includes all those minorities who have been notified under Section 2 (c) of The National Commission for Minorities Act, 1992. (Muslim, Buddhist, Sikh, Christian, Parsis and Jain). To further strengthen the overall canvas of plurality of the society, the act also permits women from non-minority communities to be a part of the above scheme. However, the number of non-minorities should not exceed 25% of the project proposal. The mix should consist of SCs/STs/OBCs and also women with disabilities. Efforts also will be on to bring EWRs (Elected Women Representatives) from any community to be included in this scheme as trainees.",
               "schemeMiscDetails":"A study was conducted by NITI Aayog to evaluate the impact of the scheme on the minority and to identify the setbacks faced in the implementation of the scheme. The study covered 15 districts, 30 blocks, 87 villages, 27 NGOs spread over 8 States namely Assam, West Bengal, Punjab, Gujarat, Andhra Pradesh, Kerala, Rajasthan and Uttar Pradesh.",
               "schemeDepartments":"NIL"
            },
           {
               "schemeUiId":"M_0037_S_005",
               "schemeName":"HunarHaat",
               "schemeObj":"These Haat aim to provide market exposure and employment opportunities to artisans, craftsmen and traditional culinary experts.",
               "schemeDesc":"Hunar Haat is an exhibition of handicrafts and traditional products made by artisans from the minority communities. These are organised by the Ministry of Minority Affairs under USTTAD (Upgrading the Skills & Training in Traditional Arts/Crafts for Development) scheme. The USTTAD scheme aims to promote and preserve the rich heritage of the traditional arts & crafts of the minority communities. It envisages boosting the skills of craftsmen, weavers and artisans who are already engaged in the traditional ancestral work. ‘Hunar Haat’ has proved to be “Empowerment Exchange” for master artisans and craftsmen. The 'Hunar Haat' at Pragati Maidan is a part of series being organised in various parts of the country under a mission to provide market and opportunity to master artisans and craftsmen. Master artisans, including a large number of women artisans, from across the country are participating in the 'Hunar Haat'. The artisans will bring with them very exquisite pieces of handicraft and handloom work products such as ajarakh, bagh print, bandhej, copperware, ceramic products, among others.The next ‘Hunar Haat’ will be organised at Lucknow from 10th to 20th January 2020.",
               "schemeEligiiblity":"NIL",
               "schemeTargetGroup":"Target is to provide employment opportunities to about 5 lakh people through 'Hunar Haat'.",
               "schemeMiscDetails":"Around 3 lakh people have got employment opportunities through Hunar Haat so far. Our aim is to provide employment opportunities to as many as 10 lakh artisans in 2020.",
               "schemeDepartments":"NIL"
            },
            {
               "schemeUiId":"M_0037_S_006",
               "schemeName":"USTTAD",
               "schemeObj":"To build the capacity of craftsmen and artisans through training of young generation. To set up standards for identified crafts, crafts and their documentation. To preserve the heritage of the traditional arts and crafts of minorities. To generate linkages of traditional skills with the global market. To increase the employability of existing workers, school dropouts etc. To create a better livelihood for marginalised minorities. To empower minorities to avail opportunities in the global market. To ensure the dignity of labour. To showcase traditional arts and craft skills, including culinary skills through the exhibition, which also provide a platform to enlarge business opportunity.",
               "schemeDesc":"USTTAD scheme of Ministry of Minority Affairs aims at preserving and promoting the rich heritage of traditional arts & crafts of the Minority communities. In light of globalisation & competitive market, these crafts have gradually lost their employability. It also envisages at boosting skill of craftsmen, weavers and artisans who are already engaged in traditional ancestral work. The scheme will have the following program: Upgradation of skills and training n traditional arts/crafts through the institution. USTTAD apprentice stipend for research and development. support to craft museums for curating traditional art. and crafts. support to minority craftsmen through hunar haats and shilp Utsav for marketing their products through exhibitions. Recognition of talented craftsmen and artisans. The Ministry of Minority Affairs through various activities like documenting the crafts, setting standards for defining “master-craftsperson” or “USTAAD” for identified crafts, development of course curriculum of product development and Design Workshops for potential crafts persons and trainees, product range development and facilitating linkages with e-marketing portals for providing platforms for selling developed products.",
               "schemeEligiiblity":"The following are the eligibility criteria required for the trainee to participate under the scheme : The applicant should belong to the minority community. The applicant age group should be between 14 to 35 years of age. The applicant should have passed at least a 5th standard. The scheme will be implemented through the Project Implementing Agencies (PIAs), which are selected based on the following criteria: Any societies registered under the Societies Registration Act and having experience of conducting traditional skill development courses. Any recognised private institution is conducting such traditional skill development courses for at least three years. Any association of industries like ASSOCHAM, CII, FICCI etc. who are willing to run such training centres is eligible to apply for the scheme. Any institution of Governments including training institutes, universities and public sector undertakings having the capacity to conduct such training programme is eligible to apply for the scheme.",
               "schemeTargetGroup":"The scheme aims at capacity building and upgrading the skills of traditional craftsmen and artisans. These trained craftsmen and artisan will train the youth belonging to the minority community in various specific traditional arts and crafts. ",
               "schemeMiscDetails":"Rs.10000 per trainee for the non-residential program and Rs.13000 per trainee for the residential program. Rs.3000/- per trainee will be provided on a monthly basis as Remuneration to each craftsman or artisan.",
               "schemeDepartments":"NIL"
            },
            {
               "schemeUiId":"M_0037_S_007",
               "schemeName":"NAI MANZIL",
               "schemeObj":"The objective of the scheme is to provide education and market-driven skills training to youth between the ages of 17-35 years from minority community families who are Below Poverty Line (BPL).",
               "schemeDesc":"Nai Manzil, a scheme launched on 8th August 2015, aims to benefit the minority youths who do not have a formal school leaving certificate in order to provide them formal education and skills, and enable them to seek better employment and livelihoods in the organised sector. While the minority communities comprise a little over 20% of India’s population, their contribution to the workforce lags at 44% vs the national average of 54%. The factors contributing to this lower participation include higher rate of dropping out from school, lower employability skills, and perceived lower returns from education. The scheme offers non-residential integrated education and skills training for 9 to 12 months, of which a minimum of 3 months are devoted to skills training. The scheme intends to provide placements to at least 70% of the trained youth in jobs which would earn them basic minimum wages and provide them with other social protection entitlements like Provident Funds, Employee State Insurance (ESI) etc. There are four components under this scheme : Education Component, Skill training component, Placement of candidates, Post placement support. The Scheme has been approved with the cost of Rs.650.00 Crore for five years with 50% funding from the World Bank.The scheme is also significant as it combines education with skills for school dropouts which will significantly enhance their employability.",
               "schemeEligiiblity":"Age limit between 17 to 35 years. Drop-Outs Students. BPL Category.In case reserved categories as prescribed under this scheme remain vacant, these vacant seats may be treated as unreserved.",
               "schemeTargetGroup":"Total physical target of the Scheme is to cover approximately one lac beneficiaries: The trainee should belong to six notified minority communities. The trainee should be between 17-35 years of age. Besides, 30 % of the seats will be reserved for girl/women candidates and 5 % for differently abled minority beneficiaries. 15 % candidates may belong to BPL families of non-minority communities to promote inter-community solidarity. The minimum qualification of trainee should be as per NIOS / equivalent for class VIII and class X bridge program. The trainee should belong to the Below Poverty Line (BPL) population both from urban and rural areas.",
               "schemeMiscDetails":"According to Nai Manzil scheme guidelines, trainee beneficiaries will receive Education stipend of Rs. 6000 for six months and Skills stipend of Rs. 4500 for 3 months, including Rs. 4000 as post placement support for candidates.",
               "schemeDepartments":"NIL"
            },
            {
               "schemeUiId":"M_0037_S_008",
               "schemeName":"PADHO PARDESH",
               "schemeObj":"The objective of the scheme is to award interest subsidy to meritorious students belonging to economically weaker sections of notified minority communities so as to provide them better opportunities for higher education abroad and enhance their employability.",
               "schemeDesc":"The Prime Minister’s New 15 Point Programme for the Welfare of Minorities was announced in June, 2006. It provides that the schemes for scholarships for meritorious students from minority communities will be formulated and implemented. The scheme of Interest Subsidy on educational loans for overseas studies will promote educational advancement of student from minority communities. Total income from all sources ofthe employed candidate or his/ her parents/ guardians in case of unemployed candidate shall not exceed Rs. 6.00 lakh perannum. Income certificate issued by the competent authority in the State/Union Territory should be submitted. The scheme will be implemented by the designated Bank as per MoU between the Bank and Ministry of Minority Affairs. The interest subsidy under the scheme shall be available to the eligible students only once, either for Masters or levels. Interest subsidy shall not be available to those students who either discontinued the course midstream due to any reason, or those who are expelled from the institutions on disciplinary oracademic grounds. If a student violates any condition of the scheme, the subsidy will be discontinued forthwith. If a student is found to have obtained the subsidy by false statement/ certificates, the subsidy will be withdrawn/ cancelled forthwith and amount of the subsidy paid shall be recovered with panel interest, apart from taking criminal action as per law. The students obtaining benefits under this Scheme shall not be given the interest subsidy if he gives up Indian citizenship during the tenure ofthe loan.",
               "schemeEligiiblity":"The student should have secured admission in the approved courses at Masters, M.Phil or Ph.D levels abroad for the courses. He/ She should have availed loan from a scheduled bank under the Education Loan Scheme of the Indian Banks Association (IBA) for the purpose. Students should apply for the benefits under the scheme during 1st year itself of the course. Fresh applications received during 2nd year or subsequent years will not be accepted in any case. Preference will be given to those applications which are covered under lower rate of interest by various banks for each State/UT to their quota.",
               "schemeTargetGroup":"This is a Central Sector Scheme to provide interest subsidy to the student belonging to the communities declared as minority communities in terms of section 2 (c) of National Commission for Minorities Act, 1992, on the interest payable for the period of moratorium for the Education Loans under the Scheme of Interest subsidy on Educational Loans for Overseas Studies to pursue approved courses of studies abroad at Masters and Ph.Dlevels.",
               "schemeMiscDetails":"The terms and conditions ofthe scheme can be changed at any time at the discretion of Ministry of Minority Affairs to improve procedure and achieve more effective implementation. However, there should not be financial implications.",
               "schemeDepartments":"NIL"
            },
            {
               "schemeUiId":"M_0037_S_009",
               "schemeName":"NAI UDAAN",
               "schemeObj":"The objective of the Scheme is to provide financial support to the minority candidates clearing prelims conducted by Union Public Service Commission, Staff Selection Commission and State Public Service Commissions to adequately equip them to compete for appointment to Civil Services in the Union and the State Governments and to increase the representation of the minority in the Civil Services by giving direct financial support to candidates clearing Preliminary Examination of Group A and B Gazetted and non-Gazetted posts of Union Public Service Commission (UPSC), State Public Service Commissions (SPSCs) and Staff SelectionCommission (SSC) etc.",
               "schemeDesc":"Government of India, Ministry of Minority Affairs is implementing the scheme Nai Udaan- Scheme for Support to Minority Students for preparation of Main Examination, who clear Prelims conducted by Union Public Service Commission, Staff Selection Commission, State Public Service Commissions The objective of the Scheme is to provide financial support to the minority candidates clearing prelims conducted by Union Public Service Commission, Staff Selection Commission and State Public Service Commissions to adequately equip them to compete for appointment to Civil Services in the Union and the State Governments and to increase the representation of the minority in the Civil Services. The rate of financial assistance will be maximum Rs. One Lakh only (Rs. 1,00,000/-) for clearing Civil Services Preliminary exam conducted by Union Public Service Commissions Rs. Fifty Thousand only (Rs.50,000/-) for clearing prelims exam conducted by State Public Service Commissions etc. (Gazetted post) Rs. Twenty-Five Thousand (Rs. 25,000/-) for clearing preliminary exam conducted by Staff Selection Commissions-Combined Graduate Level (SSC-CGL) for Non- Gazetted Post. 100% financial support will be provided to the selected candidates through the Ministry of Minority Affairs as this is a Central Sector Scheme (CSS). Payment will be made through Direct Benefits Transfer (DBT) mode.",
               "schemeEligiiblity":"The candidate should belong to one of the Minority Communities notified under Section 2 (C ) of National Commission for Minorities Act, 1992 and should have passed the Prelims Examination conducted by UPSC; SPSC or SSC etc. Total family income of the candidates from all sources should not exceed Rs. 4.5 lakh per annum. The financial support can be availed by a candidate only once. The candidate will not be eligible to benefit from any other similar Scheme of the Central or State Governments /UT Administrations.",
               "schemeTargetGroup":"NIL",
               "schemeMiscDetails":"Every year up to 2000 candidates will be given financial support under the scheme throughout the country on fulfilling the eligibility criteria till the budgetary allocation is exhausted.",
               "schemeDepartments":"NIL"
            },
            {
               "schemeUiId":"M_0037_S_0010",
               "schemeName":"MANAS",
               "schemeObj":"To offer an integrated an All-India platform unifying every stakeholder who provides skill training. Imparting Entrepreneurship and Skill Development Training to every member of various minority communities through PPP and collaborations with Local/National/International Organisations based on the demands of the Local/National/International Markets. To make use of the Skill Development Architecture of Ministry of Skill Development and Entrepreneurship by working through various training partners and leading training providers, and thereby, ensuring the standardisation of training and its outcome. To link the concessional credit of NMDFC, or any other Financial Institutions, with the skills training of the minority communities in order to promote entrepreneurship and self-employment. To offer technical and marketing support through various call centres for entrepreneurs who are just starting out, Karobaari Salahiyat, and an e-commerce portal for online marking support. ",
               "schemeDesc":"Maulana Azad National Academy for Skills (MANAS), established on 11/11/2014 works towards meeting all skill up-gradation/development needs of Minority Communities. MANAS provides an all India level training framework based upon tie-ups with Local/National/International training organisations on PPP model, for imparting training to the Minority population in skill sets that are in line with emerging market demands. The training programme is aimed at providing meaningful and sustainable livelihood options in terms of self-employment/wage employment opportunities to all its trainees, with primary focus on self-employment. MANAS also provides concessional credit for minority community after meeting their Skilling Needs for expanding their existing businesses and setting up new businesses. MANAS takes the initiative to train people to be self-employed. Assistance is provided by the National Minorities Development and Finance Corporation (NMDFC) with respect to credit for individuals trained at MANAS in order to help them establish their own businesses and to even be self-employed. MANAS has collaborations with multiple national and international agencies in order to provide certification and assistance with respect to placements for the trainees at MANAS. These collaborations also help MANAS to secure funding to run the program. MANAS also signed a Memorandum of Understanding along with the National Skill Development Corporation in order to set up an All-India Collaborative Network for MANAS.",
               "schemeEligiiblity":"NIL",
               "schemeTargetGroup":"To provide unified access to every minority community for Entrepreneurship and Skill Development Training Programmes (E&SDPs) for the skill sets, which are, or will, be in demand by the market-leading to self-employment, with an emphasis on entrepreneurship, to promote Skill India Mission or Make in India.",
               "schemeMiscDetails":"It provides an institutional arrangement to meet all Skill Development or Up-gradation needs of the Minority communities in India. A Special Purpose Vehicle (SPV), it comprises of an extensive All India Level, Training Framework based on Collaboration (PPP mode) with leading and reputed Training Providers at National/ International level, in India.",
               "schemeDepartments":"NIL"
            },
            {
               "schemeUiId":"M_0037_S_0011",
               "schemeName":"HAMARI DHAROHAR",
               "schemeObj":"To curate rich heritage of minorities under overall concept of Indian Culture. Curating exhibitions. Preservation of literature/ documents etc. Support and promotion of calligraphy etc. Research and Development.",
               "schemeDesc":"Government of India believes in Unity in Diversity which is the basic tenet of Indian Culture. The Constitution of India grants equal rights and opportunities to all communities including minority communities of India to profess their religion and culture. Following the spirit of the Constitution, the Government of India is of firm conviction that there is a strong need to curate the rich heritage and culture of Minorities particularly miniscule minorities and supporting calligraphy and related crafts. There are 6 (six) notified minorities in India which have been notified under National Commission for Minorities Act, 1992. They are Muslims, Christians, Sikhs, Buddhists, Parsis and Jains. Going by Census data of 2001, Buddhists and Jains have small population i.e. less than a Crore. The Parsis are even less than a lakh, hence may fall under miniscule minority category. There is a general lack of information among people about the rich cultural heritage of minority communities of India, particularly of Parsis, Christians, Buddhists etc. Good knowledge about culture and rich heritage of communities develops better understanding among masses and strengthens toleranceand social knitting. Ministry of Minority Affairs has been mandated to look after all issues related with minorities except Law and Order as per Allocation of Business. Therefore going with the priority of the Government, Ministry of Minority Affairs intends to launch a new scheme “HamariDharohar” to preserve rich culture and heritage of minority communities of India.",
               "schemeEligiiblity":"The candidate should be a notified minority and Post Graduate with minimum 50% marks from a recognized institution in the relevant field in which he/she wants to avail the Fellowship to meet the above mentioned objectives. He/she should have secured admission in a University/Institution for a regular M. Phil/Ph.D. He/ She should not be more than 35 years of age. 35% seats of annual targets will be earmarked for minority girls/women candidates. The fellowships are awarded for undertaking research oriented projects. The applicant should provide evidence of his/her capabilities in undertaking the project. The fellowships are not intended for conducting workshops, seminars or documenting memoirs/ or writing autobiographies, fiction etc.",
               "schemeTargetGroup":"A minority having Post graduate with 50% marks and Girl/ women candidates belonging to minority community.",
               "schemeMiscDetails":"NIL",
               "schemeDepartments":"NIL"
            },
            {
               "schemeUiId":"M_0037_S_0012",
               "schemeName":"SEEKHO AUR KAMAO",
               "schemeObj":"Minimize the unemployment rate of minorities during 12th plan period (2012-17). Preserve and update traditional skills of minorities and develop their connections with the market. Enhance employability of existing workers, school dropouts, etc. and assure their placement. Originate better livelihood for marginalized minorities and bring them in the mainstream. Empower minorities to avail scopes in the growing market. Establish potential human resource for the country.",
               "schemeDesc":"The Central government's 'Seekho Aur Kamao' scheme was initiated in 2013-14 by the Ministry of Minority Affairs for skill development of the minority communities, including Muslims, Christians, Sikhs, Buddhists, Parsis and Jains.The candidates will be trained free of cost and will be evaluated through internal classroom tests and third-party assessments by the respective Sector Skill Councils. On successful completion of the training programme, the candidates will be provided with an AISECT Batch Completion Certificate as well as a Sector Skill Council Assessment Certificate. AISECT will also provide students with post-placement support, which will help in keeping a track on the students' career. The scheme aims to upgrade the skills of the minority youth in various modern or traditional skills depending on the qualification of the candidate, present economic trends and market potential, which can help them earn a decent and respectable livelihood. The scheme is implemented through selected expert Project Implementing Agencies (PIAs).The scheme ensures placements of minimum 75% trainees, out of which at least 50% placement is in organized sector.Till date, the organisation has successfully trained over 20 lakh people at the small town, district, block and panchayat level areas across India.",
               "schemeEligiiblity":"The candidates between 18 and 35 years of age and with educational qualification ranging from 8th Class to Diploma/12th/Graduate/Post Graduate will be eligible to participate in the training programme.",
               "schemeTargetGroup":"The scheme would target at enhancing the skills of minority youth in the various modern/ traditional vocations depending on their present economic trends, educational qualification and the market potential, which can earn them a suitable employment or make them properly proficient to go for self-employment.",
               "schemeMiscDetails":"The training will be conducted over a period of 3-4 months wherein candidates will be made job ready for roles such as Consignment Booking Assistant, Retail Trainee Associate, Field Technician-Networking and Storage, Field Technician-Computing & Peripherals, Domestic Data Entry Operator, Documentation Assistant, Retail Sales Associate and Self Employed Tailor.",
               "schemeDepartments":"NIL"
            },
            {
               "schemeUiId":"M_0037_S_0013",
               "schemeName":"MAHILA SAMRIDDHI YOJANA",
               "schemeObj":"In order to cater the Micro Finance needs of small entrepreneurs belonging to the target group, the National Backward Classes Finance and Development Corporation (NBCFDC) provides loans through self help groups (SHGs) by State Channelising Agency (SCA) under Micro Finance Scheme.",
               "schemeDesc":"Ministry of Social Justice and Empowerment Department of Government of India has introduced Mahila Samridhi Yojana for providing loans to women entrepreneurs. Economically homogeneous and affinity group of poor people voluntarily formed Self help groups to save and to contribute common funds to its members. Channel Partners play a vital role through their field officers, encouraging people of the target group in forming Self help groups and get financial assistance under Mahila Samriddhi Yojana of NBCFDC. In a SHG 75% of members can be from Backward Classes and the remaining 25% members may be from other weaker section like SC or Handicapped. The beneficiary women is not required to invest any amount of her own on the projects upto cost of Rs.2,00,000/-. The rate of interest on the amount of loan is less as compared to the general loan scheme of the Corporation. Loan :  Maximum loan limit per SHG : Rs.15.00 Lakh, Maximum loan limit per beneficiary : Rs.1,00,000/-, Maximum number of women in one SHG : 20. Repayment : Loan is to be repaid in quarterly instalments within 4 Years (including the moratorium period of six months on the recovery of principal). Some of the benefits include: Lifts the socio-economic condition of the beneficiary, Plays a role in mainstreaming of the poverty-ridden family, Supports in generating employment opportunities, Cultivates entrepreneurship among women, Empowers the women, make them self-reliant, Minimal documentation, Raises the self-belief in women.",
               "schemeEligiiblity":"Eligibility criteria to obtain benefits of Samriddhi Yojana are given in detail here. Women entrepreneur belonging to backward classes only can apply for this scheme. Age of the woman should be 18 years. Members of Backward Classes living below double the poverty line are eligible. Annual income of the women should be less than Rs.3 Lakhs per annum.",
               "schemeTargetGroup":"NIL",
               "schemeMiscDetails":"Following documents need to be furnished for obtaining MSY loan : Proof of residence (Electricity bill or ration card can be furnished), Proof of Identity, Self group membership card, Income certificate, Aadhaar Card, Caste certificate, Bank account book.",
               "schemeDepartments":"NIL"
            },
         ]
      },
         ]
      },

