{
   "ListOfMinistries":[
      {
         "ministryId":1,
         "ministryName":"Ministry of New and Renewable Energy",
         "ministrySchemesList":[
            {
               "schemeUiId":"M_0032_S_001",
               "schemeName":"Jawaharlal Nehru National Solar Mission (JNNSM)",
               "schemeObj":"The objective of the Jawaharlal Nehru National Solar Mission (JNNSM) under the brand 'Solar India' is to establish India as a global leader in solar energy, by creating the policy conditions for its diffusion across the country as quickly as possible.",
               "schemeDesc":"The Jawaharlal Nehru National Solar Mission (JNNSM), or the National Solar Mission, is an initiative of the Government of India and State Governments to promote solar power in India. Inaugurated in January 2010, the JNNSM has been revised twice and now boasts a target of 100 GW of solar PV by 2022. Each Phase is supported by differing key policies and targets. Phase I (2010 – 2013): Target for grid-connected PV (including rooftop) target: 1 000 MW and Target for off-grid solar PV applications: 200 MW. Phase II (2014 – 2017): Cumulative target for grid-connected solar PV (including rooftop): 4 000 – 10 000 MW, Target for off-grid solar PV applications: 1 000 MW. Scheme for at least 25 solar parks (34 approved currently under Government) and the Ultra Mega Solar Power Projects to target 40 GW solar PV. The scheme would be applicable to all parts of India and would, to begin with, be co-terminus with Phase-I of the Jawaharlal Nehru National Solar Mission and will, inter alia, focus on promoting off-grid and decentralized systems, including hybrid systems to meet/supplement lighting, electricity/power, heating and cooling energy requirements. For mini-grids for rural electrification, applications up to a maximum capacity of 250 kW per site, would be supported. The total project cost shall be funded through a mix of debt and incentives where the promoters’ equity contribution would be at least 20% (unless otherwise specified). Techno-economic specifications for a minimum cut-off level for the requirement of the project mode would be specified by MNRE.",
               "schemeEligiiblity":"The projects satisfying the conditions a specified below will be considered for migration from the existing arrangements to JNNSM : On or before November 19, 2009, the project Developer should have signed a power purchase Agreement for sale of entire power to any Distribution, The plant should have designed for interconnection with the grid at the voltage level of 33kv or above, The Project Developer should have ownership or lease hold rights(for at least 30 years) and taken possession of 100% of the area of the land required for the project, In case of Solar Thermal Projects, the Project Developer should have made arrangements for water required for the project.",
               "schemeTargetGroup":"The Mission has set a target of 20,000 MW and stipulates implementation and achievement of the target in 3 phases (first phase up to 2012-13, second phase from 2013 to 2017 and the third phase from 2017 to 2022) for various components, including grid connected solar power.",
               "schemeMiscDetails":"In the beginning of 2010, the total installed capacity of solar power in the country was a mere 17.8 MW which grew to 506.9 MW by March 2012 and to 2.75 GW by July 2014. This whopping leap within a span of four years can be almost wholly accredited to the launch of the JNNSM in 2010.",
               "schemeDepartments":"NIL"
            },
           {
               "schemeUiId":"M_0032_S_002",
               "schemeName":"Scheme for Development of Solar Parks and Ultra Mega Power Project",
               "schemeObj":"The scheme aims to provide a huge impetus to solar energy generation by acting as a flagship demonstration facility to encourage project developers and investors, prompting additional projects of similar nature, triggering economies of scale for cost-reductions, technical improvements and achieving large scale reductions in GHG emissions.",
               "schemeDesc":"The scheme for “Development of Solar Parks and Ultra Mega Solar Power Projects” was rolled out by Ministry of New & Renewable Energy on 12-12-2014. The Scheme has been conceived on the lines of the “Charanka Solar Park” in Gujarat which is a first-of-its-kind large scale Solar Park in India with contiguous developed land and transmission connectivity. This scheme envisages supporting the States in setting up solar parks at various locations in the country with a view to create required infrastructure for setting up of Solar Power Projects. The solar parks will provide suitable developed land with all clearances, transmission system, water access, road connectivity, communication network, etc. This scheme will facilitate and speed up installation of grid connected solar power projects for electricity generation on a large scale. The total capacity when operational will generate 64 billion units of electricity per year which will lead to abatement of around 55 million tonnes of CO2 per year over its life cycle. It would also contribute to the long-term energy security of the country and promote ecologically sustainable growth by a reduction in carbon emissions and carbon footprint, as well as generate large direct and indirect employment opportunities in solar and allied industries, such as glass, metals, heavy industrial equipment, etc. The enhanced capacity would ensure setting up of at least 50 solar parks each with a capacity of 500 MW and above in various parts of the country.",
               "schemeEligiiblity":"Approvals have been accorded to 33 Solar Parks of aggregate capacity of 20,000 MW to be set up in 21 States.",
               "schemeTargetGroup":"It was planned to set up at least 25 solar parks, each with a capacity of 500 MW and above; thereby targeting around 20,000 MW of solar power installed capacity. These solar parks are proposed to be set up within in a span of five years commencing from 2014–15.",
               "schemeMiscDetails":"In 2017 the Cabinet Committee on Economic Affairs, chaired by the Prime Minister approved the enhancement of capacity from 20,000 MW to 40,000 MW of the Scheme for Development of Solar Parks and Ultra Mega Solar Power Projects.",
               "schemeDepartments":"NIL"
            },
            {
               "schemeUiId":"M_0032_S_003",
               "schemeName":"Atal jyoti yojana (AJAY)",
               "schemeObj":"This scheme was launched to illuminate dark regions through the establishment of solar street lights and It is a sub-scheme under off-grid and decentralized solar application scheme of the Ministry of New and Renewable Energy (MNRE), Govt. of India. Under the scheme, SSL with an LED capacity of 12 W will be provided as per MNRE norms in the identified states.",
               "schemeDesc":"The Ministry of New and Renewable Energy (MNRE) launched the Atal Jyoti Yojana (AJAY) to illuminate dark regions through establishment of solar street lights. It is a sub scheme under off –grid and decentralized solar application scheme of Ministry of New and Renewable Energy (MNRE), Govt. of India. The Phase I was implemented during September 2016- March 2018. The Phase II is being implemented during 2018-19 and 2019-20. Phase I : The rural, semi-urban and urban areas that face less than 50% grid connectivity in Uttar Pradesh, Assam, Bihar, Jharkhand, and Odisha will be illuminated with 7 W solar LED street lights. These solar lights were installed on major roads, markets and public conveniences in remote areas to sustainably enhance the citizens’ quality of life. Phase II :  States covered during Phase I - Uttar Pradesh, Assam, Bihar, Jharkhand, and Odisha. Hilly states of Jammu and Kashmir, Himachal Pradesh and Uttarakhand. North-eastern states including Sikkim. Islands of Andaman Nicobar and Lakshadweep. Parliamentary constituencies covering 48 Aspirational districts of states other than those covered above.  The total number of solar LED street lights installed is 1,35,577 (As of March 2020). The total cost of the scheme is Rs 583 crore. MNRE will provide 75% of the cost of street lights and remaining 25% will come from Member of Parliament Local Area Development funds (MPLADS).",
               "schemeEligiiblity":"NIL",
               "schemeTargetGroup":"“Atal Jyoti Yojana” (AJAY) is being implemented to fulfil Government’s pledge to provide required energy for fulfilment of basic needs of people of India. Under this programme, the MNRE will install Solar LED Street Lights in rural, semi-urban and urban areas which don’t enjoy adequate coverage of power.",
               "schemeMiscDetails":"The MNRE had launched the Atal Jyoti Yojna in 2016. By March 2018, 1.45 lakh solar street lights were installed in 96 parliamentary constituencies and the sanction for the second phase also includes an additional ₹50 crore fund to meet the pending liabilities of the first phase of the scheme.",
               "schemeDepartments":"NIL"
            },
             {
               "schemeUiId":"M_0032_S_004",
               "schemeName":"Development of Solar Cities Scheme",
               "schemeObj":"Enable and empower Urban Local Governments (ULBs) to address energy challenges at City-level. Provide framework and support to prepare Master Plan including assessment of current energy situation, future demand and action plans. Oversee the implementation of sustainable energy options through public-private partnerships (PPPs). Build capacity in ULBs and create awareness among all sections of civil society. Involve various stakeholders in the planning process.",
               "schemeDesc":"Ministry of New and Renewable Energy (MNRE) under its “Development of Solar Cities” scheme has sanctioned development of 60 Solar Cities including 13 Pilot and 5 Model Cities up to 12th Five-year Plan period (2012–2017). So far, master plans of 49 Solar Cities have been prepared. Moreover, Stake-holders Committees have been constituted in 21 Cities and Solar City Cells have been created in 37 Solar Cities. The Scheme aims at reducing minimum 10% in projected demand of conventional energy at end of five years, through combination of enhancing supply from renewable energy sources in city and energy efficiency measures. Under it, local Governments are motivated for adopting renewable energy technologies and energy efficiency measures. Solar City developed under this scheme will have all types of renewable energy based projects like solar, wind, biomass, small hydro, waste to energy etc. It may be installed alongwith possible energy efficiency measures depending on the need and resource availability in the city.",
               "schemeEligiiblity":"The criteria set by the ministry for the identification of cities include a city having population between 50,000 to 50 lakh (with relaxation given to special category states including northeast states).",
               "schemeTargetGroup":"NIL",
               "schemeMiscDetails":"Eight cities are to be developed as ‘Model Solar Cities'. Of these 8 cities, Nagpur, Chandigarh, Gandhinagar and Mysore have so far been selected to be developed as ‘Model Solar Cities. Fifteen cities will be developed as ‘Pilot Solar Cities.’ Of the 15 cities, the government has so far named 13 that include Agartala, Coimbatore, Rajkot, Shimla, Faridabad, Thane, Raipur, Shirdi, Leh, Aizawl, Puducherry, Vijaywada and Amritsar are being developed as Pilot Solar City.",
               "schemeDepartments":"NIL"
            },
           {
               "schemeUiId":"M_0032_S_005",
               "schemeName":"Surya Mitra Scheme",
               "schemeObj":"The programme aims to develop the skills of youth, considering the opportunities for employment in the growing Solar Energy Power project’s installation, operation & maintenance in India and abroad. The Suryamitra Programme is also designed to prepare the candidates to become new entrepreneurs in Solar Energy sector.",
               "schemeDesc":"National Institute of Solar Energy (NISE) is the nodal agency for implementing the Suryamitra Skill Development Programme. An autonomous body under the MoNRE, NISE was founded to replace the erstwhile Solar Energy Centre. Located in Gurugram, it is considered as the apex institute focussing solely on research and development activities in the solar energy sector. For efficiency, the NISE collaborates with state nodal agencies to ensure the benefits of the programme are accessible to all. NISE has also developed the ‘Suryamitra’ app, which is available for download from the Google Playstore. This GPS-based application ensures the services of ‘Suryamitras’ reach across the country. Mode of training: The SSDP is a residential training programme that requires trainees to board at designated hostels in the host institute. Duration of training: The programme is designed for 600 hours or 90 days, following which an assessment will take place. Successful trainees will receive certificates. Number of trainees: Currently, the strength is 30 trainees per batch. Fee structure: Suryamitra skill training programme does not charge any fees from the trainees. If the host institute collects a security deposit, it will be refunded at the end of the course. Instead, the MoNRE takes care of these expenses: For boarding – Rs.300 per trainee, For course fee – Rs.25 per hour per trainee, For assessment – Rs.800 per trainee.",
               "schemeEligiiblity":"The candidates with the following qualifications are eligible. Essential qualification - The candidate should be 10th pass and ITI in Electrician /Wireman/Electronics Mechanic/Fitter/ Sheet Metal, not below 18 years. Preferable Qualification : The candidates with Diploma in Electrical, Mechanical and Electronics branches will be preferred. Candidates with electrician certificate and experience shall also be preferred. The Engineering Graduates and persons with other higher qualification are not eligible to apply. During the selection of trainees, special emphasis to be given to the persons coming from rural background, unemployed youth, women, SC/ST candidates. Persons with higher qualifications like degree in any discipline or higher are strictly not eligible.",
               "schemeTargetGroup":"Women, unemployed youth and candidates from rural areas and SC/ST communities shall also be given preference in the selection process.",
               "schemeMiscDetails":"The scheme is aimed at creating 50,000 trained solar photovoltaic technicians by March 2020. It is a flagships program of the PMO targeting to create 500 million skilled manpower by 2020.",
               "schemeDepartments":"NIL"
            },
            {
               "schemeUiId":"M_0032_S_006",
               "schemeName":"Green Energy Corridor Project",
               "schemeObj":"The project aims at integrating large-scale renewable generation capacity addition with the main grid. The country needs to prepare itself for greater penetration of renewable energy. Grid stability and security are the main concerns for India presently. The Ministry of Power has proposed to set up Renewable Energy Management Centres (REMCs) to help integrate renewables into the grid. These centers will be responsible for forecasting and scheduling renewable energy generation at state and regional levels, and coordinating with state load dispatch centers (SLDCs).",
               "schemeDesc":"The government aims to strengthen and develop the power transmission network through Green Energy Corridor project. Green Energy Corridor is an intra-/ inter-state transmission system which is being implemented by eight renewable rich states in India – Tamil Nadu, Rajasthan, Karnataka, Andhra Pradesh, Maharashtra, Gujarat, Himachal Pradesh and Madhya Pradesh. Intra-State Transmission System is being implemented by respective State Transmission Utilities (STU) and Inter-State Transmission System is being implemented by Power Grid Corporation of India Ltd. (PGCIL). The project is expected to be completed by March 2020 and is one of the major initiatives taken by the Ministry. The Government of India initiated the Green Energy Corridor project in 2013. The project includes about approx. 9400 km transmission lines and Substations of total capacity of approx. 19000 MVA to be completed by March 2020. The purpose is to evacuate approx. 20,000 MW of large scale renewable power and improvement of the grid in the implementing States. The Central grant is disbursed in two installments to the STUs: 70% Advance on the award of contract, and Balance 30% after successful commissioning and three months of performance testing. The funding mechanism consists of 40% from the Government of India Grant (total Rs. 4056.67 crores), 20% from State Equity and 40% from the loan from KfW, Germany (500 million EUR).",
               "schemeEligiiblity":"NIL",
               "schemeTargetGroup":"A Sterlite Power-led partnership is set to implement the Green Energy Corridor Project in India. The Green Corridor Project is expected to contribute towards India’s renewable energy target of 175GW by 2022.",
               "schemeMiscDetails":"The mega project is worth over Rs 4,350 crore. The Raigarh-Pugalur 800 kilovolt (kV) ultrahigh-voltage direct current (UHVDC) system aims to connect Raigarh in Central India to Pugalur in the southern state of Tamil Nadu.",
               "schemeDepartments":"NIL"
            },
            {
               "schemeUiId":"M_0032_S_007",
               "schemeName":"(PM KUSUM) Pradhan Mantri Kisan Urja Suraksha evem Utthan Mahabhiyan Scheme",
               "schemeObj":"The scheme aims to add solar and other renewable capacity of 25,750 MW by 2022. The Scheme provides for installation of solar pumps, solarization of existing grid-connected agricultural pumps and installation of grid connected renewable power plants.",
               "schemeDesc":"Ministry of New and Renewable Energy (MNRE) has launched the Pradhan Mantri Kisan Urja Suraksha evem Utthan Mahabhiyan (PM KUSUM) Scheme for farmers for installation of solar pumps and grid connected solar and other renewable power plants in the country. The Scheme consists of three components: Component A: 10,000 MW of Decentralized Ground Mounted Grid Connected Renewable Power Plants of individual plant size up to 2 MW. Component B: Installation of 17.50 lakh standalone Solar Powered Agriculture Pumps of individual pump capacity up to 7.5 HP. Component C: Solarisation of 10 Lakh Grid-connected Agriculture Pumps of individual pump capacity up to 7.5 HP. State Nodal Agencies(SNAs) of MNRE will coordinate with States/UTs, Discoms and farmers for implementation of the scheme. Components A and C of the Scheme will be implemented in Pilot mode till 31st December 2019. The Component B, which is a ongoing sub-programme, will be implemented in entirety without going through pilot mode. The capacities to be implemented under pilot mode for the Components A and C are as follows: Component A: Commissioning of 1000 MW capacity of ground/ stilt mounted solar or other renewable energy source based power projects Component C: Solarization of 1,00,000 grid connected agriculture pumps. On successful implementation of pilot run of Components A and C of the Scheme, these components would be scaled-up, after getting necessary approval.",
               "schemeEligiiblity":"The State Government will give a subsidy of 30%; and the remaining 40% will be provided by the farmer. Bank finance may be made available for meeting 30% of the cost. The remaining 10% will be provided by the farmer. Higher CFA of 50% will be provided for North Eastern States, Sikkim, Jammu & Kashmir, Himachal Pradesh, Uttarakhand, Lakshadweep and A&N Islands.",
               "schemeTargetGroup":"In light of the long waiting list for electric grid connection, this scheme will benefit 17.5 lakh farmers over a period of four years, without adding to the grid load. The scheme will help farmers earn extra income, by giving them an alternative to sell additional power to grid through solar power projects set up on their barren lands.",
               "schemeMiscDetails":"For the promotion of solar farming i.e. decentralized solar power production of up to 28,250 MW to help farmers, The Union Government has announced Rs.1.4 lakh-crore Kisan Urja Suraksha evam Utthaan Mahaabhiyan (KUSUM) scheme. For this scheme, Rs. 48,000 crore has been allocated by the Union Budget 2018-19 for the ten-year period.",
               "schemeDepartments":"NIL"
            },
         ]
      },
         ]
      },

