{
   "ListOfMinistries":[
      {
         "ministryId":1,
         "ministryName":"புதிய மற்றும் புதுப்பிக்கத்தக்க எரிசக்தி அமைச்சகம்",
         "ministrySchemesList":[
       {
               "schemeUiId":"M_0032_S_001",
               "schemeName":"ஜவஹர்லால் நேரு தேசிய சூரிய மிஷன் (ஜே.என்.என்.எஸ்.எம்)",
               "schemeObj":"'சோலார் இந்தியா' என்ற பிராண்டின் கீழ் உள்ள ஜவஹர்லால் நேரு தேசிய சூரிய மிஷனின் (ஜே.என்.என்.எஸ்.எம்) நோக்கம், இந்தியாவை சூரிய ஆற்றலில் உலகளாவிய தலைவராக நிறுவுவதே ஆகும்.",
               "schemeDesc":"ஜவஹர்லால் நேரு தேசிய சூரிய மிஷன் (ஜே.என்.என்.எஸ்.எம்) அல்லது தேசிய சூரிய மிஷன் என்பது இந்தியாவில் சூரிய சக்தியை மேம்படுத்த இந்திய அரசு மற்றும் மாநில அரசுகளின் முன்முயற்சி ஆகும். ஜனவரி 2010 இல் தொடங்கப்பட்டது, ஜே.என்.என்.எஸ்.எம் இரண்டு முறை திருத்தப்பட்டது, இப்போது 2022 க்குள் 100 ஜிகாவாட் சோலார் பி.வி.யின் இலக்கைக் கொண்டுள்ளது. ஒவ்வொரு கட்டமும் மாறுபட்ட முக்கிய கொள்கைகள் மற்றும் இலக்குகளால் ஆதரிக்கப்படுகிறது. கட்டம் I (2010 - 2013): கட்டம் இணைக்கப்பட்ட பி.வி (கூரை உட்பட) இலக்கு: 1 000 மெகாவாட் மற்றும் ஆஃப்-கிரிட் சோலார் பி.வி பயன்பாடுகளுக்கான இலக்கு: 200 மெகாவாட். கட்டம் II (2014 - 2017): கட்டத்துடன் இணைக்கப்பட்ட சோலார் பி.வி (கூரை உட்பட) ஒட்டுமொத்த இலக்கு: 4 000 - 10 000 மெகாவாட், ஆஃப்-கிரிட் சோலார் பி.வி பயன்பாடுகளுக்கான இலக்கு: 1 000 மெகாவாட். 40 ஜிகாவாட் சோலார் பி.வி.யை குறிவைக்கும் குறைந்தபட்சம் 25 சூரிய பூங்காக்கள் (34 தற்போது அரசாங்கத்தின் கீழ் அங்கீகரிக்கப்பட்டுள்ளன) மற்றும் அல்ட்ரா மெகா சூரிய மின் திட்டங்களுக்கான திட்டம். இந்த திட்டம் இந்தியாவின் அனைத்து பகுதிகளுக்கும் பொருந்தும், மேலும், ஜவஹர்லால் நேரு தேசிய சூரிய மிஷனின் முதல் கட்டத்துடன் இணைந்து செயல்படும், மேலும், மற்றவற்றுடன், கலப்பின உட்பட ஆஃப்-கிரிட் மற்றும் பரவலாக்கப்பட்ட அமைப்புகளை மேம்படுத்துவதில் கவனம் செலுத்தும். விளக்குகள், மின்சாரம் / சக்தி, வெப்பமூட்டும் மற்றும் குளிரூட்டும் ஆற்றல் தேவைகளை பூர்த்தி செய்வதற்கான அமைப்புகள். கிராமப்புற மின்மயமாக்கலுக்கான மினி-கட்டங்களுக்கு, ஒரு தளத்திற்கு அதிகபட்சம் 250 கிலோவாட் திறன் கொண்ட பயன்பாடுகள் ஆதரிக்கப்படும். மொத்த திட்டச் செலவு கடன் மற்றும் சலுகைகளின் கலவையின் மூலம் நிதியளிக்கப்படும், அங்கு விளம்பரதாரர்களின் பங்கு பங்களிப்பு குறைந்தது 20% ஆக இருக்கும் (வேறுவிதமாக குறிப்பிடப்படாவிட்டால்). திட்ட பயன்முறையின் தேவைக்கான குறைந்தபட்ச கட்-ஆஃப் நிலைக்கான தொழில்நுட்ப-பொருளாதார விவரக்குறிப்புகள் எம்.என்.ஆர்.இ.",
               "schemeEligiiblity":"கீழே குறிப்பிடப்பட்டுள்ள நிபந்தனைகளை பூர்த்திசெய்யும் திட்டங்கள், தற்போதுள்ள ஏற்பாடுகளிலிருந்து ஜே.என்.என்.எஸ்.எம். 33 கி.வி அல்லது அதற்கு மேற்பட்ட மின்னழுத்த மட்டத்தில் கட்டத்துடன் ஒன்றோடொன்று இணைக்க வடிவமைக்கப்பட்டுள்ளது, திட்ட உருவாக்குநருக்கு உரிமை அல்லது குத்தகை வைத்திருக்கும் உரிமைகள் இருக்க வேண்டும் (குறைந்தது 30 ஆண்டுகளுக்கு) மற்றும் திட்டத்திற்கு தேவையான நிலத்தின் 100% பரப்பளவை கையகப்படுத்த வேண்டும், சூரிய வெப்பத் திட்டங்களைப் பொறுத்தவரை, திட்ட மேம்பாட்டாளர் திட்டத்திற்குத் தேவையான தண்ணீருக்கான ஏற்பாடுகளைச் செய்திருக்க வேண்டும்.",
               "schemeTargetGroup":"மிஷன் 20,000 மெகாவாட் இலக்கை நிர்ணயித்துள்ளது மற்றும் 3 கட்டங்களாக (2012-13 வரை முதல் கட்டம், 2013 முதல் 2017 வரை இரண்டாம் கட்டம் மற்றும் மூன்றாம் கட்டம் 2017 முதல் 2022 வரை) கட்டம் உள்ளிட்ட பல்வேறு கூறுகளுக்கு இலக்கை செயல்படுத்தவும், அடையவும் நிர்ணயித்துள்ளது. இணைக்கப்பட்ட சூரிய சக்தி.",
               "schemeMiscDetails":"2010 ஆம் ஆண்டின் தொடக்கத்தில், நாட்டில் மொத்தமாக நிறுவப்பட்ட சூரிய சக்தி வெறும் 17.8 மெகாவாட் ஆகும், இது மார்ச் 2012 க்குள் 506.9 மெகாவாட்டாகவும், ஜூலை 2014 க்குள் 2.75 ஜிகாவாட்டாகவும் வளர்ந்தது. நான்கு ஆண்டுகளில் இந்த பாய்ச்சல் கிட்டத்தட்ட முழுமையாக இருக்கலாம் 2010 இல் (ஜே.என்.என்.எஸ்.எம்) ஐ அறிமுகப்படுத்த அங்கீகாரம் பெற்றது.",
               "schemeDepartments":"NIL"
            },
           {
               "schemeUiId":"M_0032_S_002",
               "schemeName":"சூரிய பூங்காக்கள் மற்றும் அல்ட்ரா மெகா மின் திட்ட மேம்பாட்டுக்கான திட்டம்",
               "schemeObj":"திட்ட உருவாக்குநர்கள் மற்றும் முதலீட்டாளர்களை ஊக்குவிப்பதற்கும், இதேபோன்ற கூடுதல் திட்டங்களைத் தூண்டுவதற்கும், செலவுக் குறைப்புகளுக்கான அளவிலான பொருளாதாரங்களைத் தூண்டுவதற்கும், தொழில்நுட்ப மேம்பாடுகளுக்கும், பெரிய அளவிலான குறைப்புகளை அடைவதற்கும் ஒரு முதன்மை ஆர்ப்பாட்ட வசதியாக செயல்படுவதன் மூலம் சூரிய ஆற்றல் உற்பத்திக்கு ஒரு பெரிய உத்வேகத்தை வழங்குவதே இத்திட்டத்தின் நோக்கமாகும். GHG உமிழ்வு.",
               "schemeDesc":"சூரிய பூங்காக்கள் மற்றும் அல்ட்ரா மெகா சூரிய மின்சக்தி திட்டங்களை உருவாக்குதல் என்ற திட்டம் புதிய மற்றும் புதுப்பிக்கத்தக்க எரிசக்தி அமைச்சகத்தால் 12-12-2014 அன்று தொடங்கப்பட்டது. குஜராத்தில் உள்ள “சரங்க சோலார் பார்க்” வின் அடிப்படையில் இந்த திட்டம் உருவாக்கப்பட்டுள்ளது, இது இந்தியாவில் முதன்முதலில் பெரிய அளவிலான சூரிய பூங்காவாகும், இது தொடர்ச்சியான வளர்ந்த நிலம் மற்றும் பரிமாற்ற இணைப்புகளைக் கொண்டுள்ளது. சூரிய மின்சக்தி திட்டங்களை அமைப்பதற்கு தேவையான உள்கட்டமைப்புகளை உருவாக்கும் நோக்கில் நாட்டின் பல்வேறு இடங்களில் சூரிய பூங்காக்களை அமைப்பதில் மாநிலங்களுக்கு ஆதரவளிக்க இந்த திட்டம் திட்டமிட்டுள்ளது. சூரிய பூங்காக்கள் அனைத்து அனுமதிகள், பரிமாற்ற அமைப்பு, நீர் அணுகல், சாலை இணைப்பு, தகவல் தொடர்பு நெட்வொர்க் போன்றவற்றுடன் பொருத்தமான வளர்ந்த நிலங்களை வழங்கும். இந்தத் திட்டம் பெரிய அளவில் மின்சார உற்பத்திக்கான கட்டம் இணைக்கப்பட்ட சூரிய மின் திட்டங்களை நிறுவுவதற்கும் விரைவுபடுத்துவதற்கும் உதவும். செயல்படும் போது மொத்த திறன் ஆண்டுக்கு 64 பில்லியன் யூனிட் மின்சாரம் உற்பத்தி செய்யும், இது அதன் வாழ்க்கைச் சுழற்சியில் ஆண்டுக்கு சுமார் 55 மில்லியன் டன் CO2 ஐக் குறைக்கும். இது நாட்டின் நீண்டகால எரிசக்தி பாதுகாப்பிற்கு பங்களிக்கும் மற்றும் கார்பன் உமிழ்வு மற்றும் கார்பன் தடம் குறைப்பதன் மூலம் சுற்றுச்சூழல் ரீதியாக நிலையான வளர்ச்சியை ஊக்குவிக்கும், அத்துடன் சூரிய மற்றும் அதனுடன் தொடர்புடைய தொழில்களான கண்ணாடி, உலோகங்கள் போன்றவற்றில் பெரிய நேரடி மற்றும் மறைமுக வேலை வாய்ப்புகளை உருவாக்கும். , கனரக தொழில்துறை உபகரணங்கள், முதலியன நாட்டின் பல்வேறு பகுதிகளில் 500 மெகாவாட் மற்றும் அதற்கு மேற்பட்ட திறன் கொண்ட தலா குறைந்தது 50 சூரிய பூங்காக்களை அமைப்பதை உறுதி செய்யும்.",
               "schemeEligiiblity":"21 மாநிலங்களில் அமைக்கப்படவுள்ள மொத்தம் 20,000 மெகாவாட் திறன் கொண்ட 33 சூரிய பூங்காக்களுக்கு ஒப்புதல் அளிக்கப்பட்டுள்ளது.",
               "schemeTargetGroup":"குறைந்தது 25 சூரிய பூங்காக்களை அமைக்க திட்டமிடப்பட்டது, ஒவ்வொன்றும் 500 மெகாவாட் மற்றும் அதற்கு மேற்பட்ட திறன் கொண்டது; இதன் மூலம் சுமார் 20,000 மெகாவாட் சூரிய சக்தி நிறுவப்பட்ட திறன் குறிவைக்கப்படுகிறது. இந்த சூரிய பூங்காக்கள் 2014–15 முதல் ஐந்தாண்டுகளுக்குள் அமைக்க உத்தேசிக்கப்பட்டுள்ளது.",
               "schemeMiscDetails":"2017 ஆம் ஆண்டில் பிரதமரின் தலைமையில் பொருளாதார விவகாரங்களுக்கான அமைச்சரவைக் குழு, சூரிய பூங்காக்கள் மற்றும் அல்ட்ரா மெகா சூரிய மின் திட்டங்களை மேம்படுத்துவதற்கான திட்டத்தின் திறனை 20,000 மெகாவாட்டிலிருந்து 40,000 மெகாவாட்டாக உயர்த்த ஒப்புதல் அளித்தது.",
               "schemeDepartments":"NIL"
            },
            {
               "schemeUiId":"M_0032_S_003",
               "schemeName":"அடல் ஜோதி யோஜனா (அஜய்)",
               "schemeObj":"சூரிய வீதி விளக்குகளை நிறுவுவதன் மூலம் இருண்ட பகுதிகளை ஒளிரச் செய்வதற்காக இந்த திட்டம் தொடங்கப்பட்டது, இது புதிய மற்றும் புதுப்பிக்கத்தக்க எரிசக்தி அமைச்சகத்தின் (எம்.என்.ஆர்.இ) அரசாங்கத்தின் ஆஃப்-கிரிட் மற்றும் பரவலாக்கப்பட்ட சூரிய பயன்பாட்டு திட்டத்தின் கீழ் ஒரு துணைத் திட்டமாகும். இந்தியாவின். இந்த திட்டத்தின் கீழ், அடையாளம் காணப்பட்ட மாநிலங்களில் எம்.என்.ஆர்.இ விதிமுறைகளின்படி 12 டபிள்யூ எல்.ஈ.டி திறன் கொண்ட எஸ்.எஸ்.எல் வழங்கப்படும்.",
               "schemeDesc":"புதிய மற்றும் புதுப்பிக்கத்தக்க எரிசக்தி அமைச்சு (எம்.என்.ஆர்.இ) சூரிய தெரு விளக்குகளை நிறுவுவதன் மூலம் இருண்ட பகுதிகளை ஒளிரச் செய்வதற்காக அடல் ஜோதி யோஜனாவை (அஜய்) அறிமுகப்படுத்தியது. இது புதிய மற்றும் புதுப்பிக்கத்தக்க எரிசக்தி அமைச்சின் (எம்.என்.ஆர்.இ) அரசாங்கத்தின் ஆஃப்-கிரிட் மற்றும் பரவலாக்கப்பட்ட சூரிய பயன்பாட்டு திட்டத்தின் கீழ் ஒரு துணைத் திட்டமாகும். இந்தியாவின். கட்டம் I செப்டம்பர் 2016- மார்ச் 2018 இல் செயல்படுத்தப்பட்டது. இரண்டாம் கட்டம் 2018-19 மற்றும் 2019-20 ஆகிய ஆண்டுகளில் செயல்படுத்தப்படுகிறது. கட்டம் I: உத்தரபிரதேசம், அசாம், பீகார், ஜார்கண்ட் மற்றும் ஒடிசாவில் 50% க்கும் குறைவான கட்ட இணைப்புகளை எதிர்கொள்ளும் கிராமப்புற, அரை நகர்ப்புற மற்றும் நகர்ப்புறங்கள் 7 W சூரிய எல்.ஈ.டி தெரு விளக்குகளால் ஒளிரும். குடிமக்களின் வாழ்க்கைத் தரத்தை நிலையானதாக உயர்த்துவதற்காக இந்த சூரிய விளக்குகள் தொலைதூர பகுதிகளில் உள்ள முக்கிய சாலைகள், சந்தைகள் மற்றும் பொது வசதிகளில் நிறுவப்பட்டன. இரண்டாம் கட்டம்: உத்தரபிரதேசம், அசாம், பீகார், ஜார்க்கண்ட் மற்றும் ஒடிசா - முதலாம் கட்டத்தின் போது மாநிலங்கள். ஜம்மு-காஷ்மீர், இமாச்சலப் பிரதேசம் மற்றும் உத்தரகண்ட் மாநிலங்களின் மலைப்பாங்கான மாநிலங்கள். சிக்கிம் உள்ளிட்ட வடகிழக்கு மாநிலங்கள். அந்தமான் நிக்கோபார் மற்றும் லட்சத்தீவு தீவுகள். மேலே குறிப்பிடப்பட்டுள்ள மாநிலங்களைத் தவிர்த்து மாநிலங்களின் 48 அபிலாஷை மாவட்டங்களை உள்ளடக்கிய நாடாளுமன்றத் தொகுதிகள். நிறுவப்பட்ட சோலார் எல்இடி தெரு விளக்குகளின் எண்ணிக்கை 1,35,577 (மார்ச் 2020 நிலவரப்படி). இத்திட்டத்தின் மொத்த செலவு 583 கோடி ரூபாய். தெரு விளக்குகளின் விலையில் 75% எம்.என்.ஆர்.இ வழங்கும், மீதமுள்ள 25% நாடாளுமன்ற உறுப்பினர் உள்ளூர் பகுதி மேம்பாட்டு நிதிகளிலிருந்து (எம்.பி.எல்.ஏ.டி.எஸ்) வரும்.",
               "schemeEligiiblity":"NIL",
               "schemeTargetGroup":"இந்திய மக்களின் அடிப்படைத் தேவைகளைப் பூர்த்தி செய்வதற்குத் தேவையான ஆற்றலை வழங்குவதற்கான அரசாங்கத்தின் உறுதிமொழியை நிறைவேற்ற “அடல் ஜோதி யோஜனா” (அஜய்) செயல்படுத்தப்படுகிறது. இந்த திட்டத்தின் கீழ், எம்.என்.ஆர்.இ கிராமப்புற, அரை நகர்ப்புற மற்றும் நகர்ப்புறங்களில் சூரிய எல்.ஈ.டி தெரு விளக்குகளை நிறுவும், அவை போதுமான அளவு மின்சாரம் பெறாது.",
               "schemeMiscDetails":"எம்.என்.ஆர்.இ 2016 ஆம் ஆண்டில் அடல் ஜோதி யோஜனாவை அறிமுகப்படுத்தியது. மார்ச் 2018 க்குள், 96 நாடாளுமன்றத் தொகுதிகளில் 1.45 லட்சம் சூரிய வீதி விளக்குகள் நிறுவப்பட்டன, இரண்டாம் கட்டத்திற்கான அனுமதியும் முதல் கட்டத்தின் நிலுவையில் உள்ள கடன்களை பூர்த்தி செய்ய கூடுதல் ₹ 50 கோடி நிதியை உள்ளடக்கியது திட்டத்தின்.",
               "schemeDepartments":"NIL"
            },
             {
               "schemeUiId":"M_0032_S_004",
               "schemeName":"சூரிய நகரங்கள் திட்டத்தின் வளர்ச்சி",
               "schemeObj":"நகர அளவில் ஆற்றல் சவால்களை எதிர்கொள்ள நகர்ப்புற உள்ளாட்சி அமைப்புகளை (யுஎல்பி) இயக்குதல் மற்றும் அதிகாரம் செய்தல். தற்போதைய எரிசக்தி நிலைமையை மதிப்பீடு செய்தல், எதிர்கால தேவை மற்றும் செயல் திட்டங்கள் உள்ளிட்ட முதன்மைத் திட்டத்தைத் தயாரிக்க கட்டமைப்பையும் ஆதரவையும் வழங்குதல். பொது-தனியார் கூட்டாண்மை (பிபிபிக்கள்) மூலம் நிலையான எரிசக்தி விருப்பங்களை செயல்படுத்துவதை மேற்பார்வை செய்யுங்கள். யு.எல்.பி களில் திறனை உருவாக்குதல் மற்றும் சிவில் சமூகத்தின் அனைத்து பிரிவுகளிலும் விழிப்புணர்வை உருவாக்குதல். திட்டமிடல் செயல்பாட்டில் பல்வேறு பங்குதாரர்களை ஈடுபடுத்துங்கள்.",
               "schemeDesc":"புதிய மற்றும் புதுப்பிக்கத்தக்க எரிசக்தி அமைச்சகம் (எம்.என்.ஆர்.இ) தனது “சூரிய நகரங்களின் வளர்ச்சி” திட்டத்தின் கீழ் 13 பைலட் மற்றும் 5 மாதிரி நகரங்கள் உட்பட 60 சூரிய நகரங்களை 12 வது ஐந்தாண்டு திட்ட காலம் (2012–2017) வரை அபிவிருத்தி செய்ய அனுமதித்துள்ளது. இதுவரை, 49 சூரிய நகரங்களின் முதன்மை திட்டங்கள் தயாரிக்கப்பட்டுள்ளன. மேலும், 21 நகரங்களில் பங்குதாரர்கள் குழுக்கள் அமைக்கப்பட்டுள்ளன, மேலும் 37 சூரிய நகரங்களில் சூரிய நகர கலங்கள் உருவாக்கப்பட்டுள்ளன. நகரத்தின் புதுப்பிக்கத்தக்க எரிசக்தி ஆதாரங்களில் இருந்து விநியோகத்தை மேம்படுத்துதல் மற்றும் எரிசக்தி திறன் நடவடிக்கைகள் ஆகியவற்றின் மூலம், ஐந்தாண்டுகளின் முடிவில் வழக்கமான எரிசக்தி தேவைக்கு குறைந்தபட்சம் 10% குறைப்பதை இத்திட்டம் நோக்கமாகக் கொண்டுள்ளது. அதன் கீழ், புதுப்பிக்கத்தக்க எரிசக்தி தொழில்நுட்பங்கள் மற்றும் எரிசக்தி திறன் நடவடிக்கைகளை மேற்கொள்ள உள்ளூர் அரசாங்கங்கள் ஊக்கமளிக்கின்றன. இந்த திட்டத்தின் கீழ் உருவாக்கப்பட்ட சோலார் சிட்டி சூரிய, காற்று, உயிர்வளம், சிறிய ஹைட்ரோ, எரிசக்திக்கு கழிவு போன்ற அனைத்து வகையான புதுப்பிக்கத்தக்க எரிசக்தி அடிப்படையிலான திட்டங்களையும் கொண்டிருக்கும். இது நகரத்தின் தேவை மற்றும் வள கிடைப்பைப் பொறுத்து சாத்தியமான ஆற்றல் திறன் நடவடிக்கைகளுடன் நிறுவப்படலாம்.",
               "schemeEligiiblity":"நகரங்களை அடையாளம் காண அமைச்சகம் நிர்ணயித்த அளவுகோல்களில் 50,000 முதல் 50 லட்சம் வரை மக்கள் தொகை கொண்ட நகரம் அடங்கும் (வடகிழக்கு மாநிலங்கள் உள்ளிட்ட சிறப்பு வகை மாநிலங்களுக்கு தளர்வு வழங்கப்படுகிறது).",
               "schemeTargetGroup":"NIL",
               "schemeMiscDetails":"எட்டு நகரங்களை ‘மாதிரி சூரிய நகரங்கள்’ என்று உருவாக்க வேண்டும். இந்த 8 நகரங்களில், நாக்பூர், சண்டிகர், காந்திநகர் மற்றும் மைசூர் ஆகியவை இதுவரை ‘மாதிரி சூரிய நகரங்களாக’ உருவாக்க தேர்வு செய்யப்பட்டுள்ளன. பதினைந்து நகரங்கள் 'பைலட் சூரிய நகரங்களாக' உருவாக்கப்படும். 15 நகரங்களில், அகர்தலா, கோயம்புத்தூர், ராஜ்கோட், சிம்லா, ஃபரிதாபாத், தானே, ராய்ப்பூர், ஷீர்டி, லே, ஐஸ்வால், புதுச்சேரி, விஜயவாடா மற்றும் அமிர்தசரஸ் பைலட் சோலார் சிட்டியாக உருவாக்கப்பட்டு வருகிறது.",
               "schemeDepartments":"NIL"
            },
           {
               "schemeUiId":"M_0032_S_005",
               "schemeName":"சூர்யா மித்ரா திட்டம்",
               "schemeObj":"இந்தியா மற்றும் வெளிநாடுகளில் வளர்ந்து வரும் சூரிய ஆற்றல் மின் திட்டத்தின் நிறுவல், செயல்பாடு மற்றும் பராமரிப்பு ஆகியவற்றில் வேலை வாய்ப்புகளை கருத்தில் கொண்டு இளைஞர்களின் திறன்களை வளர்ப்பதை இந்த திட்டம் நோக்கமாகக் கொண்டுள்ளது. சூரிய ஆற்றல் துறையில் புதிய தொழில்முனைவோராக மாறுவதற்கு வேட்பாளர்களை தயார்படுத்தவும் சூர்யாமித்ரா திட்டம் வடிவமைக்கப்பட்டுள்ளது.",
               "schemeDesc":"தேசிய சூரிய ஆற்றல் நிறுவனம் (என்ஐஎஸ்இ) என்பது சூர்யாமித்ரா திறன் மேம்பாட்டு திட்டத்தை செயல்படுத்துவதற்கான நோடல் நிறுவனம் ஆகும். MoNRE இன் கீழ் ஒரு தன்னாட்சி அமைப்பு, NISE முந்தைய சூரிய ஆற்றல் மையத்தை மாற்றுவதற்காக நிறுவப்பட்டது. குருகிராமில் அமைந்துள்ள இது சூரிய ஆற்றல் துறையில் ஆராய்ச்சி மற்றும் மேம்பாட்டு நடவடிக்கைகளை மட்டுமே மையமாகக் கொண்ட உச்ச நிறுவனமாக கருதப்படுகிறது. செயல்திறனுக்காக, திட்டத்தின் நன்மைகள் அனைவருக்கும் அணுகக்கூடியதா என்பதை உறுதிப்படுத்த NISE மாநில நோடல் ஏஜென்சிகளுடன் ஒத்துழைக்கிறது. கூகிள் பிளேஸ்டோரிலிருந்து பதிவிறக்குவதற்கு கிடைக்கக்கூடிய ‘சூர்யாமித்ரா’ பயன்பாட்டையும் என்ஐஎஸ்இ உருவாக்கியுள்ளது. இந்த ஜி.பி.எஸ் அடிப்படையிலான பயன்பாடு நாடு முழுவதும் ‘சூர்யாமித்ராஸ்’ சேவையை உறுதி செய்கிறது. பயிற்சி முறை: எஸ்.எஸ்.டி.பி என்பது ஒரு குடியிருப்பு பயிற்சித் திட்டமாகும், இது பயிற்சியாளர்கள் ஹோஸ்ட் நிறுவனத்தில் நியமிக்கப்பட்ட விடுதிகளில் ஏற வேண்டும். பயிற்சியின் காலம்: இந்த திட்டம் 600 மணிநேரம் அல்லது 90 நாட்களுக்கு வடிவமைக்கப்பட்டுள்ளது, அதைத் தொடர்ந்து ஒரு மதிப்பீடு நடைபெறும். வெற்றிகரமான பயிற்சியாளர்கள் சான்றிதழ்களைப் பெறுவார்கள். பயிற்சியாளர்களின் எண்ணிக்கை: தற்போது, ​​ஒரு தொகுதிக்கு 30 பயிற்சியாளர்கள் உள்ளனர். கட்டண அமைப்பு: சூர்யாமித்ரா திறன் பயிற்சி திட்டம் பயிற்சியாளர்களிடமிருந்து எந்த கட்டணத்தையும் வசூலிக்காது. ஹோஸ்ட் நிறுவனம் பாதுகாப்பு வைப்புத்தொகையைச் சேகரித்தால், அது பாடநெறியின் முடிவில் திருப்பித் தரப்படும். அதற்கு பதிலாக, MoNRE இந்த செலவுகளை கவனித்துக்கொள்கிறது: போர்டிங் - ஒரு பயிற்சியாளருக்கு ரூ .300, நிச்சயமாக கட்டணம் - ஒரு பயிற்சியாளருக்கு ஒரு மணி நேரத்திற்கு ரூ .25, மதிப்பீட்டிற்கு - ஒரு பயிற்சியாளருக்கு ரூ .800.",
               "schemeEligiiblity":"பின்வரும் தகுதிகள் உள்ளவர்கள் தகுதியானவர்கள். அத்தியாவசிய தகுதி - வேட்பாளர் 10 வயது தேர்ச்சி பெற்றவராக இருக்க வேண்டும் மற்றும் எலக்ட்ரீசியன் / வயர்மேன் / எலெக்ட்ரானிக்ஸ் மெக்கானிக் / ஃபிட்டர் / ஷீட் மெட்டலில் ஐ.டி.ஐ., 18 வயதுக்கு குறையாமல் இருக்க வேண்டும். விரும்பத்தக்க தகுதி: மின், மெக்கானிக்கல் மற்றும் எலக்ட்ரானிக்ஸ் கிளைகளில் டிப்ளோமா பெற்றவர்கள் விரும்பப்படுவார்கள். எலக்ட்ரீஷியன் சான்றிதழ் மற்றும் அனுபவம் உள்ள வேட்பாளர்களும் விரும்பப்படுவார்கள். பொறியியல் பட்டதாரிகள் மற்றும் பிற உயர் தகுதி உள்ளவர்கள் விண்ணப்பிக்க தகுதியற்றவர்கள். பயிற்சியாளர்களைத் தேர்ந்தெடுக்கும் போது, ​​கிராமப்புற பின்னணியில் இருந்து வருபவர்கள், வேலையற்ற இளைஞர்கள், பெண்கள், எஸ்சி / எஸ்டி வேட்பாளர்களுக்கு சிறப்பு முக்கியத்துவம் அளிக்கப்பட வேண்டும். எந்தவொரு துறையிலும் அல்லது அதற்கு மேற்பட்ட பட்டம் போன்ற உயர் தகுதிகள் உள்ளவர்கள் கண்டிப்பாக தகுதியற்றவர்கள்.",
               "schemeTargetGroup":"பெண்கள், வேலையற்ற இளைஞர்கள் மற்றும் கிராமப்புறங்கள் மற்றும் எஸ்சி / எஸ்டி சமூகங்களைச் சேர்ந்த வேட்பாளர்களுக்கும் தேர்வு செயல்பாட்டில் முன்னுரிமை வழங்கப்படும்.",
               "schemeMiscDetails":"இந்த திட்டம் மார்ச் 2020 க்குள் 50,000 பயிற்சி பெற்ற சூரிய ஒளிமின்னழுத்த தொழில்நுட்ப வல்லுநர்களை உருவாக்குவதை நோக்கமாகக் கொண்டுள்ளது. இது 2020 ஆம் ஆண்டில் 500 மில்லியன் திறமையான மனிதவளத்தை உருவாக்க இலக்கு வைக்கும் PMO இன் முதன்மை திட்டமாகும்.",
               "schemeDepartments":"NIL"
            },
            {
               "schemeUiId":"M_0032_S_006",
               "schemeName":"பசுமை ஆற்றல் தாழ்வாரம் திட்டம்",
               "schemeObj":"பெரிய அளவிலான புதுப்பிக்கத்தக்க தலைமுறை திறன் கூட்டலை பிரதான கட்டத்துடன் ஒருங்கிணைப்பதை இந்த திட்டம் நோக்கமாகக் கொண்டுள்ளது. புதுப்பிக்கத்தக்க ஆற்றலின் அதிக ஊடுருவலுக்கு நாடு தன்னை தயார்படுத்திக் கொள்ள வேண்டும். கட்டம் ஸ்திரத்தன்மை மற்றும் பாதுகாப்பு ஆகியவை தற்போது இந்தியாவுக்கு முக்கிய கவலைகள். புதுப்பிக்கத்தக்கவற்றை கட்டத்தில் இணைக்க ஒருங்கிணைக்க புதுப்பிக்கத்தக்க எரிசக்தி மேலாண்மை மையங்களை (REMC கள்) அமைக்க மின் அமைச்சகம் பரிந்துரைத்துள்ளது. இந்த மையங்கள் மாநில மற்றும் பிராந்திய மட்டங்களில் புதுப்பிக்கத்தக்க எரிசக்தி உற்பத்தியை முன்னறிவித்தல் மற்றும் திட்டமிடுதல் மற்றும் மாநில சுமை அனுப்பும் மையங்களுடன் (எஸ்.எல்.டி.சி) ஒருங்கிணைத்தல் ஆகியவற்றுக்கு பொறுப்பாகும்.",
               "schemeDesc":"பசுமை எரிசக்தி தாழ்வாரத் திட்டத்தின் மூலம் மின் பரிமாற்ற வலையமைப்பை வலுப்படுத்தி மேம்படுத்துவதை அரசாங்கம் நோக்கமாகக் கொண்டுள்ளது. பசுமை எரிசக்தி தாழ்வாரம் என்பது இந்தியாவில் புதுப்பிக்கத்தக்க எட்டு பணக்கார மாநிலங்களான தமிழ்நாடு, ராஜஸ்தான், கர்நாடகா, ஆந்திரா, மகாராஷ்டிரா, குஜராத், இமாச்சலப் பிரதேசம் மற்றும் மத்தியப் பிரதேசம் ஆகிய நாடுகளால் செயல்படுத்தப்பட்டு வருகிறது. அந்தந்த மாநில ஒலிபரப்பு பயன்பாடுகளால் (எஸ்.டி.யு) உள்-மாநில ஒலிபரப்பு முறை செயல்படுத்தப்பட்டு வருகிறது, மேலும் பவர் கிரிட் கார்ப்பரேஷன் ஆஃப் இந்தியா லிமிடெட் (பி.ஜி.சி.ஐ.எல்) மூலமாக மாநிலங்களுக்கு இடையேயான ஒலிபரப்பு முறை செயல்படுத்தப்படுகிறது. இந்த திட்டம் மார்ச் 2020 க்குள் நிறைவடையும் என்று எதிர்பார்க்கப்படுகிறது, இது அமைச்சினால் எடுக்கப்பட்ட முக்கிய முயற்சிகளில் ஒன்றாகும். பசுமை எரிசக்தி தாழ்வாரத் திட்டத்தை இந்திய அரசு 2013 இல் துவக்கியது. இந்தத் திட்டத்தில் சுமார். 9400 கிமீ டிரான்ஸ்மிஷன் கோடுகள் மற்றும் தோராயமாக மொத்த கொள்ளளவு கொண்ட துணை மின்நிலையங்கள். 19000 எம்.வி.ஏ மார்ச் 2020 க்குள் முடிக்கப்பட உள்ளது. தோராயமாக வெளியேற்றுவதே இதன் நோக்கம். 20,000 மெகாவாட் பெரிய அளவிலான புதுப்பிக்கத்தக்க சக்தி மற்றும் செயல்படுத்தும் மாநிலங்களில் கட்டத்தின் மேம்பாடு. மத்திய மானியம் இரண்டு தவணைகளில் எஸ்.டி.யுக்களுக்கு வழங்கப்படுகிறது: ஒப்பந்தத்தை வழங்குவதில் 70% அட்வான்ஸ், மற்றும் வெற்றிகரமாக ஆணையிட்ட பிறகு 30% இருப்பு மற்றும் மூன்று மாத செயல்திறன் சோதனை. நிதியளிக்கும் பொறிமுறையானது இந்திய அரசு மானியத்திலிருந்து 40% (மொத்தம் ரூ .4056.67 கோடி), மாநில ஈக்விட்டியிலிருந்து 20% மற்றும் ஜெர்மனியின் KfW (500 மில்லியன் யூரோ) இலிருந்து 40% கடனில் உள்ளது.",
               "schemeEligiiblity":"NIL",
               "schemeTargetGroup":"இந்தியாவில் பசுமை எரிசக்தி நடைபாதை திட்டத்தை செயல்படுத்த ஸ்டெர்லைட் பவர் தலைமையிலான கூட்டு அமைக்கப்பட்டுள்ளது. பசுமை நடைபாதை திட்டம் 2022 ஆம் ஆண்டில் இந்தியாவின் புதுப்பிக்கத்தக்க எரிசக்தி இலக்கு 175GW க்கு பங்களிக்கும் என்று எதிர்பார்க்கப்படுகிறது",
               "schemeMiscDetails":"மெகா திட்டத்தின் மதிப்பு ரூ .4,350 கோடி. ராய்கர்-புகலூர் 800 கிலோவோல்ட் (கே.வி) அல்ட்ராஹை-மின்னழுத்த நேரடி மின்னோட்ட (யு.எச்.வி.டி.சி) அமைப்பு மத்திய இந்தியாவின் ராய்கரை தெற்கு மாநிலமான தமிழ்நாட்டின் புகலூருடன் இணைப்பதை நோக்கமாகக் கொண்டுள்ளது.",
               "schemeDepartments":"NIL"
            },
            {
               "schemeUiId":"M_0032_S_007",
               "schemeName":"(PM KUSUM) பிரதான் மந்திரி கிசான் உர்ஜா சுரக்ஷா ஈவெம் உத்தன் மகாபியன் திட்டம்",
               "schemeObj":"இந்த திட்டம் 2022 ஆம் ஆண்டில் 25,750 மெகாவாட் சூரிய மற்றும் பிற புதுப்பிக்கத்தக்க திறனைச் சேர்ப்பதை நோக்கமாகக் கொண்டுள்ளது. சூரிய பம்புகளை நிறுவுதல், தற்போதுள்ள கட்டத்துடன் இணைக்கப்பட்ட விவசாய விசையியக்கக் குழாய்களை தனிமைப்படுத்துதல் மற்றும் கட்டம் இணைக்கப்பட்ட புதுப்பிக்கத்தக்க மின் உற்பத்தி நிலையங்களை நிறுவுதல் ஆகியவற்றை இந்த திட்டம் வழங்குகிறது.",
               "schemeDesc":"புதிய மற்றும் புதுப்பிக்கத்தக்க எரிசக்தி அமைச்சகம் (எம்.என்.ஆர்.இ) நாட்டில் சூரிய பம்புகள் மற்றும் கட்டம் இணைக்கப்பட்ட சூரிய மற்றும் பிற புதுப்பிக்கத்தக்க மின் உற்பத்தி நிலையங்களை நிறுவுவதற்கான விவசாயிகளுக்கான பிரதான் மந்திரி கிசான் உர்ஜா சுரக்ஷா ஈவெம் உத்தன் மகாபியன் (பி.எம். குசும்) திட்டத்தை அறிமுகப்படுத்தியுள்ளது. இந்த திட்டம் மூன்று கூறுகளைக் கொண்டுள்ளது: கூறு A: 10,000 மெகாவாட் பரவலாக்கப்பட்ட தரை மவுண்டட் கிரிட் இணைக்கப்பட்ட புதுப்பிக்கத்தக்க மின் உற்பத்தி நிலையங்கள் 2 மெகாவாட் வரை தனிப்பட்ட தாவர அளவு. கூறு பி: 7.5 ஹெச்பி வரை தனிநபர் பம்ப் திறன் கொண்ட 17.50 லட்சம் தனித்த சூரிய ஆற்றல் கொண்ட விவசாய விசையியக்கக் குழாய்களை நிறுவுதல். கூறு சி: 7.5 ஹெச்பி வரை தனிப்பட்ட பம்ப் திறன் கொண்ட 10 லட்சம் கட்டம் இணைக்கப்பட்ட விவசாய பம்புகளின் சூரியமயமாக்கல். எம்.என்.ஆர்.இ.யின் மாநில நோடல் ஏஜென்சிகள் (எஸ்.என்.ஏக்கள்) இந்த திட்டத்தை செயல்படுத்த மாநிலங்கள் / யூ.டி.க்கள், டிஸ்கோம்கள் மற்றும் விவசாயிகளுடன் ஒருங்கிணைக்கும். திட்டத்தின் ஏ மற்றும் சி கூறுகள் டிசம்பர் 31, 2019 வரை பைலட் பயன்முறையில் செயல்படுத்தப்படும். தற்போதைய துணை நிரலாக இருக்கும் காம்பனென்ட் பி, பைலட் பயன்முறையில் செல்லாமல் முழுமையாக செயல்படுத்தப்படும். A மற்றும் C கூறுகளுக்கான பைலட் பயன்முறையின் கீழ் செயல்படுத்தப்பட வேண்டிய திறன்கள் பின்வருமாறு: கூறு A: தரை / ஸ்டில்ட் ஏற்றப்பட்ட சூரிய அல்லது பிற புதுப்பிக்கத்தக்க எரிசக்தி மூல அடிப்படையிலான மின் திட்டங்களின் 1000 மெகாவாட் திறன் கொண்ட ஆணைக்குழு கூறு சி: 1,00,000 கட்டத்தின் தனிமைப்படுத்தல் விவசாய குழாய்கள். திட்டத்தின் கூறுகள் A மற்றும் C இன் பைலட் ஓட்டத்தை வெற்றிகரமாக செயல்படுத்தும்போது, தேவையான ஒப்புதலைப் பெற்ற பிறகு, இந்த கூறுகள் அளவிடப்படும்.",
               "schemeEligiiblity":"மாநில அரசு 30% மானியம் வழங்கும்; மீதமுள்ள 40% விவசாயியால் வழங்கப்படும். 30% செலவைச் சந்திக்க வங்கி நிதி கிடைக்கக்கூடும். மீதமுள்ள 10% விவசாயியால் வழங்கப்படும். வடகிழக்கு மாநிலங்கள், சிக்கிம், ஜம்மு & காஷ்மீர், இமாச்சலப் பிரதேசம், உத்தரகண்ட், லட்சத்தீவு மற்றும் ஏ அண்ட் என் தீவுகளுக்கு 50% உயர் சி.எஃப்.ஏ வழங்கப்படும்.",
               "schemeTargetGroup":"மின்சார கட்டம் இணைப்பிற்கான நீண்டகால காத்திருப்பு பட்டியலின் வெளிச்சத்தில், இந்தத் திட்டம் கட்டம் சுமையைச் சேர்க்காமல், நான்கு ஆண்டுகளில் 17.5 லட்சம் விவசாயிகளுக்கு பயனளிக்கும். இந்தத் திட்டம் விவசாயிகளுக்கு கூடுதல் வருமானத்தை ஈட்ட உதவும், தங்களது தரிசு நிலங்களில் அமைக்கப்பட்ட சூரிய மின்சக்தி திட்டங்கள் மூலம் கட்டத்திற்கு கூடுதல் மின்சாரம் விற்க மாற்று வழியைக் கொடுக்கும்.",
               "schemeMiscDetails":"சூரிய விவசாயத்தை மேம்படுத்துவதற்காக, அதாவது விவசாயிகளுக்கு உதவுவதற்காக 28,250 மெகாவாட் வரை பரவலாக்கப்பட்ட சூரிய மின் உற்பத்தி, மத்திய அரசு ரூ .1.4 லட்சம் கோடி கிசான் உர்ஜா சுரக்ஷா ஈவம் உத்தான் மகாபியன் (குசும்) திட்டத்தை அறிவித்துள்ளது. இந்த திட்டத்திற்கு ரூ. மத்திய பட்ஜெட்டில் 2018-19 ஆம் ஆண்டில் 48,000 கோடி ரூபாய் ஒதுக்கப்பட்டுள்ளது.",
               "schemeDepartments":"NIL"
            },
         ]
      },
         ]
      },
   