{
   "ListOfMinistries":[
      {
         "ministryId":1,
         "ministryName":"வடகிழக்கு பிராந்தியத்தின் வளர்ச்சி அமைச்சகம்",
         "ministrySchemesList":[
        {
               "schemeUiId":"M_0014_S_001",
               "schemeName":"வடகிழக்கு கிராமப்புற வாழ்வாதார திட்டம்",
               "schemeObj":"வடகிழக்கு கிராமப்புற வாழ்வாதார திட்டத்தின் (என்.ஆர்.எல்.பி) திட்ட அபிவிருத்தி குறிக்கோள், குறிப்பாக வடகிழக்கு மாநிலங்களான மிசோரம், நாகாலாந்து, சிக்கிம் மற்றும் திரிபுராவில் கிராமப்புற வாழ்வாதாரத்தை மேம்படுத்துவதாகும், குறிப்பாக பெண்கள், வேலையற்ற இளைஞர்கள் மற்றும் மிகவும் பின்தங்கியவர்கள்.",
               "schemeDesc":"2012 ஆம் ஆண்டில் தொடங்கப்பட்ட வடகிழக்கு பிராந்திய அபிவிருத்தி அமைச்சின் (டோனெர்) கீழ் உலக வங்கி உதவி, பல மாநில வாழ்வாதார ரூ .683 கோடி (அமெரிக்க டாலர் 144.4 மில்லியன்) திட்டமாகும். இந்த திட்டம் மிசோரம், நாகாலாந்து, 11 மாவட்டங்களில் செயல்படுத்தப்பட்டுள்ளது. திரிபுரா மற்றும் சிக்கிம். இந்த திட்டம் சுமார் 18,00,000 (18 லட்சம்) மக்களின் வாழ்க்கையை பாதித்தது, மொத்தம் ரூ. 136 கோடி. 1114 சமூக மேம்பாட்டுக் குழுக்கள் (சி.டி.ஜிக்கள்) நிறைவேற்றிய இந்த உள்ளடக்கம் திட்டங்கள் ரூ. மாதிரி வாழ்வாதாரக் கொத்து மற்றும் மதிப்பு சங்கிலி மேம்பாட்டின் கீழ் 105 கோடி மற்றும் 176 அடிப்படை உள்கட்டமைப்பு திட்டங்கள் மொத்தம் ரூ .31 கோடி முதலீடு.",
               "schemeEligiiblity":"வடகிழக்கு மாநிலங்களான திரிபுரா, மிசோரம், நாகாலாந்து மற்றும் சிக்கிம் ஆகிய 11 மாவட்டங்களில் உள்ள கிராமப்புற மக்கள். இப்பகுதியில் வேலையற்ற இளைஞர்கள். இந்த வடகிழக்கு மாநிலங்களில் தங்கள் குடும்பத்தின் வாழ்வாதாரத்தை மேம்படுத்துவதில் ஆர்வமுள்ள பெண்கள். சிறுவர்களும் சிறுமிகளும் ஒரு திறமையைக் கற்றுக் கொள்ளவும் வேலைவாய்ப்பைப் பெறவும் பார்க்கிறார்கள்",
               "schemeTargetGroup":"கிராமப்புற வாழ்வாதார பெண்கள் மற்றும் வேலையற்ற இளைஞர்கள்",
               "schemeMiscDetails":"மேலும் பல தகவல்களுக்கு https://pib.gov.in/newsite/PrintRelease.aspx?relid=196177",
               "schemeDepartments":"வடகிழக்கு பிராந்தியத்தின் வளர்ச்சித் துறை"
            },
            {
               "schemeUiId":"M_0014_S_002",
               "schemeName":"வடகிழக்கு சிறப்பு உள்கட்டமைப்பு மேம்பாட்டு திட்டம்",
               "schemeObj":"பின்வருவனவற்றுடன் தொடர்புடைய திட்டங்களுக்கு நிதி உதவி வழங்குவதன் மூலம் வடகிழக்கு பிராந்தியத்தின் கவனம் செலுத்தும் வளர்ச்சியை உறுதி செய்வதே இதன் நோக்கங்கள்: நீர் வழங்கல், மின்சாரம் மற்றும் இணைப்பு தொடர்பான உடல் உள்கட்டமைப்புகள். சுற்றுலாவை ஊக்குவிக்கும் திட்டங்கள். கல்வி மற்றும் சுகாதாரத்தின் முதன்மை மற்றும் இரண்டாம் நிலை துறைகளில் உள்கட்டமைப்புகளை உருவாக்குவதற்கான சமூகத் துறை.",
               "schemeDesc":"வடகிழக்கு சிறப்பு உள்கட்டமைப்பு மேம்பாட்டுத் திட்டம் ”(NESIDS) 15.12.2017 அன்று புதிய மத்திய துறை திட்டமாக இந்திய அரசால் அங்கீகரிக்கப்பட்டுள்ளது. NESIDS இன் திட்ட வழிகாட்டுதலின் கீழ், நீர் வழங்கல், மின்சாரம் மற்றும் இணைப்பு தொடர்பான உடல் உள்கட்டமைப்பு திட்டங்களுக்காக 100% மைய நிதி வடகிழக்கு பிராந்திய அரசுகளுக்கு வழங்கப்படுகிறது. கல்வி மற்றும் சுகாதார முதன்மை மற்றும் இரண்டாம் நிலை துறைகள் தொடர்பான சுற்றுலா மற்றும் சமூக உள்கட்டமைப்பை மேம்படுத்துகிறது. . திட்டத்தின் காலம் 2017-18 முதல் 2019-20 வரை. இந்த நிதி 40% மற்றும் 60% இரண்டு தவணைகளில் வெளியிடப்படுகிறது. ஆரம்பத்தில் டோக்கன் தொகை ரூ. 10 லட்சம் விடுவிக்கப்பட்டு, முதல் தவணையின் நிலுவைத் தொகை படைப்புக்கான கடிதம் கிடைத்த பிறகு வெளியிடப்படுகிறது.",
               "schemeEligiiblity":"அனைத்து திட்டங்களுக்கும் துணைபுரிகிறது, இந்த திட்டத்திற்கு உள்ளூர் ஊடகங்களில் பரவலான விளம்பரம் வழங்கப்படும்.",
               "schemeTargetGroup":"கைவினைத் தொழில், கைத்தறி மேம்பாட்டுக் கழகம் மற்றும் வடகிழக்கு பிராந்திய வேளாண் சந்தைப்படுத்தல் கழகம்.",
               "schemeMiscDetails":"மேலும் பல தகவல்களுக்கு https://pib.gov.in/newsite/PrintRelease.aspx?relid=177479",
               "schemeDepartments":"வடகிழக்கு பிராந்தியத்தின் வளர்ச்சித் துறை"
            },
              {
               "schemeUiId":"M_0014_S_003",
               "schemeName":"லாப்ஸ் செய்ய முடியாத மத்திய வளங்கள்",
               "schemeObj":"பிராந்தியத்தில் குறிப்பிட்ட சாத்தியமான உள்கட்டமைப்பு திட்டங்கள் / திட்டங்களுக்கான வரவு செலவுத் திட்ட நிதியுதவியை அதிகரிப்பதன் மூலம் வடகிழக்கு பிராந்தியத்திலும் சிக்கிமிலும் உள்கட்டமைப்பின் விரைவான வளர்ச்சியை உறுதி செய்வதே லாப்ஸபிள் அல்லாத மத்திய வளங்களின் (என்.எல்.சி.பி.ஆர்) பரந்த நோக்கமாகும்.",
               "schemeDesc":"மத்திய அமைச்சரவை 15.12.1997 அன்று மத்திய வளங்களின் அரசியலமைப்பிற்கு ஒப்புதல் அளித்தது. பல்வேறு அமைச்சகங்கள் / துறைகளின் வரவுசெலவுத் திட்டத்தில் வடகிழக்கு பிராந்தியத்திற்காக ஒதுக்கப்பட்ட 10% இல் செலவிடப்படாத நிலுவைகளை ஈட்டுவதற்காக 1998 ஆம் ஆண்டில் அல்லாத குளியல் அல்லாத மத்திய வளங்கள் (என்.எல்.சி.பி.ஆர்) என அழைக்கப்படும் இந்த குளம் உருவாக்கப்பட்டது. வடகிழக்கு பிராந்திய அபிவிருத்தி அமைச்சகம் (டோனெர்) என்.எல்.சி.பி.ஆரில் இருந்து வடகிழக்கு மாநிலங்களுக்கு உள்கட்டமைப்பு மேம்பாட்டு திட்டங்களை அனுமதிக்க பட்ஜெட் ஒதுக்கீடு வழங்கப்பட்டுள்ளது.",
               "schemeEligiiblity":"நீர்ப்பாசனம் மற்றும் வெள்ளக் கட்டுப்பாடு, மின்சாரம், சாலைகள் மற்றும் பாலங்கள், கல்வி, சுகாதாரம், நீர் வழங்கல் மற்றும் சுகாதாரம் போன்ற உடல் மற்றும் சமூக உள்கட்டமைப்பு துறைகள் மத்திய குளத்தின் கீழ் ஆதரவை வழங்க கருதப்படுகின்றன.",
               "schemeTargetGroup":"வடகிழக்கு மாநில மக்கள்",
               "schemeMiscDetails":"மேலும் பல தகவல்களுக்கு http://mdoner.gov.in",
               "schemeDepartments":"வடகிழக்கு பிராந்தியத்தின் வளர்ச்சித் துறை"
            },
             {
               "schemeUiId":"M_0014_S_004",
               "schemeName":"வட கிழக்கு பிராந்திய சமூக வள மேலாண்மை திட்டம் (NERCORMP)",
               "schemeObj":"சுற்றுச்சூழலைப் பாதுகாப்பதற்கும் மீட்டெடுப்பதற்கும் பங்களிக்கும் வகையில் அவர்களின் வள ஆதாரத்தை மேம்படுத்துவதன் மூலம் பாதிக்கப்படக்கூடிய குழுக்களின் வாழ்வாதாரத்தை நிலையான முறையில் மேம்படுத்துதல் சமூக அணிதிரட்டல், அமைப்பு மற்றும் திறன் மேம்பாடு சமூகங்களின் பெரும் மறைந்திருக்கும் திறனைத் தட்டவும் உணரவும் நேரத்தை பயன்படுத்துவதன் மூலம் அவர்களின் பாரம்பரிய மதிப்பு அமைப்புகள் மற்றும் கலாச்சாரத்தை சோதித்தது பொருளாதார மற்றும் சமூக நடவடிக்கைகள் மற்றும் உள்கட்டமைப்புடன் தலையிட்டு பொருளாதார மாற்றத்தை அடைய வருமானம் ஈட்டும் நடவடிக்கைகளில் முக்கிய உந்துதல்.",
               "schemeDesc":"வேலையற்ற இளைஞர்கள், விவசாயிகள், பெண்கள் மற்றும் கைவினைஞர்களுக்கான வாழ்வாதார வாய்ப்புகளை மேம்படுத்துவதற்கான காரணங்களுக்காக அர்ப்பணிக்கப்பட்ட டோனெர் மற்றும் என்.இ.சி அமைச்சகத்தால் நடத்தப்படும் “வடகிழக்கு பிராந்திய சமூக வள மேலாண்மை திட்டம்” (NERCORMP) ஐ டாக்டர் ஜிதேந்திர சிங் குறிப்பிட்டார். புதிய மையம் விரைவான வளர்ச்சிக்கான தொழில்நுட்ப மற்றும் தலையீட்டு வினையூக்கியாக செயல்படும் என்ற நம்பிக்கையை அவர் வெளிப்படுத்தினார், இது இறுதியில் வடகிழக்கு மாநிலங்களை இந்தியாவின் சில மேற்கு மாநிலங்களின் வெற்றி விகிதத்திற்கு சமமாக மாற்ற உதவும். இந்த புதிய அறிவியல் மையத்தை அமைப்பதற்கான செலவை வடகிழக்கு பிராந்திய அபிவிருத்தி அமைச்சகம் (டோனெர்) ஏற்கும், அதன் கட்டுமானத்திற்காக ரூ .40 கோடியை ஒதுக்கியுள்ளது.",
               "schemeEligiiblity":"வடகிழக்கு பிராந்தியத்தில் உள்ள ஏழை மற்றும் ஓரங்கட்டப்பட்ட பழங்குடி குடும்பங்கள்.",
               "schemeTargetGroup":"மொத்தம் 20000 வீடுகளை உள்ளடக்கிய 400 கிராமங்களை உள்ளடக்குவதற்கும், தற்போதுள்ள NERCORMP I இன் மாவட்டங்களில் 2000 சுய உதவிக்குழுக்கள் (சுய உதவிக்குழுக்கள்) மற்றும் 400 இயற்கை வள மேலாண்மை குழுக்களை (NaRM-G) நிறுவுவதற்கும் இலக்கு வைக்கப்பட்டுள்ளது.",
               "schemeMiscDetails":"மேலும் பல தகவல்களுக்கு https://pib.gov.in/PressReleasePage.aspx?PRID=1605312",
               "schemeDepartments":"வடகிழக்கு பிராந்தியத்தின் வளர்ச்சித் துறை"
             },
         ]
      },
         ]
      },
   