{
   "ListOfMinistries":[
      {
         "ministryId":1,
         "ministryName":"Ministry of Development of north eastern region",
         "ministrySchemesList":[
            {
               "schemeUiId":"M_0014_S_001",
               "schemeName":"North East Rural Livelihood Project",
               "schemeObj":"Project Development Objective of the North East Rural Livelihood Project (NERLP) is to improve rural livelihood, especially that of women, unemployed youth and the most disadvantaged, in four North Eastern States of Mizoram, Nagaland, Sikkim and Tripura.",
               "schemeDesc":"NERLP is World Bank aided, multi-state livelihood Rs.683 crore (USD 144.4 million) project under the Ministry of Development of North Eastern Region (DoNER), launched in 2012. The project has been implemented in 11 districts of Mizoram, Nagaland, Tripura and Sikkim.The project impacted the lives of about 18,00,000 (18 lakh) population, with creation of common economic assets worth around total Rs. 136 Crores. Theseincludecommunity projects executed by 1114 Community Development Groups (CDGs) with total outlay of Rs. 105 Crores and 176rural infrastructure projects under the Model Livelihood Cluster and Value Chain Development with a total investment of Rs.31 Crores.",
               "schemeEligiiblity":"The rural people in the 11 districts of North Eastern states of Tripura, Mizoram, Nagaland and Sikkim. Unemployed youth in the region. Women who are interested in improving the livelihood means of their family in these north-eastern states. Boys and girls looking to learn a skill and to get employed",
               "schemeTargetGroup":"Rural Livelihood women and unemployed youths",
               "schemeMiscDetails":"For further details visit https://pib.gov.in/newsite/PrintRelease.aspx?relid=196177",
               "schemeDepartments":"Department of Development of north eastern region"
            },
            {
               "schemeUiId":"M_0014_S_002",
               "schemeName":"North East Special Infrastructure Development Scheme",
               "schemeObj":"The objectives is to ensure focused development of the North East Region by providing financial assistance to support projects related to the following:Physical infrastructures with respect to water supply, power and connectivity. Projects that promote tourism. Social sector for the creation of infrastructures in the primary and secondary sectors of education and health.",
               "schemeDesc":"North East Special Infrastructure Development Scheme” (NESIDS) has been approved by the Government of India as a new Central Sector Scheme on 15.12.2017. Under the Scheme guidelines of NESIDS, 100% centrally funding is provided to the State Governments of North Eastern Region for the projects of physical infrastructure relating to water supply, power and connectivity enhancing tourism and Social infrastructure relating to primary and secondary sectors of education and health. The period of Scheme is 2017-18 to 2019-20. The funds are released in two installments of 40% and 60%. Initially a token amount of Rs. 10 lakh are released and balance amount of first installment are released after receipt of letter of award of the work.",
               "schemeEligiiblity":"All projects being supported lrom the scheme shall be given wide publicity in local media.",
               "schemeTargetGroup":"Handicraft business, Handloom Development Corporation and North Eastern Regional Agricultural Marketing Corporation. ",
               "schemeMiscDetails":"For further details visit https://pib.gov.in/newsite/PrintRelease.aspx?relid=177479",
               "schemeDepartments":"Department of Development of north eastern region"
            },
            {
               "schemeUiId":"M_0014_S_003",
               "schemeName":"Non-Lapsable Central Pool of Resources",
               "schemeObj":"The broad objective of the Non-Lapsable Central Pool of Resources (NLCPR) is to ensure speedy development of infrastructure in the North Eastern Region and Sikkim by increasing the flow of budgetary financing for specific viable infrastructure projects/schemes in the region",
               "schemeDesc":"Union Cabinet approved the constitution of a Central Pool of Resources on 15.12.1997. This pool, called as Non Lapsable Central Pool of Resources (NLCPR), was created in 1998 for accrual of the unspent balances out of the 10% earmarked for North Eastern Region in the budget of various Ministries/Departments. Ministry of Development of North Eastern Region (DoNER) are provided budgetary allocation for sanction of infrastructure development projects to the North Eastern States out of the NLCPR.",
               "schemeEligiiblity":"Both physical and social infrastructure sectors such as Irrigation and Flood Control, Power, Roads and Bridges, Education, Health, Water Supply and Sanitation – are considered for providing support under the Central Pool.",
               "schemeTargetGroup":"Northeast state people",
               "schemeMiscDetails":"For further details visit http://mdoner.gov.in",
               "schemeDepartments":"Department of Development of north eastern region"
            },
             {
               "schemeUiId":"M_0014_S_004",
               "schemeName":"North Eastern Region Community Resource Management Project (NERCORMP)",
               "schemeObj":"To improve the livelihoods of vulnerable groups in a sustainable manner through improved management of their resource base in a way that contributes to the preservation and restoration of the environment Social mobilization, organization and capacity building to tap and realize the great latent potential of the communities by employing time tested their traditional value systems and culture Intervene with the economic and social activities and infrastructure with predominant thrust on income generating activities to achieve economic transformation.",
               "schemeDesc":"Dr Jitendra Singh referred to “North-Eastern Region Community Resource Management Project” (NERCORMP) run by the Ministry of DoNER and NEC, which were devoted to the cause of improving livelihood opportunities for unemployed youth, farmers, women and artisans. He expressed the hope that the new Center will serve as a technical and interventional catalyst for fast-track growth, which could eventually enable the North Eastern States to equal the success rate of some of the western States of India. The Ministry of Development of North Eastern Region (DoNER) will bear the cost of setting up of this new Science Centre and has, to begin with, allocated Rs.40 crore for its construction.",
               "schemeEligiiblity":"The poor and marginalized tribal families in the North East region.",
               "schemeTargetGroup":"Targeted to cover 400 villages covering a total of 20000 households and establish 2000 Self Help Groups (SHGs) and 400 Natural Resource Management groups (NaRM-G) in the existing districts of NERCORMP I.",
               "schemeMiscDetails":"For further details visit https://pib.gov.in/PressReleasePage.aspx?PRID=1605312",
               "schemeDepartments":"Department of Development of north eastern region"
             },
         ]
      },
         ]
      },