{
   "ListOfMinistries":[
      {
         "ministryId":1,
         "ministryName":"Ministry of Panchayat Raj",
         "ministrySchemesList":[
            {
               "schemeUiId":"M_0035_S_001",
               "schemeName":"GRAM SWARAJ ABHIYAN",
               "schemeObj":"The initiative aims for 100% coverage of seven schemes launched by central government. Promote social harmony. Spread awareness about initiatives of government. Reach out to poor households to enroll them. Obtain villager’s feedback on various programme. Public disclosure to the Gram Panchayats (GP) regarding funds made available under various scheme.",
               "schemeDesc":"‘Gram Swaraj Abhiyan’ is a campaign that is being organized during the period 14th April (Ambedkar Jayanti) to 05th May 2018. The campaign is undertaken under the line of “Sabka Sath, Sabka Gaon, Sabka Vikas”. It is implemented under Ministry of ‘Rural Development’ and ministry of ‘Panchayati Raj’. A partnership of beneficiaries, 33 lakh elected PRIs members, 5 crore women SHG members, MLAs and MPs to achieve goals. Central/State and Local Governments as partners in progress. Real-time effective monitoring of campaign through Apps and common portal. In continuation of “Gram Swaraj Abhiyan”, Govt. of India has extended it in 117 Aspirational Districts identified by the NITI Aayog. It has been done from 1st June to 15th. As a special endeavour during the Gram Swaraj Abhiyan, saturation of eligible households/persons would be made under seven flagship pro-poor programmes in 21,058 identified villages covering 530 districts (except Karnataka, West Bengal where Election Code of Conduct is in place). The identified schemes are as follows.Pradhan Mantri Ujjwala Yojana, Saubhagya, Ujala scheme, Pradhan Mantri Jan Dhan Yojana, Pradhan Mantri Jeevan Jyoti Bima Yojana, Pradhan Mantri Suraksha Bima Yojana and Mission Indradhanush.An important aspect of the campaign would also be the public disclosure to the Gram Panchayats (GP) regarding funds made available under various schemes of the line departments and activities to be taken up in each GP area.",
               "schemeEligiiblity":"Under the guidelines of the programme, if a beneficiary is not covered under Census 2011 she can be eligible for the prized Ujjwala gas cylinder if she fulfils any of the seven criteria (including SC/ST, most backward classes, tea and ex-tea garden tribes).",
               "schemeTargetGroup":"The Central Government is looking to launch seven schemes for 17,000 poor villages, under which free LPG connections, electricity supply, Jan Dhan accounts, two PM Insurance schemes and the immunisation of children will be available in 21 days.",
               "schemeMiscDetails":"For futher details visit http://gsa.nic.in/",
               "schemeDepartments":"Department of Panchayat Raj"
            },
            {
               "schemeUiId":"M_0035_S_002",
               "schemeName":"RASHTRIYA GRAM SWARAJ ABHIYAN (RGSA)",
               "schemeObj":"Enhance capacities and effectiveness of Panchayats and the Gram Sabhas. Enable democratic decision-making and accountability in Panchayats and promote people’s participation. Strengthen the institutional structure for knowledge creation and capacity building of Panchayats. Promote devolution of powers and responsibilities to Panchayats according to the spirit of the Constitution and PESA Act. Strengthen Gram Sabhas to function effectively as the basic forum of peoples participation, transparency, and accountability within the Panchayat system. Create and strengthen democratic local self-government in areas where Panchayats do not exist. Strengthen the constitutionally mandated framework on which Panchayats are founded. Currently, the scheme is proposed to be launched so that the Panchayati Raj Institutions develop governance capabilities to deliver on the sustainable development goal.",
               "schemeDesc":"The Finance Minister, in his budget speech for 2016-17, announced the launch of new restructured scheme of Rashtriya Gram Swaraj Abhiyan (RGSA), for developing and strengthening the capacities of Panchayati Raj Institutions (PRIs) for rural local governance to become more responsive towards local development needs, preparing the participatory plans that leverage technology, efficient and optimum utilization of available resources for realizing sustainable solutions to local problems linked to Sustainable Development Goals (SDGs). The key principles of SDGs, i.e. leaving no one behind, reaching the farthest first and universal coverage, along with gender equality will be embedded in the design of all capacity building interventions including trainings, training modules and materials. Finance Minister announced to undertake a Mission Antyodaya to bring one crore households out of poverty to make 50,000 Gram Panchayats poverty free. Government of India launched launched the restructured Centrally Sponsored Scheme (CSS) of Rashtriya Gram Swaraj Abhiyan (RGSA) for implementation from 01.04.2018 to 31.03.2022.  The scheme has programmatic focus for phased saturation mode on ensuring basic orientation training for the Elected Representatives of Panchayats, within six months of their election and refresher trainings within 2 years.  RGSA will have thrust for SHG-PRI convergence to ensure effective community mobilisation and greater public ownership of flagship programs of the Govt.  Use of e-governance and technology driven solutions at Panchayat level will be increased to attain administrative efficiency, improved service delivery, and greater accountability.",
               "schemeEligiiblity":"Train and assist the Gram Panchayats who get elected across the country so that they can perform their work efficiently at the basic level.",
               "schemeTargetGroup":"It will be implemented during period from April 2018 to March 2022 with outlay of Rs. 7255 crore. The scheme will extend to all states/UTs of country and will also include institutions of rural local government in non-Part IX areas, where Panchayats do not exist.",
               "schemeMiscDetails":"For futher details visit https://rgsa.nic.in/",
               "schemeDepartments":"Department of Panchayat Raj"
            },
            {
               "schemeUiId":"M_0035_S_003",
               "schemeName":"Panchayat Empowerment & Accountability Incentive",
               "schemeObj":"Incentivize states for devolving funds, functions, and functionaries (3Fs) to Panchayats. Incentivize Panchayats to put in lace accountability systems to make their functioning efficient and transparent. Under this scheme, the state governments are ranked on a Devolution Index that measures the extent of devolution of 3Fs by States to Panchayats.",
               "schemeDesc":"The Ministry has launched a new scheme viz. Panchayat Empowerment Incentives Scheme meant to reward the State Governments which are serious on the issue of implementation of various provisions of Part IX of the Constitution. Seven reform areas based on which the incentives will be provided to State Governments have been  identified. The Committee are glad to observe that as many as 8 State namely Chattisgarh, Haryana, Karnataka, Kerala, Orissa, Sikkim, Uttar Pradesh and West Bengal have come forward by putting proposals to the Ministry of Panchayati Raj Committee hope that the initiatives taken by the Department would motivate State Governments to really empower the Panchayati Raj InstitutionsThe Panchayat Empowerment and Accountability Incentive Scheme has been proposed as such an instrument. The outputs of the proposed Panchayat Empowerment and Accountability Incentive Scheme are to provide a well-designed system OF INCENTIVES,which is hoped would provide an effective mechanism for the Government of India to undertake the following measures: Make a signal and fundamental systemic contribution to the overarching Plan objective of ‘Inclusive Growth’. Incentivise and support States to effectively devolve more functions, functionaries and finances to the Panchayats, apart from constituting effectively empowered District Planning Committees to fulfill their Constitutional functions. Encourage and facilitate States to restructure the system of self-government at the Panchayat level to achieve the Constitutional objective of making them ‘institutions of self-government’.",
               "schemeEligiiblity":"Ensure that Panchayats achieve standards that meet norms set out for public accountability including public financial accountability, both upward as well as downward to the people. This would particularly cover responsibilities and obligations under various legislations such as those relating to Right to Information, Social Audit, and Fiscal Responsibility.  Gram Sabhas to effectively monitor and exercise vigilance over the work of their elected representatives to secure both effectively gains in service delivery by the Panchayats and promote transparent, responsive and accountable grassroots development through grassroots democracy.",
               "schemeTargetGroup":"The vast resources being made available for rural development and welfare reaches the targeted beneficiaries and attains the targeted objectives, including, particularly the Bharat Nirman targets and the National Millennium Development Goals.",
               "schemeMiscDetails":"For futher details visit https://www.india.gov.in/panchayat-empowerment-and-accountability-incentive-scheme",
               "schemeDepartments":"Department of Panchayat Raj"
             },
         ]
      },
         ]
      },

