{
   "ListOfMinistries":[
      {
         "ministryId":1,
         "ministryName":"பஞ்சாயத்து ராஜ் அமைச்சகம் ",
         "ministrySchemesList":[
        {
               "schemeUiId":"M_0035_S_001",
               "schemeName":"கிராம் ஸ்வராஜ் அபியன்",
               "schemeObj":"இந்த முயற்சி மத்திய அரசாங்கத்தால் தொடங்கப்பட்ட ஏழு திட்டங்களை 100% கவரேஜ் செய்வதை நோக்கமாகக் கொண்டுள்ளது. சமூக நல்லிணக்கத்தை ஊக்குவிக்கவும். அரசாங்கத்தின் முன்முயற்சிகள் குறித்த விழிப்புணர்வைப் பரப்புங்கள். ஏழை வீடுகளில் சேர அவர்களை அணுகவும். பல்வேறு திட்டங்களில் கிராமவாசிகளின் கருத்தைப் பெறுங்கள். பல்வேறு திட்டத்தின் கீழ் கிடைக்கப்பெற்ற நிதி தொடர்பாக கிராம பஞ்சாயத்துகளுக்கு (ஜி.பி.) பகிரங்கமாக வெளிப்படுத்தல்.",
               "schemeDesc":"‘கிராம் ஸ்வராஜ் அபியான்’ என்பது ஏப்ரல் 14 (அம்பேத்கர் ஜெயந்தி) முதல் 2018 மே 05 வரை ஏற்பாடு செய்யப்பட்டுள்ள ஒரு பிரச்சாரமாகும். இந்த பிரச்சாரம் “சப்கா சாத், சப்கா காவ்ன், சப்கா விகாஸ்” என்ற வரிசையில் மேற்கொள்ளப்படுகிறது. இது ‘ஊரக வளர்ச்சி’ அமைச்சகம் மற்றும் ‘பஞ்சாயத்து ராஜ்’ அமைச்சின் கீழ் செயல்படுத்தப்படுகிறது. இலக்குகளை அடைய பயனாளிகள், தேர்ந்தெடுக்கப்பட்ட 33 லட்சம் பி.ஆர்.ஐ உறுப்பினர்கள், 5 கோடி பெண்கள் சுய உதவிக்குழு உறுப்பினர்கள், எம்.எல்.ஏக்கள் மற்றும் எம்.பி.க்கள் ஆகியோரின் கூட்டு. மத்திய / மாநில மற்றும் உள்ளாட்சி அமைப்புகள் பங்காளிகளாக உள்ளன. பயன்பாடுகள் மற்றும் பொதுவான போர்டல் மூலம் பிரச்சாரத்தை நிகழ்நேர திறம்பட கண்காணித்தல். “கிராம் ஸ்வராஜ் அபியான்” தொடர்ச்சியாக, அரசு என்ஐடிஐ ஆயோக் அடையாளம் கண்டுள்ள 117 ஆஸ்பிரேஷனல் மாவட்டங்களில் இந்தியா அதை விரிவுபடுத்தியுள்ளது. இது ஜூன் 1 முதல் 15 வரை செய்யப்பட்டுள்ளது. கிராம ஸ்வராஜ் அபியனின் போது ஒரு சிறப்பு முயற்சியாக, 530 மாவட்டங்களை உள்ளடக்கிய 21,058 அடையாளம் காணப்பட்ட கிராமங்களில் (தேர்தல் நடத்தை விதிமுறை நடைமுறையில் உள்ள கர்நாடகா, மேற்கு வங்காளத்தைத் தவிர) ஏழு முதன்மை ஏழைகளுக்கு ஆதரவான திட்டங்களின் கீழ் தகுதியான குடும்பங்கள் / நபர்களின் செறிவு செய்யப்படும். அடையாளம் காணப்பட்ட திட்டங்கள் பின்வருமாறு. பிரதான் மந்திரி உஜ்வாலா யோஜனா, சபாக்யா, உஜாலா திட்டம், பிரதான் மந்திரி ஜன தன் யோஜனா, பிரதான் மந்திரி ஜீவன் ஜோதி பிமா யோஜனா, பிரதான் மந்திரி சூரக்ஷா பீமா யோஜனா மற்றும் மிஷன் இந்திரநருஷ் ஆகியோரின் முக்கியத்துவம் வாய்ந்ததாக இருக்கும். வரித் துறைகளின் பல்வேறு திட்டங்கள் மற்றும் ஒவ்வொரு ஜி.பி. பகுதியிலும் மேற்கொள்ளப்பட வேண்டிய நடவடிக்கைகள் ஆகியவற்றின் கீழ் கிடைக்கக்கூடிய நிதி குறித்து கிராம பஞ்சாயத்துகளுக்கு (ஜி.பி.) வெளிப்படுத்துதல்.",
               "schemeEligiiblity":"திட்டத்தின் வழிகாட்டுதல்களின்படி, 2011 ஆம் ஆண்டு மக்கள்தொகை கணக்கெடுப்பின் கீழ் ஒரு பயனாளி வரவில்லை என்றால், அவர் ஏழு அளவுகோல்களில் ஏதேனும் ஒன்றை பூர்த்தி செய்தால் (எஸ்சி / எஸ்டி, மிகவும் பின்தங்கிய வகுப்புகள், தேநீர் மற்றும் முன்னாள் தேயிலைத் தோட்டம் பழங்குடியினர்).",
               "schemeTargetGroup":"17,000 ஏழை கிராமங்களுக்கு ஏழு திட்டங்களை தொடங்க மத்திய அரசு எதிர்பார்க்கிறது, இதன் கீழ் இலவச எல்பிஜி இணைப்புகள், மின்சாரம், ஜனன் கணக்குகள், இரண்டு பிஎம் காப்பீட்டு திட்டங்கள் மற்றும் குழந்தைகளுக்கு நோய்த்தடுப்பு மருந்துகள் 21 நாட்களில் கிடைக்கும்.",
               "schemeMiscDetails":"மேலும் பல தகவல்களுக்கு http://gsa.nic.in/",
               "schemeDepartments":"பஞ்சாயத்து ராஜ் துறை "
            },
            {
               "schemeUiId":"M_0035_S_002",
               "schemeName":"ராஷ்டிரிய கிராம் ஸ்வராஜ் அபியன் (ஆர்ஜிஎஸ்ஏ)",
               "schemeObj":"பஞ்சாயத்துகள் மற்றும் கிராமசபைகளின் திறன்கள் மற்றும் செயல்திறனை மேம்படுத்துதல். பஞ்சாயத்துகளில் ஜனநாயக முடிவெடுக்கும் மற்றும் பொறுப்புக்கூறலை இயக்குங்கள் மற்றும் மக்களின் பங்களிப்பை ஊக்குவிக்கவும். பஞ்சாயத்துகளின் அறிவு உருவாக்கம் மற்றும் திறனை வளர்ப்பதற்கான நிறுவன கட்டமைப்பை பலப்படுத்துதல். அரசியலமைப்பு மற்றும் பெசா சட்டத்தின் ஆவிக்கு ஏற்ப பஞ்சாயத்துகளுக்கு அதிகாரங்கள் மற்றும் பொறுப்புகளை பகிர்வதை ஊக்குவித்தல். பஞ்சாயத்து அமைப்பினுள் மக்கள் பங்கேற்பு, வெளிப்படைத்தன்மை மற்றும் பொறுப்புக்கூறல் ஆகியவற்றின் அடிப்படை மன்றமாக கிராம சபைகளை திறம்பட செயல்பட வலுப்படுத்துங்கள். பஞ்சாயத்துகள் இல்லாத பகுதிகளில் ஜனநாயக உள்ளூர் சுயராஜ்யத்தை உருவாக்கி பலப்படுத்துங்கள். பஞ்சாயத்துகள் நிறுவப்பட்ட அரசியலமைப்பு ரீதியாக கட்டமைக்கப்பட்ட கட்டமைப்பை வலுப்படுத்துங்கள். தற்போது, ​​இந்த திட்டம் தொடங்க உத்தேசிக்கப்பட்டுள்ளது, இதனால் பஞ்சாயத்து ராஜ் நிறுவனங்கள் நிலையான அபிவிருத்தி இலக்கை அடைய ஆளுமை திறன்களை வளர்த்துக் கொள்கின்றன.",
               "schemeDesc":"நிதியமைச்சர், 2016-17 ஆம் ஆண்டுக்கான தனது பட்ஜெட் உரையில், கிராமப்புற உள்ளாட்சி நிர்வாகம் (பிஆர்ஐ) கிராமப்புற உள்ளாட்சி நிர்வாகத்தின் திறன்களை மேம்படுத்துவதற்கும் பலப்படுத்துவதற்கும் ராஷ்டிரிய கிராம ஸ்வராஜ் அபியான் (ஆர்ஜிஎஸ்ஏ) புதிய மறுசீரமைக்கப்பட்ட திட்டத்தை தொடங்குவதாக அறிவித்தார். உள்ளூர் அபிவிருத்தி தேவைகளை நோக்கி, நிலையான அபிவிருத்தி இலக்குகளுடன் (எஸ்.டி.ஜி) இணைக்கப்பட்டுள்ள உள்ளூர் பிரச்சினைகளுக்கு நிலையான தீர்வுகளை உணர்ந்து கொள்வதற்கான தொழில்நுட்பத்தை மேம்படுத்துதல், கிடைக்கக்கூடிய வளங்களை உகந்த முறையில் பயன்படுத்துதல் போன்ற பங்கேற்பு திட்டங்களைத் தயாரித்தல். எஸ்.டி.ஜி களின் முக்கிய கோட்பாடுகள், அதாவது யாரையும் விட்டுவிடாமல், முதல் மற்றும் உலகளாவிய கவரேஜை எட்டுவது, பாலின சமத்துவத்துடன், பயிற்சிகள், பயிற்சி தொகுதிகள் மற்றும் பொருட்கள் உள்ளிட்ட அனைத்து திறன் மேம்பாட்டு தலையீடுகளின் வடிவமைப்பிலும் உட்பொதிக்கப்படும். 50,000 கிராம பஞ்சாயத்துகளை வறுமையில்லாமல் செய்ய ஒரு கோடி குடும்பங்களை வறுமையிலிருந்து வெளியேற்றுவதற்காக ஒரு மிஷன் அந்தோடயாவை மேற்கொள்ளப்போவதாக நிதியமைச்சர் அறிவித்தார். ராஷ்டிரிய கிராம ஸ்வராஜ் அபியான் (ஆர்ஜிஎஸ்ஏ) இன் மறுசீரமைக்கப்பட்ட மத்திய நிதியுதவி திட்டத்தை (சிஎஸ்எஸ்) 01.04.2018 முதல் 31.03.2022 வரை செயல்படுத்த இந்திய அரசு அறிமுகப்படுத்தியது. பஞ்சாயத்துகளின் தேர்ந்தெடுக்கப்பட்ட பிரதிநிதிகளுக்கான அடிப்படை நோக்குநிலை பயிற்சியை உறுதி செய்வதில், படிப்படியாக செறிவூட்டல் பயன்முறையில் இந்த திட்டம் நிரல் கவனம் செலுத்துகிறது, அவர்கள் தேர்ந்தெடுக்கப்பட்ட ஆறு மாதங்களுக்குள் மற்றும் 2 ஆண்டுகளுக்குள் புதுப்பிப்பு பயிற்சிகள். பயனுள்ள சமூக அணிதிரட்டல் மற்றும் அரசாங்கத்தின் முதன்மை திட்டங்களின் அதிக பொது உரிமையை உறுதி செய்வதற்காக சுய உதவிக்குழு-பிஆர்ஐ ஒருங்கிணைப்புக்கு ஆர்ஜிஎஸ்ஏ உந்துதல் அளிக்கும். நிர்வாக திறன், மேம்பட்ட சேவை வழங்கல் மற்றும் அதிக பொறுப்புக்கூறல் ஆகியவற்றை அடைய பஞ்சாயத்து மட்டத்தில் மின்-ஆளுமை மற்றும் தொழில்நுட்பத்தால் இயக்கப்படும் தீர்வுகளின் பயன்பாடு அதிகரிக்கும்.",
               "schemeEligiiblity":"நாடு முழுவதும் தேர்ந்தெடுக்கப்பட்ட கிராம பஞ்சாயத்துகளுக்கு பயிற்சி அளித்து அவர்களுக்கு உதவுங்கள், இதனால் அவர்கள் அடிப்படை மட்டத்தில் தங்கள் பணிகளை திறம்பட செய்ய முடியும்.",
               "schemeTargetGroup":"இது ஏப்ரல் 2018 முதல் மார்ச் 2022 வரையிலான காலகட்டத்தில் ரூ. 7255 கோடி. இத்திட்டம் நாட்டின் அனைத்து மாநிலங்களுக்கும் / யூ.டி.க்களுக்கும் விரிவடையும், மேலும் பஞ்சாயத்துகள் இல்லாத பகுதி IX அல்லாத பகுதிகளில் கிராமப்புற உள்ளாட்சி அமைப்புகளையும் உள்ளடக்கும்.",
               "schemeMiscDetails":"மேலும் பல தகவல்களுக்கு https://rgsa.nic.in/",
               "schemeDepartments":"பஞ்சாயத்து ராஜ் துறை "
            },
              {
               "schemeUiId":"M_0035_S_003",
               "schemeName":"பஞ்சாயத்து அதிகாரமளித்தல் மற்றும் பொறுப்புக்கூறல் ஊக்கத்தொகை",
               "schemeObj":"நிதி, செயல்பாடுகள் மற்றும் செயல்பாட்டாளர்களை (3 எஃப்) பஞ்சாயத்துகளுக்கு பகிர்வதற்கான மாநிலங்களை ஊக்குவிக்கவும். பஞ்சாயத்துகளின் செயல்பாட்டை திறமையாகவும் வெளிப்படையாகவும் செய்ய சரிகை பொறுப்புக்கூறல் முறைகளில் வைக்க ஊக்குவிக்கவும். இந்த திட்டத்தின் கீழ், மாநில அரசுகள் பஞ்சாயத்துகளுக்கு 3F களை பகிர்ந்தளிக்கும் அளவை அளவிடும் அதிகாரப் பகிர்வு குறியீட்டில் மாநில அரசுகள் இடம் பெற்றுள்ளன.",
               "schemeDesc":"அமைச்சகம் ஒரு புதிய திட்டத்தை அறிமுகப்படுத்தியுள்ளது. பஞ்சாயத்து அதிகாரமளித்தல் ஊக்கத் திட்டம் என்பது அரசியலமைப்பின் பகுதி IX இன் பல்வேறு விதிகளை அமல்படுத்துவதில் தீவிரமான மாநில அரசுகளுக்கு வெகுமதி அளிப்பதாகும். மாநில அரசாங்கங்களுக்கு ஊக்கத்தொகை வழங்கப்படும் ஏழு சீர்திருத்த பகுதிகள் அடையாளம் காணப்பட்டுள்ளன. சத்தீஸ்கர், ஹரியானா, கர்நாடகா, கேரளா, ஒரிசா, சிக்கிம், உத்தரப்பிரதேசம் மற்றும் மேற்கு வங்கம் ஆகிய 8 மாநிலங்கள் பஞ்சாயத்து ராஜ் கமிட்டியின் திட்டங்களை முன்வைத்து முன்வந்துள்ளன என்பதை குழு கவனிப்பதில் மகிழ்ச்சி அடைகிறது. பஞ்சாயத்து ராஜ் நிறுவனங்களுக்கு உண்மையிலேயே அதிகாரம் அளிக்க திணைக்களம் மாநில அரசுகளை ஊக்குவிக்கும். பஞ்சாயத்து அதிகாரமளித்தல் மற்றும் பொறுப்புக்கூறல் ஊக்கத் திட்டம் அத்தகைய கருவியாக முன்மொழியப்பட்டுள்ளது. முன்மொழியப்பட்ட பஞ்சாயத்து அதிகாரமளித்தல் மற்றும் பொறுப்புக்கூறல் ஊக்கத் திட்டத்தின் வெளியீடுகள் நன்கு வடிவமைக்கப்பட்ட ஊக்கத்தொகை முறையை வழங்குவதாகும், இது பின்வரும் நடவடிக்கைகளை மேற்கொள்ள இந்திய அரசுக்கு ஒரு சிறந்த வழிமுறையை வழங்கும் என்று நம்பப்படுகிறது: இதற்கு ஒரு சமிக்ஞை மற்றும் அடிப்படை முறையான பங்களிப்பை வழங்கவும் 'உள்ளடக்கிய வளர்ச்சி' என்ற திட்டத்தின் நோக்கம். அவர்களின் அரசியலமைப்பு செயல்பாடுகளை நிறைவேற்ற திறம்பட அதிகாரம் பெற்ற மாவட்ட திட்டக் குழுக்களை அமைப்பதைத் தவிர்த்து, பஞ்சாயத்துகளுக்கு அதிக செயல்பாடுகள், செயல்பாடுகள் மற்றும் நிதிகளை திறம்பட வழங்க மாநிலங்களை ஊக்குவித்தல் மற்றும் ஆதரித்தல். ‘சுய-அரசு நிறுவனங்களாக’ மாற்றுவதற்கான அரசியலமைப்பு நோக்கத்தை அடைவதற்கு பஞ்சாயத்து மட்டத்தில் சுயராஜ்ய அமைப்பை மறுசீரமைக்க மாநிலங்களை ஊக்குவிக்கவும் வசதி செய்யவும்.",
               "schemeEligiiblity":"பொது நிதி பொறுப்புக்கூறல் உட்பட பொது பொறுப்புக்கூறலுக்காக நிர்ணயிக்கப்பட்ட விதிமுறைகளை பூர்த்தி செய்யும் தரங்களை பஞ்சாயத்துகள் அடைகின்றன என்பதை உறுதிப்படுத்திக் கொள்ளுங்கள். இது குறிப்பாக தகவல் அறியும் உரிமை, சமூக தணிக்கை மற்றும் நிதி பொறுப்பு போன்ற பல்வேறு சட்டங்களின் கீழ் பொறுப்புகள் மற்றும் கடமைகளை உள்ளடக்கும். கிராம சபைகள் தங்கள் தேர்ந்தெடுக்கப்பட்ட பிரதிநிதிகளின் பணிகளை திறம்பட கண்காணித்து, பஞ்சாயத்துகளால் சேவை வழங்குவதில் திறம்பட ஆதாயங்களைப் பெறுவதற்கும், அடிமட்ட ஜனநாயகம் மூலம் வெளிப்படையான, பதிலளிக்கக்கூடிய மற்றும் பொறுப்புள்ள அடிமட்ட வளர்ச்சியை ஊக்குவிப்பதற்கும்.",
               "schemeTargetGroup":"கிராமப்புற அபிவிருத்தி மற்றும் நலனுக்காக கிடைக்கப் பெறும் பரந்த வளங்கள் இலக்கு வைக்கப்பட்ட பயனாளிகளைச் சென்றடைகின்றன, மேலும் குறிப்பாக பாரத் நிர்மான் இலக்குகள் மற்றும் தேசிய மில்லினியம் மேம்பாட்டு இலக்குகள் உள்ளிட்ட இலக்கு நோக்கங்களை அடைகின்றன.",
               "schemeMiscDetails":"மேலும் பல தகவல்களுக்கு  https://www.india.gov.in/panchayat-empowerment-and-accountability-incentive-scheme",
               "schemeDepartments":"பஞ்சாயத்து ராஜ் துறை "
            },
         ]
      },
         ]
      },
   