{
   "ListOfMinistries":[
      {
         "ministryId":1,
         "ministryName":"ரயில்வே அமைச்சகம்",
         "ministrySchemesList":[
            {
               "schemeUiId":"M_0042_S_001",
               "schemeName":"அவதாரன்",
               "schemeObj":"அவதாரன் ஒரு குடை திட்டம் 7 பயணிகளைக் கொண்டுள்ளது. ரயில்வே பட்ஜெட்டில் 2016-17 ஆம் ஆண்டில், மிஷன் ஜீரோ விபத்து என்பது அவதரன் என்ற குடை மிஷனின் கீழ் அறிவிக்கப்பட்ட பயணிகளில் ஒன்றாகும்.",
               "schemeDesc":"ரயில்வே பட்ஜெட்டில் 2016-17, ரயில்வே அமைச்சர் சுரேஷ் பிரபு “அவதாரன்” என்ற குடையின் கீழ் 7 நடவடிக்கைகளை மிஷன் முறையில் நடத்தப்போவதாக அறிவித்துள்ளார். இந்த பணிகள் பின்வருமாறு: (i) மிஷன் 25 டன் - இது சுமந்து செல்லும் திறனை அதிகரிப்பதன் மூலம் வருவாயை அதிகரிப்பதை நோக்கமாகக் கொண்டுள்ளது. -4 ஆண்டுகள் மற்றும் உயர் அடர்த்தி நெட்வொர்க்கின் 100% ரயில் மோதல் தவிர்ப்பு அமைப்பு (டி.சி.ஏ.எஸ்) உடன் சித்தப்படுத்துதல். (Iii) மிஷன் பேஸ் (கொள்முதல் மற்றும் நுகர்வு திறன்) - பொருட்கள் மற்றும் சேவைகளின் தரத்தை மேம்படுத்த கொள்முதல் மற்றும் நுகர்வு நடைமுறைகளை மேம்படுத்துவதை இது நோக்கமாகக் கொண்டுள்ளது. (iv) மிஷன் ராஃப்டார் - இது சரக்கு ரயில்களின் சராசரி வேகத்தை இரட்டிப்பாக்குவதையும், அடுத்த 5 ஆண்டுகளில் சூப்பர் ஃபாஸ்ட் மெயில் / எக்ஸ்பிரஸ் ரயில்களின் சராசரி வேகத்தை 25 கி.மீ வேகத்தில் அதிகரிப்பதையும் இலக்காகக் கொண்டுள்ளது. இது ரயில்வே அமைப்பின் செயல்திறனை அதிகரிக்க மிஷன் 25 டன்னுக்கு பூர்த்தி செய்யும். (V) மிஷன் நூறு - இந்த பணியின் கீழ், அடுத்த 2 ஆண்டுகளில் குறைந்தது நூறு பக்கங்கள் இயக்கப்படும். சைடிங் என்பது இயங்கும் வரியிலிருந்து வேறுபட்ட குறைந்த வேக டிராக் பிரிவு / டிராக் கிளையை குறிக்கிறது. (vi) புத்தகத்தை வைத்திருப்பதற்கு அப்பாற்பட்ட பணி - இது உள்ளீடுகளுக்கு விளைவுகளை கண்காணிக்கக்கூடிய ஒரு கணக்கியல் முறையை நிறுவும். (vii) மிஷன் கொள்ளளவு பயன்பாடு - இது உருவாக்கப்படும் மிகப்பெரிய புதிய திறனை முழுமையாகப் பயன்படுத்துவதற்கான ஒரு வரைபடத்தைத் தயாரிக்க முன்மொழிகிறது. டெல்லி-மும்பை மற்றும் டெல்லி-கொல்கத்தா இடையேயான இரண்டு அர்ப்பணிப்பு சரக்கு தாழ்வாரங்கள் 2019 க்குள் இயக்க திட்டமிடப்பட்டுள்ளது.",
               "schemeEligiiblity":"NIL",
               "schemeTargetGroup":"NIL",
               "schemeMiscDetails":"NIL",
               "schemeDepartments":"NIL"
            },
           {
               "schemeUiId":"M_0042_S_002",
               "schemeName":"யாத்ரி மித்ரா சேவா",
               "schemeObj":"யாத்ரி மித்ரா சேவாவின் வசதி முக்கிய ரயில் நிலையங்களில் பயணிகளுக்கு வசதியாக வழங்கப்படுகிறது. சக்கர நாற்காலி சேவைகள் மற்றும் போர்ட்டர் சேவைகளை பதிவு செய்ய மாற்றுத்திறனாளிகள், நோய்வாய்ப்பட்ட மற்றும் வயதானவர்கள். யாத்ரி மித்ரா சேவாவை வழங்கும் பொறுப்பு இந்திய ரயில்வே கேட்டரிங் மற்றும் சுற்றுலா கழகத்திடம் (ஐ.ஆர்.சி.டி.சி) ஒப்படைக்கப்பட்டுள்ளது.",
               "schemeDesc":"முதியவர்கள், மாற்றுத்திறனாளிகள் மற்றும் நோய்வாய்ப்பட்ட பயணிகளுக்கு ரயில் பயணத்தை வசதியாக மாற்றும் நோக்கில் இந்திய ரயில்வே ‘யாத்ரி மித்ரா சேவா’ அறிமுகப்படுத்தியுள்ளது. யாத்ரி மித்ரா அல்லது பயணிகள் நண்பர் சேவை உதவியாளராகவோ அல்லது இந்த நோக்கத்திற்காக பரிந்துரைக்கப்பட்ட வேறு நபராகவோ இருக்கலாம். நாடு முழுவதும் உள்ள முக்கிய ரயில் நிலையங்களில் இந்த சேவை கிடைக்கும். ஆன்லைனில் டிக்கெட் முன்பதிவு செய்யும் போது 139 ஐ அழைப்பதன் மூலமோ அல்லது செய்தி அனுப்புவதன் மூலமோ அல்லது நோக்கத்திற்காக செயல்படுத்தப்பட வேண்டிய பிரத்யேக மொபைல் தொலைபேசி எண்ணை டயல் செய்வதன் மூலமோ இதைப் பெறலாம். எதிர்காலத்தில் சேவையைப் பெற பயணிகள் மொபைல் பயன்பாட்டையும் அணுகலாம். இந்த பயன்பாட்டை ரயில்வே தகவல் அமைப்புகள் மையம் (CRIS) உருவாக்கும். சேவை முன்பதிவு செய்யப்பட்டதும், யாத்ரி மித்ரா பயணிகளை நிலைய நுழைவாயிலில் பெறுவதை உறுதிசெய்து, ரயிலில் பாதுகாப்பாக ஏற உதவுகிறது. பயணிகள் நியமிக்கப்பட்ட ரயில் நிலையத்திற்கு வரும்போது உதவியாளரும் பயிற்சியாளரிடம் கிடைக்கும்.",
               "schemeEligiiblity":"இந்திய ரயில்வேயில் பயணம் செய்யும் மாறுபட்ட திறன் கொண்ட, நோய்வாய்ப்பட்ட மற்றும் மூத்த குடிமக்கள் விரைவில் போர்ட்டர்-கம்-சக்கர நாற்காலி சேவையான யாத்ரி மித்ரா சேவாவை எஸ்எம்எஸ், தொலைபேசி அழைப்பு அல்லது இணையம் மூலம் பதிவு செய்ய முடியும்.",
               "schemeTargetGroup":"இந்த திட்டம் சக்கர நாற்காலிகள், பேட்டரி மூலம் இயக்கப்படும் கார்கள் மற்றும் போர்ட்டர் சேவைகள் முதியவர்கள், மாற்றுத்திறனாளிகள் மற்றும் நோய்வாய்ப்பட்ட பயணிகளுக்கு உதவும்.",
               "schemeMiscDetails":"இருப்பினும், தன்னார்வ தொண்டு நிறுவனங்கள், தொண்டு அறக்கட்டளை, பொதுத்துறை நிறுவனங்கள் போன்றவற்றின் பதில் இல்லாததால் இந்த சேவையை 'இலவசமாக' வழங்க முடியாவிட்டால், ஐ.ஆர்.சி.டி.சி இந்த சேவையை ஒரு சேவை வழங்குநர் மூலமாகவோ அல்லது சொந்தமாகவோ கட்டணம் அடிப்படையில் ஏற்பாடு செய்யலாம்.",
               "schemeDepartments":"NIL"
            },
            {
               "schemeUiId":"M_0042_S_003",
               "schemeName":"மிஷன் சத்ய நிஷ்டா",
               "schemeObj":"தனிப்பட்ட மற்றும் பொது வாழ்க்கையில் நெறிமுறைகளின் அவசியத்தையும் மதிப்பையும் புரிந்து கொள்ள ஒவ்வொரு பணியாளருக்கும் பயிற்சி அளித்தல். வாழ்க்கை மற்றும் பொது நிர்வாகத்தில் நெறிமுறை சங்கடங்களை சமாளிக்க. நெறிமுறைகள் மற்றும் ஒருமைப்பாடு குறித்த இந்திய ரயில்வேயின் கொள்கைகளையும், அதை நிலைநிறுத்துவதில் பணியாளரின் பங்கையும் புரிந்து கொள்ள உதவுதல். உள் வளங்களைத் தட்டுவதன் மூலம் உள் நிர்வாகத்தை வளர்ப்பது.",
               "schemeDesc":"ஜூலை 27, 2018 அன்று புதுதில்லியில் உள்ள தேசிய ரயில் அருங்காட்சியகத்தில் நடைபெற்ற ஒரு நாள் நிகழ்ச்சியில், இந்திய ரயில்வே 'மிஷன் சத்யனிஷ்டா' மற்றும் பொது நிர்வாகத்தில் நெறிமுறைகள் குறித்த ஒரு திட்டத்தை முதன்முதலில் நடத்தியது. அனைத்து ரயில்வே ஊழியர்களுக்கும் நல்ல நெறிமுறைகளை கடைப்பிடிக்க வேண்டிய அவசியம் மற்றும் பணியில் ஒருமைப்பாட்டின் உயர் தரத்தை பராமரிப்பது குறித்து உணர்த்துவதை நோக்கமாகக் கொண்டுள்ளது. குறைந்தபட்சம். அனைத்து பொதுத்துறை நிறுவனங்களும் ஊழியர்களும் தொகுக்க வேண்டிய நடத்தை மற்றும் ஒருமைப்பாடு பின்வரும் கொள்கைகளில் வெளிப்படுத்தப்படுகின்றன: தனிப்பட்ட ஒருமைப்பாடு: w / care & விடாமுயற்சியுடன் செயல்படுவது மற்றும் நேர்மையான, நியாயமான, பக்கச்சார்பற்ற மற்றும் சரியான நேரத்தில் முடிவுகளை எடுக்க; & தொடர்புடைய அனைத்து தகவல்களையும் கருத்தில் கொள்ளுங்கள். உறவு w / மற்றவர்கள்: மக்களுக்கு w / மரியாதை, மரியாதை, & உணர்திறன்; & அவர்களின் நலன்கள், உரிமைகள், பாதுகாப்பு மற்றும் நலனை அங்கீகரிக்கவும். பொறுப்புக்கூறல்: மனித, இயற்கை, நிதி மற்றும் ப resources தீக வளங்கள், சொத்து மற்றும் தகவல்களின் திறமையான, பயனுள்ள மற்றும் பொருத்தமான பயன்பாட்டை உறுதி செய்யும் பொறுப்பு மற்றும் பொறுப்புணர்வுடன் மாநில வளங்களைப் பயன்படுத்துதல்.",
               "schemeEligiiblity":"NIL",
               "schemeTargetGroup":"NIL",
               "schemeMiscDetails":"NIL",
               "schemeDepartments":"NIL"
            },
            {
               "schemeUiId":"M_0042_S_004",
               "schemeName":"ராஷ்டிரியா ரயில் சன்ரக்ஷ கோஷ்",
               "schemeObj":"RRSK ஐ உருவாக்குவதன் அடிப்படை நோக்கம் ரயில்வேயில் பாதுகாப்பு பணிகளை செயல்படுத்துவதற்கான நிதியை உறுதி செய்வதாகும்.",
               "schemeDesc":"டாக்டர் அனில் ககோட்கரின் கீழ் உயர்மட்ட பாதுகாப்பு மறுஆய்வுக் குழுவின் பரிந்துரைகளின் பேரில் இது அமைக்கப்பட்டுள்ளது. ரயில்வே பாதுகாப்பு நிதியில் அதன் பங்கிற்கு நிதியளிக்க ரயில்வே அமைச்சகம் நிதி அமைச்சகத்திடம் கேட்கலாம், அதாவது ராஷ்டிரிய ரெயில் சன்ரக்ஷா கோஷ் (ஆர்.ஆர்.எஸ்.கே) இந்த ஆண்டு பொது பயன்பாடு 2017-18 ஆம் ஆண்டில் குறைந்தது ₹ 10,000 கோடி வருவாய் பற்றாக்குறையைக் கொண்டுள்ளது. இந்திய ரயில்வேயின் உண்மையான வருமானம் இலக்கு வருமானத்தை விட 8.45% குறைவாக இருந்தது. ரயில்வேயின் பயணிகள் மற்றும் பொருட்களின் வருவாய் கடந்த ஆண்டை ஒப்பிடும்போது இந்த ஆண்டு அதிகரித்துள்ள போதிலும், இந்த காலகட்டத்தில் அதன் வருவாய் கடுமையாக குறைந்துள்ளது. நில குத்தகை, விளம்பரம், பொதுத்துறை நிறுவனம் ஈவுத்தொகை மற்றும் கேட்டரிங் துறை உள்ளிட்ட கட்டணமற்ற வருவாய்களின் வருமானம், வருவாயின் ஒரு பகுதியாகும். ராஷ்டிரிய ரெயில் சன்ரக்ஷா கோஷ்- பாதுகாப்பு நிதி: 2017-18 வரவுசெலவுத் திட்டத்தில் ஐந்து ஆண்டு காலப்பகுதியில் ₹ 1 லட்சம் கோடிக்கு மேல் கார்பஸுடன் சிறப்பு பாதுகாப்பு நிதி அமைப்பதாக நிதியமைச்சர் அறிவித்திருந்தார். நடப்பு நிதியாண்டின் முதல் ஆறு மாதங்களில், இந்திய ரயில்வே பாதுகாப்பு நிதியில் கால் பகுதியைப் பயன்படுத்தியது. மனித பிழைக்கான வாய்ப்புகளை குறைக்கும் மற்றும் பாதுகாப்பு ஊழியர்களுக்கு பயிற்சியளிப்பதை உறுதி செய்யும் பகுதிகளில் ஆர்.ஆர்.எஸ்.கே நிதியைப் பயன்படுத்துவதற்கு முன்னுரிமை அளிக்க நிதி அமைச்சகம் ரயில்வே அமைச்சகத்திற்கு அறிவுறுத்தியது. இந்த திட்டத்திற்கான ஒரு வரைபடத்தைத் தயாரிக்க திட்டமிடல் இயக்குநரகத்தின் நிர்வாக இயக்குநர் தலைமையில் ஆறு பேர் கொண்ட குழுவை ரயில் அமைச்சகம் அமைத்துள்ளது, இதில் நிதி ஆதாரங்கள் மற்றும் அது பயன்படுத்தப்பட வேண்டிய பகுதிகள் ஆகியவை அடங்கும். முன்மொழியப்பட்ட ஆர்.ஆர்.எஸ்.கே.யின் கீழ் திட்டமிடப்பட்ட முக்கிய திட்டங்களில் ஒன்று ஆளில்லா லெவல் கிராசிங்குகளை அகற்றுவது மற்றும் பழைய சிக்னலிங் மற்றும் டெலிகாம் உள்கட்டமைப்பை மாற்றுவது ஆகியவை பாதிக்கும் மேற்பட்ட ரயில் விபத்துகளுக்கு காரணமாகின்றன.",
               "schemeEligiiblity":"NIL",
               "schemeTargetGroup":"பாதை மேம்பாடு, பாலம் மறுவாழ்வு, பங்கு மாற்றுதல், மனித வள மேம்பாடு, மேம்பட்ட ஆய்வு முறை மற்றும் லெவல் கிராசிங்கில் பாதுகாப்பு பணிகள் போன்றவற்றுக்கு இந்த நிதி பயன்படுத்தப்படுகிறது.",
               "schemeMiscDetails":"ஐந்து வருட காலப்பகுதியில் இந்த நிதியம் lakh 1 லட்சம் கோடி, ஒரு வருடாந்திர ஒதுக்கீடு 20,000 கோடி, மொத்த பட்ஜெட் ஆதரவின் பங்களிப்பாக ,000 15,000 கோடி மற்றும் ரயில்வேயின் உள் வளங்களிலிருந்து ₹ 5,000 கோடி. 2017-18 ஆம் ஆண்டில், ₹ 20,000 கோடி செலவினத்தில், R 16091 கோடி செலவு ஆர்.ஆர்.எஸ்.கே. நடப்பு ஆண்டிலும் பட்ஜெட் மதிப்பீட்டில் ₹ 20,000 கோடி ஒதுக்கீடு செய்யப்பட்டுள்ளது, ஜூன் 2018 இறுதி வரை 5 3256 கோடி செலவிடப்பட்டுள்ளது.",
               "schemeDepartments":"NIL"
            },
           {
               "schemeUiId":"M_0042_S_005",
               "schemeName":"‘சமன்வே’ போர்ட்டல்",
               "schemeObj":"இந்த போர்ட்டலின் நோக்கம், SAGY இன் திட்டமிடல் மற்றும் செயல்படுத்தலில் தொடர்புடைய திட்டங்களைப் பயன்படுத்த நாடாளுமன்ற உறுப்பினருக்கு (எம்.பி.க்கள்) உதவுவதாகும். இது மத்திய மற்றும் மாநில அரசுகளால் மேற்கொள்ளப்பட்ட பல்வேறு திட்டங்கள் மூலம் பல்வேறு கிராம பஞ்சாயத்து தொடர்பான நடவடிக்கைகள் குறித்த தொகுக்கப்பட்ட மற்றும் வரைபடத் தகவல்களுக்கான தரவுத்தளமாக செயல்படும்.",
               "schemeDesc":"கிராம பஞ்சாயத்துகளின் மேம்பாட்டிற்காக சன்சாத் ஆதர்ஷ் கிராம யோஜனா (SAGY) முன்னேற்றம் மற்றும் செயல்படுத்தலை கண்காணிக்க மத்திய ஊரக வளர்ச்சி அமைச்சகம் ‘சமன்வே’ வலை இணையதளத்தை அறிமுகப்படுத்தியுள்ளது. இதை மத்திய ஊரக வளர்ச்சித் துறை அமைச்சர் சவுத்ரி பிரேந்தர் சிங் தொடங்கினார். கிராம பஞ்சாயத்துகளுக்கான மைய மற்றும் மாநில அரசாங்கங்களின் அனைத்து அரசு திட்டங்களின் தொகுப்பையும் சமன்வே வலை போர்டல் கொண்டுள்ளது. பல்வேறு மாநில / மாவட்ட அதிகாரிகளிடம் நிலுவையில் உள்ள நாடு முழுவதும் உள்ள பல்வேறு நாடாளுமன்றத் தொகுதிகள் தொடர்பான ரயில்வே அமைச்சகத்தின் கீழ் உள்ள மண்டலங்கள் / பொதுத்துறை நிறுவனங்களின் முக்கிய பிரச்சினைகள் குறித்த தகவல்களை ரெயில் சமன்வே சேகரிக்கிறார். இந்தத் தகவல் தீர்க்கும் முன்னேற்றத்தைக் கண்காணிக்க உதவும் அந்த சிக்கல்கள் மற்றும் குறிப்பிட்ட காலக்கெடுவுக்குள் திட்டங்களை செயல்படுத்துவதை உறுதிசெய்க. ரெயில் சமன்வே மாநில அரசு அதிகாரிகளுடன் நிலுவையில் உள்ள சிக்கல்களைக் கண்காணிக்க உதவும்- இது ஒரு வெளிப்படையான அமைப்பை உருவாக்க உதவும், மேலும் திட்டத்தின் தற்போதைய நிலை குறித்த தெளிவான படத்தைக் கொடுக்கும். சம்பந்தப்பட்ட சிக்கல்களுக்கு எதிராக எடுக்கப்பட்ட நடவடிக்கைகளின் நிலை- ஒரு சிக்கலுக்கு எதிராக எடுக்கப்பட்ட நடவடிக்கை பதிவேற்றம் செய்யப்பட்டு உன்னிப்பாக புதுப்பிக்கப்படும், இது அதன் கண்காணிப்பு மற்றும் பகுப்பாய்விற்கு உதவும். மாநில, மாவட்ட மற்றும் பாராளுமன்றத் தொகுதிகளின் வாரியாக வரைபடங்களை வரைபடமாக்குவது பொருத்தமான மட்டத்தில் கொடியிட உதவும்- பிரச்சினைகள் அந்தந்த மாநில / மாவட்ட / நாடாளுமன்றத் தொகுதிக்கு கண்காணிக்கப்படும்.",
               "schemeEligiiblity":"NIL",
               "schemeTargetGroup":"NIL",
               "schemeMiscDetails":"சமன்வேயில், அனைத்து மாநிலங்களிலிருந்தும் சுமார் 1800 மாநில திட்டங்கள் ஆவணப்படுத்தப்பட்டுள்ளன.",
               "schemeDepartments":"NIL"
            },
            {
               "schemeUiId":"M_0042_S_006",
               "schemeName":"இந்திய ரயில்வே மின் கொள்முதல் முறை (IREPS)",
               "schemeObj":"இது வெளிப்படைத்தன்மை, செயல்திறன் மற்றும் வணிகத்தை எளிதாக்குவது போன்ற நோக்கங்களை அடைய உதவியுள்ளது.",
               "schemeDesc":"ரயில் நடவடிக்கைகளை மேம்படுத்துவதற்கும் அதன் வாடிக்கையாளர்களுக்கு சிறந்த பயணிகள் அனுபவத்தை வழங்குவதற்கும் புதிய தொழில்நுட்பங்களை பின்பற்றுவதில் இந்திய ரயில்வே எப்போதும் கவனம் செலுத்துகிறது. இந்த தொடரில், இந்திய ரயில்வே பல்வேறு தகவல் தொழில்நுட்ப முயற்சிகளை அறிமுகப்படுத்தியுள்ளது. இ-டெண்டரிங், மின் ஏலம் அல்லது தலைகீழ் ஏலம் ஆகியவற்றின் மூலம் பொருட்கள், பணிகள் மற்றும் சேவைகள், பொருட்கள் விற்பனை, மற்றும் சொத்துக்களை குத்தகைக்கு எடுப்பது ஆகியவற்றுக்கான இந்திய ரயில்வேயின் அதிகாரப்பூர்வ போர்டல் இது. இந்த தளம் CRIS ஆல் சமீபத்திய தொழில்நுட்பம் மற்றும் பாதுகாப்பு அம்சங்களைப் பயன்படுத்தி உருவாக்கப்பட்டது மற்றும் பராமரிக்கப்படுகிறது. இது தொடர்பாக இந்திய ரயில்வே எடுத்த முக்கிய முயற்சிகள்: புதிய தொழில்நுட்பங்களைப் பயன்படுத்தி ரயில்களைக் கண்காணித்தல். ரயில்களில் கையடக்க சாதனங்கள். டிக்கெட் வலைத்தளத்தின் நவீனமயமாக்கல் (ஐ.ஆர்.சி.டி.சி). மொபைல் தொலைபேசிகள் மூலம் காகிதமில்லா முன்பதிவு செய்யப்படாத டிக்கெட். 2017-18 ஆம் ஆண்டில், ரூ .1,50,000 கோடிக்கு மேல் மதிப்புள்ள 4,44,000 இ-டெண்டர்கள் ஐ.ஆர்.இ.பி.எஸ். கடந்த ஆண்டு ரூ .2800 கோடியின் ஆன்லைன் ஸ்கிராப் விற்பனையும் இ-ஏலம் மூலம் செய்யப்பட்டது. 90,000 விற்பனையாளர்கள் ஐ.ஆர்.இ.பி.எஸ் இணையதளத்தில் தங்களை பதிவு செய்துள்ளனர். மத்திய விஜிலென்ஸ் கமிஷன் “விஜிலென்ஸ் எக்ஸலன்ஸ் விருது - 2017” இன் கீழ் இந்த அமைப்பை அங்கீகரித்து வழங்கியுள்ளது.",
               "schemeEligiiblity":"NIL",
               "schemeTargetGroup":"NIL",
               "schemeMiscDetails":"பயன்படுத்தப்படாத முக்கிய பாதுகாப்பு அம்சங்களில் சமச்சீரற்ற குறியாக்கவியல், பி.கே.ஐ செயல்படுத்தல், டிஜிட்டல் கையொப்பம், 256 பிட் 'வெரிசைன்' விரிவாக்கப்பட்ட எஸ்.எஸ்.எல், பயனர் பெயர், கடவுச்சொல், டிஜிட்டல் அங்கீகாரம், பங்கு அடிப்படையிலான அணுகல் மற்றும் சலுகைகள், தணிக்கை பாதை, அனைத்து உற்பத்திகளுக்கான நேர ஒத்திசைவு போன்ற நிலையான பாதுகாப்பு அம்சங்களைத் தவிர. ஐ.எஸ்.டி (என்.பி.எல்-ல் இருந்து வாங்கியது) போன்ற சேவையகங்கள். ஃபயர்வால், லோட் பேலன்சர், ஐ.பி.எஸ், வைரஸ் தடுப்பு போன்ற பல்வேறு வன்பொருள் மற்றும் மென்பொருள் பயன்பாடுகளைப் பயன்படுத்தி தரவு மையம் முழுமையாக பாதுகாப்பாக வடிவமைக்கப்பட்டுள்ளது.",
               "schemeDepartments":"NIL"
            },
            {
               "schemeUiId":"M_0042_S_007",
               "schemeName":"ரயில் மடாட்",
               "schemeObj":"ரயில்வே பேக்ஸ் செயல்படுத்த ரெயில் மடாட் போர்டல் உருவாக்கப்பட்டுள்ளது. புகார் அளிக்க அல்லது வரி, பயன்பாடு, அல்லது எஸ்எம்எஸ் மற்றும் புகார்களின் நேரடி நிலையைக் கண்காணிப்பதற்கான வசதி மற்றும் ஆலோசனையின் மூலம் அவர்கள் அளித்த திருப்தியின் அடிப்படையில் கருத்துக்களை வழங்குதல். புகார்களை விரைவாகவும் திருப்திகரமாகவும் தீர்க்கும் வகையில் ரயில்வே பயணிகளின் அனுபவத்தை மேம்படுத்துவதே இந்த போர்ட்டலின் நோக்கம். விரைவான தீர்வுக்கான புகாரை சரியான முறையில் ஒதுக்க PNR விவரங்கள் உதவுகின்றன.",
               "schemeDesc":"பயணிகளின் குறை தீர்க்கும் நடவடிக்கைகளை விரைவுபடுத்துவதற்கும் நெறிப்படுத்துவதற்கும் 'ரெயில் மடாட் (பயணத்தின்போது விரும்பிய உதவிக்கான மொபைல் விண்ணப்பம்)' என்ற மொபைல் பயன்பாட்டை ரயில்வே அமைச்சகம் வெளியிட்டுள்ளது. ரயில் மடாட் என்பது இந்திய ரயில்வேயின் ரயில்வே பயணிகள் குறை தீர்க்கும் மற்றும் மேலாண்மை அமைப்பின் (ஆர்பிஜிஆர்எம்எஸ்) ஒரு பகுதியாகும். ரெயில் மடாட் பயன்பாட்டின் முக்கிய அம்சங்கள்: ரெயில் மடாட் பயணிகளிடமிருந்து குறைந்தபட்ச உள்ளீடுகளுடன் புகாரைப் பதிவுசெய்கிறது (புகைப்படத்தின் விருப்பமும் கிடைக்கிறது), தனித்துவமான ஐடியை உடனடியாக வெளியிடுகிறது மற்றும் உடனடி நடவடிக்கைக்காக சம்பந்தப்பட்ட கள அதிகாரிகளுக்கு ஆன்லைனில் புகாரை வழங்குகிறது. புகாரின் மீது எடுக்கப்பட்ட நடவடிக்கை எஸ்.எம்.எஸ் மூலம் பயணிகளுக்கு அனுப்பப்படுகிறது, இதனால் டிஜிட்டல் மயமாக்கல் மூலம் புகார்களைத் தீர்க்கும் முழு செயல்முறையையும் விரைவாகக் கண்காணிக்கும். பயன்பாடு பல்வேறு ஹெல்ப்லைன் எண்களையும் (எ.கா., பாதுகாப்பு, குழந்தை ஹெல்ப்லைன் போன்றவை) காண்பிக்கும் மற்றும் ஒரு எளிய கட்டத்தில் உடனடி உதவிக்கு நேரடி அழைப்பு வசதியை வழங்குகிறது. ஆஃப்லைன் மற்றும் ஆன்லைன் முறைகள் உள்ளிட்ட புகார்களைத் தாக்கல் செய்வதற்கான அனைத்து முறைகளும் ஒரே மேடையில் ஒருங்கிணைக்கப்படுகின்றன, எனவே இதன் விளைவாக நிர்வாக அறிக்கைகள் பலவீனமான / குறைபாடுள்ள பகுதிகளின் முழுமையான படத்தை முன்வைக்கின்றன மற்றும் சம்பந்தப்பட்ட அதிகாரிகளின் கவனம் செலுத்தும் திருத்த நடவடிக்கைகளை செயல்படுத்துகின்றன. தரவு பகுப்பாய்வு தேர்ந்தெடுக்கப்பட்ட ரயில் / நிலையத்தின் தூய்மை, வசதிகள் போன்ற பல்வேறு செயல்திறன் அளவுருக்கள் குறித்த போக்குகளையும் உருவாக்கும், இதனால் நிர்வாக முடிவை மிகவும் துல்லியமாகவும் பயனுள்ளதாகவும் ஆக்குகிறது. பிரிவு / மண்டல / ரயில்வே வாரிய மட்டத்தில் நிர்வாகத்திற்கு வரிசைமுறை அடிப்படையிலான டாஷ்போர்டு / அறிக்கைகள் கிடைக்கும் மற்றும் சம்பந்தப்பட்ட ஒவ்வொரு அதிகாரிக்கும் வாரந்தோறும் ஆட்டோ மின்னஞ்சல் மூலம் அனுப்பப்படும்",
               "schemeEligiiblity":"பயன்பாடு Android மற்றும் iOS இயங்குதளங்களில் கிடைக்கும். வலைத்தள பதிப்பு பயனர்களுக்கும் கிடைக்கிறது.",
               "schemeTargetGroup":"NIL",
               "schemeMiscDetails":"ஒருங்கிணைந்த ரயில்வே ஹெல்ப்லைன் 139 தற்போதுள்ள அனைத்து எண்களையும் எடுத்துக் கொள்ளும். “இனிமேல் ஜனவரி 1 முதல், ரயில்வே ஹெல்ப்லைன் எண்கள் 139 (ரயில் தொடர்பான விசாரணைகள்) மற்றும் 182 (பாதுகாப்பு தொடர்பானவை) ஆகியவை ரெயில் மடாட் பயன்பாட்டுடன் செயல்படும் ஒரே ஹெல்ப்லைன் எண்களாக இருக்கும்.",
               "schemeDepartments":"NIL"
            },
            {
               "schemeUiId":"M_0042_S_008",
               "schemeName":"ஸ்ரேஷ்டா",
               "schemeObj":"திருப்புமுனை கண்டுபிடிப்புகளுக்கான மேம்பட்ட ஆர் அன்ட் டி திறன்களை வளர்ப்பதன் மூலமும், தரமான சேவையை வழங்க ரயில்வேக்கு அதிகாரம் அளிப்பதன் மூலமும், ரயில்வே தொழில்நுட்பத்தில் உலகளாவிய தலைவராக இந்திய ரயில்வேயை உருவாக்குவது, இது விருப்பமான போக்குவரத்து முறையாக மாறும்.",
               "schemeDesc":"இந்தியாவில் வழிகாட்டப்பட்ட போக்குவரத்தில் நீண்டகால ஆராய்ச்சி மற்றும் மேம்பாட்டுக்கு வழிவகுக்கும் வகையில் ‘மூலோபாய தொழில்நுட்பம் மற்றும் முழுமையான முன்னேற்றத்திற்கான சிறப்பு ரயில்வே ஸ்தாபனம்- SRESTHA’ அமைப்பதாக ரயில்வே அமைச்சர் அறிவித்தார். இந்த அறிவிப்புக்குப் பிறகு, ரயில்வே அமைச்சர் டாக்டர் வி.கே. SRESTHA குறித்த கருத்துக் குறிப்பைத் தயாரிக்க “தொழில்நுட்பத்தை மேம்படுத்துவதற்கும், ரயில்வேயில் மேக் இன் இந்தியாவை மேம்படுத்துவதற்கும் நிபுணர்களின் ஆலோசனைக் குழுவின் தலைவர் சரஸ்வத்’ ’. குழு இந்த விஷயத்தில் தன்னை ஈடுபடுத்திக் கொண்டது மற்றும் பல ஆலோசனைகள், கள வருகைகள் மற்றும் தொழில்நுட்ப மதிப்புரைகள் மூலம் கருத்துக் குறிப்பைத் தயாரித்து ரயில்வே அமைச்சகத்திற்கு சமர்ப்பித்தது. SRESTHA ஐ அமைப்பதற்கான அமலாக்கத் திட்டம்: SRESTHA வழக்கத்திலிருந்து விலகிச் செல்ல வேண்டும் மற்றும் தெளிவான நோக்கம் இருந்தபோதிலும் ரயில் தொழில்நுட்பத் தலைமையை நழுவுவதற்கான படிப்பினைகளை செயல்படுத்த வேண்டும். எனவே, அதன் நிர்வாக அமைப்பு, பொறுப்புக்கூறல், மனிதவளக் கொள்கைகள் முதல் திட்டங்களைத் தேர்ந்தெடுப்பது, கூட்டாளர்கள் மற்றும் செயல்படுத்துவது வரை, ஈடுபாட்டின் புதிய விதிகள் தேவை. விரிவான திட்ட அறிக்கை (டிபிஆர்) ஸ்ரேஸ்டாவை அடைத்து அமைப்பதற்கான தயாரிப்பில் உள்ளது. பங்கு வடிவமைப்பு மற்றும் இயக்கவியல், தடங்கள், பாலங்கள் மற்றும் கட்டமைப்புகள், சென்சார்கள், கருவி மற்றும் கட்டுப்பாடு, சிக்னலிங் மற்றும் தொலைத்தொடர்பு, செயல்பாடுகள் மற்றும் சொத்து மேலாண்மை, புவி-தொழில்நுட்பம் பொறியியல், உலோகம் மற்றும் பொருள் அறிவியல், இயந்திரங்கள் மற்றும் எரிபொருள்கள், அதிவேக, ரோபாட்டிக்ஸ், நகர்ப்புற போக்குவரத்து தொழில்நுட்பங்கள் மற்றும் தளவாடங்கள் போன்றவற்றிற்கான சோதனை திறன். டாக்டர் வி.கே. உறுப்பினர் என்ஐடிஐ ஆயோக், சரஸ்வத், டிபிஆர் புதிதாக உருவாக்கப்பட்ட திட்ட மேலாண்மை பிரிவு (பிஎம்யூ) தயாரிக்கிறது, இது தற்போது ரெயில் பரேலியின் லக்னோ முகாம் அலுவலகமான ரயில் பயிற்சியாளர் தொழிற்சாலையில் தலைமையிடமாக உள்ளது. டிபிஆரை ஏற்றுக்கொண்டவுடன் புதிய அமைப்பு வடிவம் பெறும். அடுத்த நிதியாண்டில், SRESTHA இன் அரசியலமைப்பு தொடர்பான பணிகள் தொடங்கப்படும் என்று இலக்கு வைக்கப்பட்டுள்ளது.",
               "schemeEligiiblity":"NIL",
               "schemeTargetGroup":"பயணிகள் வசதிகளை மேம்படுத்துவதில் சமீபத்திய தொழில்நுட்பத்தைப் பயன்படுத்துவது புதிய கவனம் செலுத்தும் ஒரு முக்கிய பகுதியாகும்",
               "schemeMiscDetails":"NIL",
               "schemeDepartments":"NIL"
            },
            {
               "schemeUiId":"M_0042_S_009",
               "schemeName":"ரயில் சஹியோக் ’வலை போர்டல்",
               "schemeObj":"கார்ப்பரேட்டுகள் மற்றும் பொதுத்துறை நிறுவனங்களுக்கு சி.எஸ்.ஆர் நிதி மூலம் ரயில் நிலையங்களுக்கு அருகில் / அருகிலுள்ள வசதிகளை உருவாக்க பங்களிப்பதற்கான ஒரு தளத்தை வழங்க ரயில்வே மற்றும் நிலக்கரி அமைச்சர் ரெயில் சஹியோக் என்ற வலை போர்ட்டலை தொடங்கினார்.",
               "schemeDesc":"ரயில் சஹியோக் போர்ட்டல். இந்திய ரயில்வேயுடன் இணைந்து சமூக பொறுப்புணர்வு நடவடிக்கைகளுக்கு பங்களிப்பு செய்வதற்கான தனிநபர்கள் மற்றும் தனியார் மற்றும் பொது அமைப்பு உட்பட அனைவருக்கும் ஒரு தளமாக இந்த போர்டல் திட்டமிடப்பட்டுள்ளது. பங்களிப்பு செய்ய விரும்பும் நிறுவனங்கள் தங்கள் கோரிக்கைகளை பதிவு செய்வதன் மூலம் போர்ட்டலில் விருப்பத்தை காட்ட முடியும், அவை ரயில்வே அதிகாரிகளால் செயல்படுத்தப்படும். இந்த போர்டல் தொழில் / நிறுவனங்கள் / சங்கங்களுக்கு ரயில்வேயுடன் ஒத்துழைக்க ஒரு வாய்ப்பை வழங்கும். தனிநபர்கள், தனியார் நிறுவனங்களுக்கு ரயில்வேயில் திட்டங்களை செயல்படுத்த சுதந்திரம் உள்ளது. இந்த ஒத்துழைப்பின் மூலம் நல்ல தரமான சொத்துக்களை உருவாக்குவதை உறுதி செய்வதில் முக்கிய கவனம் செலுத்தப்படுகிறது. ரயில்வேயில் சி.எஸ்.ஆர் நிதியளிக்கப்பட்ட நடவடிக்கைகள்: குறைந்த விலையில் சானிட்டரி பேட் விற்பனை இயந்திரம் மற்றும் பெண் கழிப்பறைகளில் எரியூட்டல் மற்றும் ஆண் கழிப்பறைகளில் கருத்தடை விற்பனை இயந்திரம் மற்றும் ஆரம்ப ஓராண்டு பராமரிப்பு ஆகியவற்றுடன் அனைத்து நிலையங்களின் சுற்றிலும் கழிப்பறைகளை அமைத்தல். ஹாட்ஸ்பாட்களை அமைப்பதன் மூலம் நிலையங்களில் இலவச வைஃபை வழங்குதல். மூத்த குடிமக்கள் / ஊனமுற்றோருக்கான வசதியாக நிலைய மேடைகளில் பெஞ்சுகளை வழங்குதல். சுற்றுச்சூழல் நிலைத்தன்மையை உறுதி செய்வதற்காக 2175 முக்கிய நிலையங்களில் பாட்டில் நசுக்குதல் இயந்திரங்கள். ஸ்வச் பாரதத்திற்கான அனைத்து நிலையங்களிலும் உள்ள டஸ்ட்பின்கள் சுற்றிலும் குப்பைகளைத் தடுக்க உதவும். ஈரமான / உலர்ந்த கழிவுகளுக்கு தனி டஸ்ட்பின்கள் நிலையம் மற்றும் தளங்களின் புழக்கத்தில் வழங்கப்பட வேண்டும்.",
               "schemeEligiiblity":"NIL",
               "schemeTargetGroup":"டாடா டிரஸ்ட் 4,791 நிலையங்களில் வைஃபை வசதி அளிக்கிறது. கோல் இந்தியா லிமிடெட் மற்றும் அதன் துணை நிறுவனங்கள் போன்ற நிறுவனங்களின் சமூக பொறுப்புணர்வு ஆதரவு மூலம் நிலையங்களின் சுற்றுவட்டாரப் பகுதிகளில் 2,400 கழிப்பறைகளை உருவாக்குதல்; என்.எல்.சி; ஐ.ஆர்.எஃப்.சி; CONCOR மற்றும் PGCIL. பொது காப்பீட்டுக் கழகத்தால் ரயில் நிலையங்களில் 5,000 ஸ்டீல் பெஞ்சுகள்.",
               "schemeMiscDetails":"நிலையங்களில் இலவச வைஃபை வழங்குதல்: ஒரு நிலையத்திற்கு மறுசீரமைப்பதற்கான தோராயமான செலவு ரூ .10.30- 12.30 லட்சம். நிலைய மேடைகளில் பெஞ்சுகள் வழங்குதல்: ஒவ்வொரு செட்டிற்கும் தோராயமான செலவு ரூ. 17,500 முதல் ரூ. 47,500. சுற்றுச்சூழல் நிலைத்தன்மையை உறுதி செய்வதற்காக 2175 முக்கிய நிலையங்களில் பாட்டில் நசுக்கும் இயந்திரங்களை நிறுவுவது மற்றொரு செயலாகும். ரயில்வே பயணிகள் அப்புறப்படுத்திய வெற்று பிளாஸ்டிக் பாட்டில்கள் பிளாஸ்டிக் மாசுபாட்டை நிர்வகிக்க இந்த இயந்திரங்களில் நசுக்கப்படும். இதற்கான செலவு சுமார் ரூ. 3.5 லட்சம் முதல் ரூ. 4.5 லட்சம். கடைசியாக, அனைத்து நிலையங்களிலும் டஸ்ட்பின்கள் நிறுவப்படும். ஈரமான மற்றும் உலர்ந்த குப்பைகளுக்கு தனித்தனி டஸ்ட்பின்கள் நிலையங்கள் மற்றும் தளங்களில் புழக்கத்தில் இருக்கும் பகுதியில் வழங்கப்படும், இதன் தோராயமான செலவு ரூ. 4500.",
               "schemeDepartments":"NIL"
            },
            {
               "schemeUiId":"M_0042_S_0010",
               "schemeName":"விகல்ப் திட்டம்",
               "schemeObj":"விகல்ப் திட்டம் அனைத்து முக்கிய வழித்தடங்களிலும் பல பிரதான ரயில்களில் காலியாக உள்ள பெர்த்த்களைப் பயன்படுத்துவதை நோக்கமாகக் கொண்டுள்ளது. டெல்லி-லக்னோ மற்றும் டெல்லி-ஜம்மு துறையில் மட்டுமே பைலட் அடிப்படையில் இந்த திட்டம் தொடங்கப்படுகிறது. ஒரே வகை அஞ்சல் / எக்ஸ்பிரஸ் ரயில்களில் மட்டுமே இந்த திட்டம் செயல்படுத்தப்படுகிறது.",
               "schemeDesc":"ஏப்ரல் 1, 2017 முதல் 'விகல்ப்' அல்லது மாற்று ரயில் விடுதி திட்டம் (ஏ.டி.ஏ.எஸ்) எனப்படும் புதிய இடஒதுக்கீடு முறையை அளவிடுவதாக ரயில்வே அமைச்சகம் அறிவித்துள்ளது. விகல்ப் பற்றிய விவரங்கள்: 1) விகல்ப் திட்டம் ஆரம்பத்தில் மின்-க்கு கிடைக்கும் டிக்கெட் மட்டுமே. 2) இந்த திட்டத்தின் கீழ், காத்திருப்பு-பட்டியலிடப்பட்ட பயணிகளுக்கு விகல்ப் திட்டத்தைத் தேர்வுசெய்ய தேர்வு வழங்கப்படும். 3) தரவரிசைக்குப் பிறகு முழுமையாக காத்திருப்போர் பட்டியலில் இருக்கும் விகல்ப்-தேர்ந்தெடுக்கப்பட்ட பயணிகள் மாற்று ரயிலில் ஒதுக்கப்படுவதற்கு மட்டுமே கருதப்படுவார்கள். 4) பயணிகளிடமிருந்து கூடுதல் கட்டணங்கள் எடுக்கப்படமாட்டாது அல்லது கட்டண வேறுபாட்டிற்கு எந்தவொரு பணமும் திரும்பப் பெறப்படாது. 5) ஒரு முறை மாற்று ரயிலில் மாற்று விடுதிகளை வழங்கிய பயணிகள் மாற்று ரயிலில் சாதாரண பயணிகளாக கருதப்படுவார்கள் மற்றும் மேம்படுத்த தகுதியுடையவர்கள். 6) விகல்ப் திட்டம் அனைத்து ரயில்களிலும் பெர்த் பயன்பாட்டை மேம்படுத்தும். 7) விகல்ப் திட்டத்தைத் தேர்வுசெய்யும் காத்திருப்பு-பட்டியலிடப்பட்ட பயணிகள் தரவரிசைக்குப் பிறகு பி.என்.ஆர் நிலையை சரிபார்க்க வேண்டும். 8) மாற்று தங்குமிடம் ஒதுக்கப்பட்டால் அசல் ரயிலின் காத்திருப்பு-பட்டியலிடப்பட்ட பயணிகள் அசல் ரயிலில் ஏற அனுமதிக்கப்பட மாட்டார்கள். 9) மாற்று ரயிலில் தங்குமிடம் வழங்கப்பட்ட விகல்ப் தேர்வு செய்யப்பட்ட பயணிகள் தங்களின் அசல் ரயிலின் காத்திருப்பு-பட்டியலிடப்பட்ட அட்டவணையில் இடம் பெற மாட்டார்கள். 10) ஒரு விகல்ப் தேர்ந்தெடுக்கப்பட்ட பயணி ரத்து செய்யத் தேர்வுசெய்தால், அவருக்கு / அவளுக்கு மாற்று தங்குமிடம் வழங்கப்பட்ட பின்னர், அவன் / அவள் உறுதிப்படுத்தப்பட்ட பயணிகளாகக் கருதப்படுவார்கள், அதன்படி ரத்துசெய்யும் விதிகள் பொருந்தும்.",
               "schemeEligiiblity":"முன்பதிவு ஒதுக்கீடு மற்றும் சலுகையைப் பொருட்படுத்தாமல் அனைத்து காத்திருப்பு பட்டியல் பயணிகளுக்கும் இந்த திட்டம் பொருந்தும். பைலட் கட்டத்தில், டெல்லி-லக்னோ மற்றும் டெல்லி-ஜம்மு துறையில் மட்டுமே முன் நியமிக்கப்பட்ட சில ரயில்களில் இந்த திட்டம் கிடைக்கும்.",
               "schemeTargetGroup":"NIL",
               "schemeMiscDetails":"VIKALP தேர்வுசெய்த பயணி அவருக்கு மாற்று தங்குமிடம் வழங்கப்பட்ட பின்னர் ரத்து செய்ய விரும்பினால், அவர் உறுதிப்படுத்தப்பட்ட பயணிகளாக கருதப்படுவார், அதன்படி ரத்துசெய்யும் விதிகள் பொருந்தும்.",
               "schemeDepartments":"NIL"
            },
            {
               "schemeUiId":"M_0042_S_0011",
               "schemeName":"நிவாரன் குறை தீர்க்கும் போர்டல்",
               "schemeObj":"‘நிவாரன்’- என்ற ஆன்லைன் போர்ட்டலின் கீழ் ஒரு ரயில்வே பணியாளர்கள் தனது குறைகளை ஆன்லைனில் சமர்ப்பிக்க முடியும், மேலும் குறைகளைத் தீர்ப்பதில் அல்லது அகற்றுவதில் முன்னேற்றத்தைக் கண்காணிக்க முடியும். அதிகாரத்தின் ஒரு குறிப்பிட்ட முடிவுக்கு எதிராக மேல்முறையீடு செய்வதற்கான ஏற்பாடும் போர்ட்டலில் இருக்கும்.",
               "schemeDesc":"புது தில்லியின் ரெயில் பவனில் நடைபெற்ற விழாவில் இதை மத்திய ரயில்வே அமைச்சர் சுரேஷ் பிரபு தொடங்கினார். நிவரன் போர்டல் என்பது ஒரு ஆன்லைன் அமைப்பாகும், இது ஊழியர்களின் குறைகளை தெரிவிக்க உதவுவதோடு முன்னேற்றத்தையும் கண்காணிக்கிறது. இந்த முடிவு திருப்திகரமாக இல்லாவிட்டால், உயர் அதிகாரியிடம் முறையீடு செய்வதற்கு இந்திய ரயில்வே வசதியின் ஊழியர்களுக்கு இந்த அமைப்பு உதவும். இந்த முறையின் மூலம் கள அலுவலகங்களால் குறை தீர்க்கும் முன்னேற்றத்தை மிக உயர்ந்த கட்டுப்பாட்டு அதிகாரிகள் கண்காணிக்க முடியும். ரயில்வே வாரியத்தின் ஸ்தாபன இயக்குநரகம் வடிவமைத்த செயல்முறையின் அடிப்படையில் இந்திய ரயில்வேயின் தகவல் தொழில்நுட்பக் குழுவான CRIS (ரயில்வே தகவல் அமைப்புகளுக்கான மையம்) இதை உருவாக்கியுள்ளது. சேவை தொடர்பான குறைகளை நிவர்த்தி செய்வதற்கான இந்த ஆன்லைன் அமைப்பு, மத்திய ரயில்வே அமைச்சகத்தின் மனிதவளத்தின் முக்கியத்துவத்தை வலியுறுத்துவதற்கு உதவும். இந்திய ரயில்வே நாட்டின் மிகப் பெரிய சிவில் முதலாளியாகும், மேலும் 1.3 மில்லியனுக்கும் அதிகமான மக்களைக் கொண்டுள்ளது. தனிப்பட்ட பதிவு எண்ணைப் பயன்படுத்தி நபர் குறைகளின் நிலையை அறிய முடியும். வெவ்வேறு அதிகாரிகளின் குறைகளின் மீது எடுக்கப்பட்ட நடவடிக்கையைப் பார்ப்பதோடு, அவதானிப்பு / நினைவூட்டல் செய்ய நபர் தலையிடலாம். விதிவிலக்கான காரணங்களுக்காக இல்லாவிட்டால், குறைகளை தீர்ப்பதற்கு பதிவு செய்யப்பட்ட நாளிலிருந்து 60 நாட்கள் கால அவகாசத்தை நிர்வாகம் நிர்ணயித்துள்ளது.",
               "schemeEligiiblity":"குறைகளைத் தெரிவிக்க விரும்பும் ஒருவர் பயனராக பதிவு செய்து உள்நுழைவு / பயனர் ஐடி மற்றும் கடவுச்சொல்லைப் பெற வேண்டும். பதிவு / பயனர் ஐடியைப் பெற்ற பிறகு, நபர் குறிப்பிட்ட வடிவமைப்பின் படி குறைகளை பதிவு செய்யலாம். வெற்றிகரமாக முடிந்ததும் கணினி ஒரு தனிப்பட்ட பதிவு எண்ணை உருவாக்கும். எதிர்காலத்தில் கணினியை அணுக தனிப்பட்ட பதிவு எண்ணை தக்க வைத்துக் கொள்ள வேண்டும்.",
               "schemeTargetGroup":"NIL",
               "schemeMiscDetails":"ஆன்லைன் போர்டல் 'நிவாரன்' - இது சுமார் 13.26 லட்சம் சேவை மற்றும் 13.79 லட்சம் ஓய்வு பெற்ற ரயில்வே ஊழியர்களுக்கு ஸ்தாபன இயக்குநரகம் வடிவமைத்த செயல்முறையின் அடிப்படையில் இந்திய ரயில்வேயின் தகவல் தொழில்நுட்பக் குழுவான CRIS ஆல் உருவாக்கப்பட்டுள்ளது. ரயில்வே வாரியத்தின் ஊழியர்கள் மற்றும் கணினிமயமாக்கல் மற்றும் தகவல் அமைப்பு இயக்குநரகத்தின் தொழில்நுட்ப வழிகாட்டுதல்களைக் கையாளும்.",
               "schemeDepartments":"NIL"
            },
            {
               "schemeUiId":"M_0042_S_0012",
               "schemeName":"ஸ்மார்ட் சரக்கு செயல்பாட்டு உகப்பாக்கம் மற்றும் நிகழ் நேர தகவல் (SFOORTI) பயன்பாடு",
               "schemeObj":"இந்த பயன்பாட்டின் மூலம், புவியியல் தகவல் அமைப்பு (ஜிஐஎஸ்) பார்வையில் சரக்கு ரயில்களின் இயக்கத்தைக் கண்காணிக்க முடியும். பயணிகள் மற்றும் சரக்கு ரயில்கள் இரண்டையும் ஒற்றை ஜி.ஐ.எஸ் பார்வையில் மண்டலங்கள் / பிரிவுகள் / பிரிவுகளில் கண்காணிக்க முடியும். சரக்கு வணிகத்தை கண்காணிக்க முடியும்.",
               "schemeDesc":"போக்குவரத்து ஓட்டங்களைத் திட்டமிடவும், சரக்கு நடவடிக்கைகளை மேம்படுத்தவும் உதவும் ஒரு பெரிய டிஜிட்டல் முயற்சியில், ரயில்வே ஒரு புதிய பயன்பாட்டை அறிமுகப்படுத்தியுள்ளது. சரக்கு மேலாளர்களுக்கான ஸ்மார்ட் சரக்கு செயல்பாட்டு உகப்பாக்கம் மற்றும் நிகழ்நேர தகவல் (SFOORTI) பயன்பாடு புவியியல் தகவல் அமைப்பு (ஜிஐஎஸ்) காட்சிகள் மற்றும் டாஷ்போர்டைப் பயன்படுத்தி சரக்கு வணிகத்தை கண்காணிக்கவும் நிர்வகிக்கவும் அம்சங்களை வழங்குகிறது. அம்சங்கள்: இந்த பயன்பாட்டின் மூலம், புவியியல் தகவல் அமைப்பு (ஜிஐஎஸ்) பார்வையில் சரக்கு ரயில்களின் இயக்கத்தைக் கண்காணிக்க முடியும். பயணிகள் மற்றும் சரக்கு ரயில்கள் இரண்டையும் ஒற்றை ஜி.ஐ.எஸ் பார்வையில் மண்டலங்கள் / பிரிவுகள் / பிரிவுகளில் கண்காணிக்க முடியும். சரக்கு வணிகத்தை கண்காணிக்க முடியும். மண்டல / பிரதேச போக்குவரத்தின் ஒப்பீட்டு பகுப்பாய்வு. கைப்பற்றப்பட்ட புதிய போக்குவரத்து மற்றும் போக்குவரத்து இழப்பு பற்றிய பகுப்பாய்வு. இந்த பயன்பாடு ஒரே சாளரத்தில் அனைத்து சரக்கு சொத்துக்களின் பறவைக் காட்சியை வழங்குகிறது. புவியியல் பார்வையில் ரேக் இயக்கத்தை முடிவுக்கு முடிவுக்கு வழங்குகிறது. தினசரி செயல்திறனை மதிப்பிடுவதற்கு இன்டர்சேஞ்ச் புள்ளிகளில் எதிர்பார்க்கப்படும் போக்குவரத்தைக் காணலாம். ஒவ்வொரு மண்டலத்தின் செயல்திறன் மற்றும் சரக்கு சொத்துக்களை ஏற்றுதல் மற்றும் பயன்படுத்துதல் தொடர்பான பிரிவுகளைக் காணலாம். பிரிவுகள், பிரிவுகள் மற்றும் மண்டலங்களுக்கான பிரிவு செயல்திறன் கண்காணிப்பு போக்குவரத்து வழித்தடத்திற்கு உதவும். சரக்கு முனையம் மற்றும் பக்கவாட்டுகளை சிறப்பாக கண்காணிக்க முடியும். நாட்டின் பொருளாதார மற்றும் தொழில்துறை முன்னேற்றத்திற்கு ரயில் சரக்கு போக்குவரத்து மிக முக்கியமானது. இந்திய ரயில்வேயின் முக்கிய வருவாய் ஆதாரமாக சரக்கு போக்குவரத்து உள்ளது. இந்திய ரயில்வே தினசரி இயங்கும் 13000 ரயில்களில் மூன்றில் ஒரு பங்கு மட்டுமே சரக்கு ரயில்கள், ஆனால் அவை ரயில்வேயின் மொத்த வருவாயில் 65% ஆகும்.",
               "schemeEligiiblity":"NIL",
               "schemeTargetGroup":"NIL",
               "schemeMiscDetails":"ஒரு தனி வளர்ச்சியின் ஒரு பகுதியாக, இந்திய ரயில்வே ஆப்டிகல் கேரக்டர் ரெக்னிகிஷன் (ஓ.சி.ஆர்) கியோஸ்க் மெஷின்களை அமைத்துள்ளது, இது பயணிகளுக்கு யுடிஎஸ் பயன்பாடு வழியாக முன்பதிவு செய்யப்பட்ட டிக்கெட்டுகளை அச்சிட அனுமதிக்கும். பயணிகள் தங்கள் செல்போன்களின் திரையை வைப்பதன் மூலமும், டிக்கெட்டின் எஸ்எம்எஸ் ஐ OCR கியோஸ்க் இயந்திரத்தின் தேர்ந்தெடுக்கப்பட்ட ஸ்லாட்டில் காண்பிப்பதன் மூலமும் அச்சிடப்பட்ட டிக்கெட்டுகளைப் பெற அனுமதிக்கும் வகையில் இந்த வசதி வடிவமைக்கப்பட்டுள்ளது.",
               "schemeDepartments":"NIL"
            },
            {
               "schemeUiId":"M_0042_S_0013",
               "schemeName":"திட்டம் சக்ஷம்",
               "schemeObj":"இந்திய ரயில்வேயின் 13 லட்சம் பணியாளர்களின் திறன்களை ஒன்பது மாத கால இடைவெளியில் ஒற்றை இயக்கி மூலம் மேம்படுத்த திட்டத்தை சாக்ஷம் நோக்கமாகக் கொண்டுள்ளது. இது 2018 ஜனவரியில் தொடங்கி செப்டம்பர் 2018 வரை தொடரும்.",
               "schemeDesc":"இந்திய ரயில்வே தனது ஊழியர்களின் செயல்திறனை அதிகரிப்பதற்காக நாட்டின் மிகப் பெரிய நேர அளவிலான “மேம்பாட்டு” பயிற்சியான திட்ட சக்ஷத்தை அறிமுகப்படுத்தியுள்ளது. ரயில்வே ஊழியர்களின் பணி பகுதிக்கு பொருத்தமான திறன்கள் மற்றும் அறிவு குறித்த ஒரு வார பயிற்சி அடுத்த ஒரு வருடத்தில் வழங்கப்படும். ரயில்வே வாரியத்தின் தலைவர் அஸ்வானி லோகானியிடமிருந்து இது தொடர்பான தகவல் தொடர்பு, ரயில்வே மற்றும் ரயில்வே உற்பத்தி பிரிவின் அனைத்து பொது மேலாளர்களுக்கும் அனுப்பப்பட்டுள்ளது. பொது மேலாளர்கள் அந்தந்த மண்டலத்தின் தேவைகளின் அடிப்படையில் பணியாளர்களை வகைப்படுத்துவார்கள். 'ப்ராஜெக்ட் சாக்ஷாம்' இன் கீழ், ஒவ்வொரு மண்டலத்திலும் உள்ள அனைத்து ஊழியர்களுக்கும் அடுத்த ஒரு வருடத்திற்கும் மேலாக அவர்களின் பணி பகுதிக்கு பொருத்தமான திறன்கள் மற்றும் அறிவு குறித்த ஒரு வாரம் பயிற்சி அளிக்கப்படும். பொது மேலாளர்கள் அந்தந்த மண்டலத்தின் தேவைகளின் அடிப்படையில் ஒவ்வொரு வகை ஊழியர்களுக்கும் பயிற்சி தேவைக்கு முன்னுரிமை அளிப்பார்கள். பயிற்சி தேவைகளை அடையாளம் காண்பது மற்றும் திட்டமிடப்பட்ட பயிற்சி காலெண்டரை உருவாக்குவது 31 டிசம்பர் 2017 க்குள் நிறைவடையும், இது ஒவ்வொரு ஊழியருக்கும் பயிற்சி அளிக்கப்படுவதை உறுதி செய்கிறது. வளர்ந்து வரும் ரயில் நெட்வொர்க், புதிய ரயில்கள், இந்திய ரயில்வே வடிவமைத்த பல்வேறு உயர்தர சேவைகள் ஆகியவற்றால், ரயில்வே ஊழியர்கள் உயர்ந்த மற்றும் பாதுகாப்பான ரயில் சேவைகளை வழங்க சரியான பயிற்சி பெற வேண்டியது அவசியம். இந்த பயிற்சி பயிற்சியின் தன்மையைப் பொறுத்து ரயில்வே பயிற்சி மையத்தில் வேலை பயிற்சி அல்லது வகுப்பறை பயிற்சியில் இருக்கும். பயிற்சியினைப் பெறும் ஊழியர்களின் அறிக்கையிடல் மேலாளர்கள், பயிற்சியின் நன்மைகள் வேலை செயல்திறனைப் பிரதிபலிப்பதை உறுதி செய்வதற்கு முன் பயிற்சி மற்றும் பிந்தைய பயிற்சி செயல்பாட்டில் தீவிரமாக ஈடுபடுவார்கள். பயிற்சி 9 மாதங்களுக்குள் முடிக்கப்படும், மேலும் ஒவ்வொரு மண்டலமும் திட்ட சாக்ஷத்தின் தாக்கத்தை கண்காணிக்க சில அளவீடுகளை உருவாக்கும். இந்த பயிற்சி ஒவ்வொரு ஊழியர்களின் திறமையையும் மேம்படுத்துவதோடு மட்டுமல்லாமல், இந்திய ரயில்வேயின் செயல்திறனை மேம்படுத்துவதில் நீண்ட தூரம் செல்லும்.",
               "schemeEligiiblity":"ஒவ்வொரு மண்டலத்திலும் உள்ள அனைத்து ஊழியர்களும் அடுத்த ஒரு வருடத்தில் அவர்களின் பணி பகுதிக்கு பொருத்தமான திறன்கள் மற்றும் அறிவு குறித்த ஒரு வார பயிற்சி மூலம் வழங்கப்படுவார்கள்.",
               "schemeTargetGroup":"இதுபோன்ற அனைத்துப் பயிற்சியின் மையமும் அனைத்துத் துறைகள் மற்றும் ஊழியர்களின் வேலை செயல்திறனுக்கு ‘ஒரு வித்தியாசத்தை’ ஏற்படுத்துவதாகும்.",
               "schemeMiscDetails":"இவ்வாறு அனைத்து தரவரிசை மற்றும் கோப்புகளின் அதிகாரிகளுக்கும் சுமார் 2 லட்சம் பயிற்சி நாட்கள் திட்டமிடப்பட்டுள்ளன. தென்மேற்கு ரயில்வேயில் சக்ஷம் திட்டத்தின் குறிச்சொல் “சாக்ஷாம் வழியாக சிறந்தது”. மேலும், கற்றல் வளங்களுக்கான ரயில்வே பணிகளின் மின் இணைப்புகளும் திறந்து வைக்கப்பட்டன. இந்த சந்தர்ப்பத்தில் கற்றலை ஏற்றுக்கொள்வதற்கான பல்வேறு புதுமையான வழிகள் முறையாக வலியுறுத்தப்பட்டன",
               "schemeDepartments":"NIL"
            },
            {
               "schemeUiId":"M_0042_S_0014",
               "schemeName":"திட்டம் ஸ்வர்ன்",
               "schemeObj":"பயிற்சியாளர் உட்புறங்கள், கழிப்பறைகள், உள் தூய்மை, ஊழியர்களின் நடத்தை, கேட்டரிங், கைத்தறி, சரியான நேரத்தில், பாதுகாப்பு, போர்டு பொழுதுபோக்கு உள்ளிட்ட 9 பரிமாணங்களில் பயணிகளின் அனுபவத்தை கணிசமாக மேம்படுத்தும் நோக்கில் திட்ட ஸ்வர்னை தொடங்க ரயில்வே அமைச்சகம் முடிவு செய்துள்ளது. திட்ட ஸ்வரனின் ஒரு பகுதியாக நிகழ்நேர பின்னூட்டங்களும் எடுக்கப்படும்.",
               "schemeDesc":"பயணிகளின் அனுபவத்தை மேம்படுத்துவதற்காக பிரீமியம் ராஜதானி மற்றும் சதாப்தி ரயில்களை ‘ஸ்வர்ணா’ திட்டத்தின் கீழ் மேம்படுத்த ரயில்வே முடிவு செய்துள்ளதாக ரயில்வே அமைச்சகம் அறிவித்தது. மேம்பட்ட பயணிகள் வசதிகள், அழகியல் மற்றும் சுகாதாரத் தரங்களுடன், நாட்டின் முதல் ஸ்வர்ன் ராஜதானி (ரயில் எண் 12313 புது தில்லி - சீல்தா ராஜதானி எக்ஸ்பிரஸ்) புதுதில்லியில் தொடங்கப்பட்டது. திட்டத்தின் சில முக்கிய அம்சங்கள்: ரயில்வே அமைச்சின் கூற்றுப்படி, திட்ட ஸ்வர்ணா ராஜதானி மற்றும் சதாப்டி ஆகியவற்றில் மேம்பட்ட பயணிகள் அனுபவங்களை வழங்கும், அவை அடிப்படையில் உள்துறை, கழிப்பறைகள், தூய்மை, கேட்டரிங், கைத்தறி, ஊழியர்களின் நடத்தை, பாதுகாப்பு, பொழுதுபோக்கு மற்றும் 10 பரிமாணங்களில் செயல்படும். நிகழ்நேர கருத்து. மொத்தத்தில், 14 ராஜதானி மற்றும் 15 சதாப்தி ரயில்கள் இயக்கப்படும். இந்திய ரயில்வே திட்ட ஸ்வர்ணாவுக்கு ஒன்பது அணிகள் அமைக்கப்பட்டுள்ளன. இரு அணிகளிலும் இரண்டு ரயில்வே வாரிய அதிகாரிகள் உள்ளனர், அவர்கள் பணி வளர்ச்சியைக் கண்காணிப்பார்கள். ப்ராஜெக்ட் ஸ்வர்ணாவின் (புது தில்லி-சீல்தா) கீழ் புதுப்பிக்கப்பட்ட முதல் ராஜதானி, எல்.ஈ.டி விளக்குகள், பெர்த்தின் சிக்கல் இல்லாத அடையாளங்களுக்கான இரவு அடையாளங்கள், சி.சி.டி.வி கேமராக்கள், கழிப்பறைகளில் ஆட்டோ ஜானிட்டர் அமைப்புகள் மற்றும் மேம்பட்ட சோப்பு விநியோகிப்பாளர்களுடன் துருப்பிடிக்காத ஸ்டீல் வாஷ் பேசின்கள் ஆகியவற்றைக் கொண்டிருந்தது. ராஜதானி ரயில்களில் முதல் ஏசி பயணிகளுக்கு இரண்டு வெவ்வேறு வண்ண போர்வைகள் வழங்கப்பட்டு, மேல் பெர்த்திற்கு எளிதில் அணுக ஏணிகளில் கட்டப்பட்டுள்ளன. இந்திய ரயில்வே செயல்படுத்தும் இந்த விஷயங்கள் அனைத்தும் நிச்சயமாக ஒரு மென்மையான மற்றும் பிரச்சனையற்ற பயண அனுபவத்தை வழங்கும்.",
               "schemeEligiiblity":"NIL",
               "schemeTargetGroup":"அக்டோபரிலிருந்து தொடங்கும் பண்டிகை காலத்தை இலக்காகக் கொண்டு, பயிற்சியாளர் உட்புறங்களை புதுப்பிப்பதற்கும், கழிப்பறைகளை மேம்படுத்துவதற்கும், பயிற்சியாளர்களில் தூய்மை செய்வதற்கும் ரயில்வே ப்ராஜெக்ட் ஸ்வர்ன் (தங்கம்) கீழ் மூன்று மாத திட்டத்தை அறிமுகப்படுத்தியுள்ளது.",
               "schemeMiscDetails":"ரயில்களை ஸ்வர்ன் ஸ்டாண்டர்டுக்கு மேம்படுத்த ரெயில்வே ஒன்றுக்கு 50 லட்சம் வரை செலவிட அனுமதிக்கப்பட்டுள்ளது. ஒரு பயிற்சியாளருக்கு ரூ .2 லட்சத்திற்கும் குறைவாக மொழிபெயர்க்கப்பட்ட இந்த ரேக்கில் சுமார் ரூ .35 லட்சம் செலவாகியுள்ளது.",
               "schemeDepartments":"NIL"
            },
         ]
      },
         ]
      },
   