{
   "ListOfMinistries":[
      {
         "ministryId":1,
         "ministryName":"Ministry of Railways",
         "ministrySchemesList":[
            {
               "schemeUiId":"M_0042_S_001",
               "schemeName":"Avataran",
               "schemeObj":"Avataran is an umbrella program consists of 7 missions. In the Railway Budget 2016-17, Mission Zero Accident was one of the Missions announced under umbrella mission Avataran.",
               "schemeDesc":"In the Railway Budget 2016-17, the Railway Minister Suresh Prabhu has announced 7 activities to be conducted in mission mode under the umbrella of “Avataran”. These missions are as follows: (i)Mission 25 Tonne – It aims to increase revenue by augmenting carrying capacity.(ii)Mission Zero Accident – It comprises of two sub missions such as Elimination of unmanned level crossings on broad Gauge in the next 3-4 years and Equipping 100% of the High Density Network with Train Collision Avoidance System (TCAS).(iii)Mission PACE (Procurement and Consumption Efficiency) – It aims to improve procurement and consumption practices to improve the quality of goods and services.(iv)Mission Raftaar – It targets doubling of average speeds of freights trains and increasing the average speed of super fast mail/express trains by 25 kmph in the next 5 years. It will complement Mission 25 Tonne to increase throughput of the railway system.(v)Mission Hundred – Under this mission, at least a hundred sidings will be commissioned in the next 2 years. Siding refers to low-speed track section / track branch distinct from a running line. (vi)Mission beyond book-keeping – It will establish an accounting system where outcomes can be tracked to inputs.(vii)Mission Capacity Utilisation – It proposes to prepare a blueprint for making full use of the huge new capacity that will be created through two Dedicated Freight Corridors between Delhi-Mumbai and Delhi-Kolkata scheduled to be commissioned by 2019.",
               "schemeEligiiblity":"NIL",
               "schemeTargetGroup":"NIL",
               "schemeMiscDetails":"NIL",
               "schemeDepartments":"NIL"
            },
           {
               "schemeUiId":"M_0042_S_002",
               "schemeName":"Yatri Mitra Sewa",
               "schemeObj":"The facility of Yatri Mitra Sewa is being provided at major railway stations for enabling passengers viz. differently-abled, ailing and old aged persons to book wheel chair services cum porter services. The responsibility of providing Yatri Mitra Sewa has been entrusted to Indian Railway Catering and Tourism Corporation (IRCTC). ",
               "schemeDesc":"Indian Railways has launched launched ‘Yatri Mitra Sewa’ in a move to make rail travel comfortable for elderly, differently-abled and ailing travellers. Yatri Mitra or Passenger Friend service can be an assistant or any other person nominated for the purpose. The service will be available at major railway stations across the country. It can be availed at the time of online booking of tickets by calling or messaging 139 or by simply dialling a dedicated mobile phone number to be activated for the purpose. Passengers can also access the Mobile app to avail the service in the future. The App will be developed by the Centre for Railway Information Systems (CRIS). Once the service is booked, the IRCTC will ensure the Yatri Mitra receive the passenger at the entrance of the station and help in boarding the train safely. The assistant will also be available at the coach when the passenger arrives at the designated railway station.",
               "schemeEligiiblity":"Differently-abled, sick and senior citizens travelling by Indian Railways will soon be able to book Yatri Mitra Sewa, a porter-cum-wheelchair service, by SMS, phone call, or over the web.",
               "schemeTargetGroup":"This scheme will help to wheelchairs, battery operated cars and porter services elderly, differently-abled and ailing travellers.",
               "schemeMiscDetails":"However, if this service can't be provided 'free of cost' due to lack of response from NGOs, charitable trust, PSUs etc, IRCTC may arrange this service on payment basis through a service provider or on its own.",
               "schemeDepartments":"NIL"
            },
            {
               "schemeUiId":"M_0042_S_003",
               "schemeName":"Mission Satya Nishta",
               "schemeObj":"To train every employee to understand the need and value of ethics in personal and public life. To deal with ethical dilemmas in life and public governance. To help understand the policies of Indian Railways on ethics and integrity and the employee’s role in upholding the same. To develop inner governance through tapping inner resources.",
               "schemeDesc":"The Indian Railways launched ‘Mission Satyanishtha’ and a programme on Ethics in Public Governance, in a first-of-its-kind event, at a day-long function held at National Rail Museum, New Delhi on July 27, 2018. Mission Satyanishtha aims at sensitizing all railway employees about need to adhere to good ethics & to maintain high standards of integrity at work. Min. standards of conduct & integrity to be compiled by all public sector bodies & employees are expressed in following principles: Personal Integrity: To act w/care & diligence & make decisions that are honest, fair, impartial & timely; & consider all relevant information. Relationship w/others: To treat people w/respect, courtesy, & sensitivity; & recognize their interests, rights, safety, & welfare. Accountability: To use resources of state in responsible & accountable manner that ensures efficient, effective & appropriate use of human, natural, financial & physical resources, property & information.",
               "schemeEligiiblity":"NIL",
               "schemeTargetGroup":"NIL",
               "schemeMiscDetails":"NIL",
               "schemeDepartments":"NIL"
            },
            {
               "schemeUiId":"M_0042_S_004",
               "schemeName":"Rashtriya Rail Sanraksha Kosh",
               "schemeObj":"Fundamental purpose of creating RRSK is to ensure funds for implementing Safety works on Railways.",
               "schemeDesc":"It has been set up on the recommendations of a high-level safety review committee under Dr. Anil Kakodkar. The Ministry of Railways may ask the Finance Ministry to fund its share of the railway safety fund that is, Rashtriya Rail Sanraksha Kosh (RRSK) this year as the public utility is has an earnings shortfall of at least ₹10,000 crore in 2017-18. The actual income of the Indian Railways was 8.45% lower than the targeted earnings. Although the Railways’ passenger and goods earnings had increased this year compared with the last year, its sundry earnings had declined sharply by during this period. Income from non-fare revenues, including land lease, advertising, PSU dividends and catering department, form part of the sundry earnings. Rashtriya Rail Sanraksha Kosh- The Safety Fund : Finance Minister had announced the setting up a special safety fund with a corpus of more than ₹1 lakh crore over a period of five years in Budget 2017-18. In the first six months of the current financial year, the Indian Railways had utilised a quarter of the safety fund. The Finance Ministry advised the Ministry of Railways to prioritise deploying RRSK funds on areas that reduce chances of human error and ensure training of safety staff. The rail ministry has set up a six-member committee headed by the executive director of the planning directorate to prepare a blueprint for the scheme, including sources of the fund and areas in which it will be utilised. One of the major projects envisaged under the proposed RRSK is elimination of unmanned level crossings and replacing the old signalling and telecom infrastructure which are responsible for more than a half of train accidents.",
               "schemeEligiiblity":"NIL",
               "schemeTargetGroup":"The fund is utilised for track improvement, bridge rehabilitation, rolling stock replacement, human resource development, improved inspection system, and safety work at level crossing, among other things.",
               "schemeMiscDetails":"The Fund has a corpus of ₹ 1 lakh crore over a period of five years, having an assured annual outlay of ₹20,000 crore with ₹ 15,000 crore as contribution from Gross Budgetary Support and ₹5,000 crore from internal resources of the Railways. In 2017-18, out of the outlay of ₹ 20,000 crore, expenditure of ₹ 16091 crore has been incurred out of RRSK. In the current year also a provision of ₹ 20,000 crore has been made in Budget Estimate and ₹ 3256 crore have been spent till end of June, 2018.",
               "schemeDepartments":"NIL"
            },
           {
               "schemeUiId":"M_0042_S_005",
               "schemeName":"‘SAMANVAY’ Portal",
               "schemeObj":"The purpose of this portal is to help Member of Parliament’s (MPs) to utilise relevant schemes in the planning and implementation of SAGY. It will act as a database for compiled and mapped information on various gram panchayat related activities through various schemes undertaken by the Centre and and State Governments.",
               "schemeDesc":"Union Ministry of Rural Development has launched ‘SAMANVAY’ web portal to monitor progress and implementation of the Sansad Adarsh Gram Yojana (SAGY) for development of Gram Panchayats. It was launched by Union Rural Development Minister Chaudhary Birender Singh. SAMANVAY web portal consist a compilation of all Government schemes of both Centra and State governments for Gram Panchayats. Rail Samanvay gathers information regarding status of key issues of Zones/ PSUs under Ministry of Railways, pertaining to different parliamentary constituencies across the country, which are pending at different state/ district authorities.The information will help to keep track of the progress made towards resolving those issues and ensure implementation of projects within specified timelines. Rail Samanvay will help in- Tracking project related pending issues with state govt authorities- this will help in creating a transparent system, giving a clearer picture of current status of the project. Status of action taken against the concerned issues- action taken against an issue will be uploaded and meticulously updated which will help in its monitoring and analysis. State, District and Parliamentary Constituency wise mapping of issues would help to flag them at appropriate level- issues will be able to be tracked to their respective state/district/parliamentary constituency.",
               "schemeEligiiblity":"NIL",
               "schemeTargetGroup":"NIL",
               "schemeMiscDetails":"In SAMANVAY, around 1800 state schemes from across all states have been documented.",
               "schemeDepartments":"NIL"
            },
            {
               "schemeUiId":"M_0042_S_006",
               "schemeName":"Indian Railways E procurement system (IREPS)",
               "schemeObj":" It has helped in achieving objectives of transparency, efficiency and improving of ease of doing business.",
               "schemeDesc":"Indian Railways has always focussed on adoption of new technologies to improve train operations and provide better passenger experience to its customers. In this series, Indian Railways has introduced various IT initiatives. This is official portal of Indian Railways for procurement of Goods, Works & Services, Sale of Materials, and Leasing of Assets through the process of E-Tendering, E-Auction or Reverse Auction. The site is developed and maintained by CRIS using the latest technology and security features. The major initiatives taken by Indian Railways in this regard : Tracking of trains using newer technologies. Handheld Devices on trains. Modernisation of Ticketing Website (IRCTC). Paperless Unreserved Ticketing through Mobile Phones. During 2017-18, 4,44,000 e-tenders valuing more than Rs.1,50,000 crore  were issued on IREPS.  Online scrap sale of Rs.2800 crores was also done last year through e-auction.  90,000 vendors have registered themselves on IREPS website. Central Vigilance Commission has recognized and awarded the system under “Vigilance Excellence Award – 2017” for outstanding contribution in the category of “IT initiatives for transparency in the organization”.",
               "schemeEligiiblity":"NIL",
               "schemeTargetGroup":"NIL",
               "schemeMiscDetails":"Salient security features deployed include asymmetric cryptography, PKI enablement, digital signature, 256 bit 'VeriSign' Extended SSL, apart from standard security features like user name, password, digital authentication, role based access and privileges, audit trail, time synchronization for all Production servers with IST (acquired from NPL) etc. The data center has been designed to be fully secure using various hardware and software utilities like firewall, Load Balancer, IPS, Antivirus etc.",
               "schemeDepartments":"NIL"
            },
            {
               "schemeUiId":"M_0042_S_007",
               "schemeName":"Rail MADAD",
               "schemeObj":"Rail Madad Portal has been developed to enable Railway pax. to lodge a complaint or give suggestion through on line, app., or SMS and facility to track live status of complaints and provide feedback based on their satisfaction with the resolution. The objective of this portal is to enhance experience of Railways passengers with swift and satisfactory resolution of complaints. PNR details help in correct assignment of a complaint for swift resolution.",
               "schemeDesc":"The Ministry of Railways has released the mobile app 'Rail MADAD (Mobile Application for Desired Assistance During travel)' to expedite and streamline passenger grievance redressal. Rail Madad is part of the Railway Passenger Grievance Redressal and Management System (RPGRAMS) of Indian Railways. Salient features of Rail Madad application : Rail MADAD registers a complaint with minimum inputs from passenger(option of photo also available), issues unique ID instantly and relays the complaint online to relevant field officials for immediate action. The  action taken on complaint is also relayed to passenger through SMS, thus fast tracking the entire process of redressal of complaints through digitisation. The app also displays various helpline numbers (e.g., Security, Child helpline etc) and provides direct calling facility for immediate assistance in one easy step. All modes of  filing complaints including offline and online modes are being integrated on a single platform, therefore the resultant management reports present a holistic picture of weak/deficient areas and  enable focused corrective action by officials concerned. The data analysis would also generate trends on various performance parameters of a selected train/station like cleanliness, amenities etc thus making managerial decision more precise and effective. Hierarchy based dashboard/reports will be available for management at Division /Zonal/Railway board level and sent through auto email to every concerned officer weekly.",
               "schemeEligiiblity":"The app will be available on Android and iOS platforms. Website version is also available for users.",
               "schemeTargetGroup":"NIL",
               "schemeMiscDetails":"An integrated railway helpline 139 will take over all existing numbers. “Henceforth from January 1, railway helpline numbers 139 (train-related enquiries) and 182 (security related) will be the only helpline numbers functioning, along with Rail Madad app.",
               "schemeDepartments":"NIL"
            },
            {
               "schemeUiId":"M_0042_S_008",
               "schemeName":"SRESTHA",
               "schemeObj":"To make the Indian Railways a Global Leader in Railway Technology by developing advanced R&D capabilities for breakthrough innovations and empowering railways to deliver Quality Service, making it the preferred mode of transportation.",
               "schemeDesc":"Minister for Railways announced setting up a ‘Special Railway Establishment for Strategic Technology & Holistic Advancement- SRESTHA’ to drive long term Research and Development in guided transport in India. After the announcement, Minister for Railways requested Dr. V.K. Saraswat, Chairman “Advisory Group of Experts for Upgradation of Technology and Leveraging Make in India on Railways’’ to prepare a Concept Note on SRESTHA. The Group engaged itself with the matter and through several consultations, field visits and technology reviews prepared the concept note and submitted to the Ministry of Railways. Implementation Plan for Setting up of SRESTHA : SRESTHA needs to break away from the routine and must implement the lessons in slipping on rail-tech leadership despite the clear intent. Thus, from its governance structure, accountability, human resource policies to selection of projects, partners and implementation, new rules of engagement are needed. Detailed Project Report (DPR) is under preparation for incubating and setting up SRESTHA. The DPR will include all aspects of establishment and functioning of SRESTHA, including its R&D centres and Programs for Rolling Stock Design & Dynamics, Track, Bridges & Structures, Sensors, Instrumentation & Control, Signalling & Telecommunications, Operations & Asset Management, Geo-technical Engineering, Metallurgy & Material Science, Engines & Fuels, Testing Capability for High Speed, Robotics, Urban Transport Technologies & Logistics etc. Under the stewardship and mentoring of Dr. V.K. Saraswat, Member NITI Aayog, the DPR is being prepared by a newly created Project Management Unit (PMU) which is currently headquartered at the Rail Coach Factory, Rae Bareli’s Lucknow Camp Office. Upon the acceptance of the DPR the new organisation would take shape. It is targeted that by next fiscal, work on the constitution of SRESTHA would begin.",
               "schemeEligiiblity":"NIL",
               "schemeTargetGroup":"Use of latest technology in improving passenger amenities is a key area where the new body will focus.",
               "schemeMiscDetails":"NIL",
               "schemeDepartments":"NIL"
            },
            {
               "schemeUiId":"M_0042_S_009",
               "schemeName":"Rail Sahyog’ web portal",
               "schemeObj":"The Minister of Railways and Coal has launched a web portal Rail Sahyog to provide a platform for the Corporates and PSUs to contribute to creation of amenities at/near Railway Stations through CSR funds.",
               "schemeDesc":"Rail Sahyog Portal. The portal has been envisaged as a platform for all including individuals as also private & public organisation to contribute towards CSR activities in association with Indian Railways. The companies desirous of contributing can show willingness on the portal by registering their requests which will be processed by Railway officials. This portal will provide an opportunity for Industry/ Companies/ Associations to collaborate with Railways. Individuals, Private companies have the freedom to execute projects in Railways. The main focus is on ensuring creation of good quality assets through this collaboration. CSR Funded activities in Railways : Construction of toilets in circulating areas of all stations with provision of low cost sanitary pad vending machine & incinerator in female toilets and contraceptives vending machine in male toilets and initial one year maintenance. Providing free Wi-Fi at stations through setting up Hotspots. Provision of Benches at station Platforms as facility for senior citizens/disabled. Bottle crushing machines at 2175 major stations for ensuring environmental sustainability. Dustbins at all stations for Swachh Bharat will help in preventing littering around. Separate dustbins for wet/dry waste need to be provided at circulating area of Station and Platforms.",
               "schemeEligiiblity":"NIL",
               "schemeTargetGroup":"Giving Wi-Fi Facility at 4,791 stations by Tata Trust.  Constructing 2,400 Toilets in circulating areas of stations through CSR support from corporates like Coal India Ltd. and its Subsidiaries; NLC; IRFC; CONCOR and PGCIL. 5,000 Steel Benches at Railway Stations by General Insurance Corporation.",
               "schemeMiscDetails":"Providing free wifi at stations : The approximate cost of the revamp per station is Rs 10.30- 12.30 lakh. Provision of benches at station platforms : The approximate cost for each set varies from Rs. 17,500 to Rs. 47,500. The installation of bottle crushing machines at 2175 major stations for ensuring environmental sustainability is another activity. The empty plastic bottles discarded by the railway passengers will be crushed in these machines to manage plastic pollution. The cost for this would be around Rs. 3.5 lakh to Rs. 4.5 lakh.Lastly, dustbins will be installed at all stations. Separate dustbins for both wet and dry garbage will be provided in the circulating area of stations and platforms, whose approximate cost would be Rs. 4500.",
               "schemeDepartments":"NIL"
            },
            {
               "schemeUiId":"M_0042_S_0010",
               "schemeName":"Vikalp scheme",
               "schemeObj":"The Vikalp scheme aims to utilize vacant berths in many premier trains in all the main routes. The scheme is being launched on the pilot basis on Delhi-Lucknow and Delhi-Jammu sector only. The scheme is implemented only across Mail/Express trains of the same category.",
               "schemeDesc":"The Ministry of Railways has announced the scaling up of a new reservation system called 'Vikalp', or alternate train accommodation scheme (ATAS), from April 1, 2017. DETAILS ABOUT VIKALP : 1) The Vikalp scheme will be initially available for e-tickets only. 2) Under this scheme, wait-listed passengers will be given a choice to opt for the Vikalp scheme. 3) Vikalp-opted passengers who remain fully wait-listed after charting will only be considered for allotment in the alternate train. 4) No extra charges will be taken from passenger or any refund shall be provided for difference of fare. 5) Passengers once provided alternate accommodation in alternate train will be treated as normal passengers in alternate train and will be eligible for upgradation. 6) The Vikalp scheme will optimise berth utilisation across all trains. 7) Wait-listed passengers who opt for the Vikalp scheme should check PNR status after charting. 8) Wait-listed passengers of original train will not be allowed to board the original train if allotted alternate accommodation. 9) The Vikalp-opted passengers who have been provided accommodation in the alternate train will not figure in the wait-listed charts of their original train. 10) When a Vikalp-opted passenger opts to cancel, after he/she has been given an alternate accommodation, he/she will be treated as a confirmed passenger and the cancellation rules will apply accordingly.",
               "schemeEligiiblity":"The scheme applies to all waiting list passengers irrespective of booking quota and concession. In the pilot phase, the scheme will be available on few pre-designated trains in Delhi-Lucknow and Delhi-Jammu sector only.",
               "schemeTargetGroup":"NIL",
               "schemeMiscDetails":"When VIKALP opted passenger opts to cancel after he has been given an alternate accommodation, he will be treated as a CONFIRMED passenger and the cancellation rules will apply accordingly.",
               "schemeDepartments":"NIL"
            },
            {
               "schemeUiId":"M_0042_S_0011",
               "schemeName":"NIVARAN Grievance Portal",
               "schemeObj":"Under the online portal ‘NIVARAN’- a railway personnel will be able to submit his grievances  online and also track the progress in resolution or disposal of the grievances. The  portal will also have a provision for appeal against a particular decision of an authority.",
               "schemeDesc":"It was launched by Union Railway Minister Suresh Prabhu at function held in Rail Bhawan, New Delhi. Nivaran portal is an online system that seeks to facilitate the employees to lodge their grievances and also monitor the progress. The system will also provide employees of Indian Railways facility for lodging appeal to the higher authority in case the decision is not found satisfactory. Highest controlling authorities will also be able to monitor the progress of grievance redressal by field offices through this system. It has been developed by CRIS (Centre for Railway information systems), an IT arm of Indian Railways on basis of process designed by Establishment directorate of Railway Board. This online system for redressal of service related grievance will help to achieve Union Railway Ministry’s emphasis on the importance of its manpower. Indian Railways is the single biggest civilian employer in the country and has workforce of over 1.3 million people. The person can track the status of grievance by using the Unique Registration number. The person can intervene to make observation/reminder besides seeing the action taken on the grievance by different authorities. The management has laid down a time limit of 60 days from day of registration for disposal of grievances unless on account of exceptional reasons.",
               "schemeEligiiblity":"A person who wants to lodge a grievance shall have to register as a User and obtain Login/User ID and Password. After obtaining the Log/User ID the person can register the grievance as per prescribed format. On successful completion the system would generate a unique registration number. The unique registration number should be retained for accessing the system in future.",
               "schemeTargetGroup":"NIL",
               "schemeMiscDetails":"The online portal ‘NIVARAN’-- that is likely to benefit around 13.26 lakh serving and 13.79 lakh retired railway employees has been developed by CRIS, the IT arm of Indian Railways, on the basis of process designed by Establishment Directorate of Railway Board which deals with staff members and technical guidance of Computerisation and Information System Directorate. ",
               "schemeDepartments":"NIL"
            },
            {
               "schemeUiId":"M_0042_S_0012",
               "schemeName":"Smart Freight Operation Optimisation & Real Time Information (SFOORTI) App",
               "schemeObj":"With this application, movement of freight trains on Geographic Information System (GIS) view can be tracked. Both passenger and freight trains can be tracked over Zones/Divisions/ Sections in single GIS View. Freight business can be monitored.",
               "schemeDesc":"In a major digital initiative to help plan the traffic flows and optimize freight operations Railways has launched a new app. Smart Freight Operation Optimisation & Real Time Information (SFOORTI) App for Freight Managers which provides features for monitoring and managing freight business using Geographic Information System (GIS) Views and Dashboard. Features : With this application, movement of freight trains on Geographic Information System (GIS) view can be tracked. Both passenger and freight trains can be tracked over Zones/Divisions/ Sections in single GIS View. Freight business can be monitored. Comparative Analysis of Zonal/Divisional Traffic. Analysis of new traffic captured and traffic lost. This app provides a Bird’s eye view of all Freight Assets in a single window. Provides end to end Rake movement on Geospatial view. Expected Traffic at Interchange points to evaluate daily performance can be viewed. Performance of each zone and divisions with respect to loading and utilization of freight assets can be viewed. Sectional performance monitoring for sections, divisions and zones shall help in traffic routing. Freight terminal and sidings can be better monitored to ensure better turnaround of rakes. Railway Freight traffic is vital for economic and industrial progress of the country. Freight traffic is major source of revenue for Indian Railways. Only one-third of 13000 trains running daily by Indian Railways are freight trains, but they accounts 65% of total revenue of Railways.",
               "schemeEligiiblity":"NIL",
               "schemeTargetGroup":"NIL",
               "schemeMiscDetails":"As part of a separate development, the Indian Railways has even set up Optical Character Recognition (OCR) Kiosk Machines, which will allow passengers to print tickets that have been booked via UTS app. The facility has been actually designed to allow passengers to get printed tickets by placing the screen of their cell phones, displaying the SMS of the ticket into the selected slot of the OCR Kiosk machine.",
               "schemeDepartments":"NIL"
            },
            {
               "schemeUiId":"M_0042_S_0013",
               "schemeName":"Project Saksham",
               "schemeObj":"Project Saksham aims to upgrade the skillsets of 13 lakh-strong workforce of Indian Railways with a single drive spanning nine months. It will start start in January 2018 and go on till September 2018.",
               "schemeDesc":"The Indian Railways has launched Project Saksham, country’s largest time-bound “upskilling” exercise for its employees to boost their efficiency. A week’s training in skills and knowledge relevant to Railways employees work area will be given over the next one year. A communication to this effect from Chairman, Railway Board, Ashwani Lohani, has been sent to all General Managers of zonal railways and railways production unit. General Managers will categorise the employees based on the needs of respective zone. Under 'Project Saksham', all employees in each zone will be given a week-long training in skills and knowledge relevant to their work area for over next one year. General Managers will prioritise the training need for each category of employees based on the needs of respective zone. Identification of training needs and formulation of planned training calendar will be completed by 31 December 2017, ensuring that each employee is imparted training. With growing rail network, new trains, different high quality services designed by the Indian Railways, it is imperative that the railway employees undergo proper training to deliver superior and safe rail services. This training will either be on the job training or classroom training in Railway Training Centre, depending on the nature of training. The reporting managers of the employees receiving training will be actively involved in the Pre-training and post training process to ensure that the benefits of training get reflected on the job performance. The training will be completed within 9 months and each zone will devise a few metrics to monitor the impact of Project Saksham. This training will not only upgrade skill of each of the employees but also go a long-way in improving the performance of the Indian Railways.",
               "schemeEligiiblity":"All employees in each zone will be put through a week’s training in skills and knowledge relevant to their work area over next one year.",
               "schemeTargetGroup":"The focus of all such training will be to ‘make a difference’ to the job performance of all departments and employees and thus Indian Railways.",
               "schemeMiscDetails":"Thus about 2 lakh training days has been planned for officials of all ranks and file, spread over the project duration. The tag line of project Saksham at South Western Railway is “Excellence through Saksham”. Further, e-links o­n Railway works for learning resources was also inaugurated.  Various innovative ways of adopting learning were duly emphasized o­n this occasion.",
               "schemeDepartments":"NIL"
            },
            {
               "schemeUiId":"M_0042_S_0014",
               "schemeName":"Project Swarn",
               "schemeObj":"The Ministry of Railways has decided to launch Project Swarn with the objective of significantly improving the passenger experience across 9 dimensions which include coach interiors, toilets, onboard cleanliness, staff behavior, catering, linen, punctuality, security, on-board entertainment. real time feedback will also be taken as part of Project Swarn.",
               "schemeDesc":"Ministry of Railways  announced that Railway decided to upgrade Premium Rajdhani and Shatabdi trains under Project ‘Swarna’ to improve passenger experience. With improved passenger amenities, aesthetics and hygiene standards, Country’s first Swarn Rajdhani (Train no 12313 New Delhi – Sealdah Rajdhani Express) was launched in New Delhi. some prime features of the project: As per railways ministry, Project Swarna will provide improved passenger experiences on Rajdhani and Shatabdi that will basically work in 10 dimensions, including interiors, toilets, cleanliness, catering, linen, staff behaviour, security, entertainment, and real time feedback.In total, 14 Rajdhani and 15 Shatabdi trains will be covered. Nine teams have been formed for Project Swarna by the Indian railways. Both teams have two Railway Board officers, who will monitor the work development. he first Rajdhani that was refurbished under Project Swarna (New Delhi-Sealdah) had LED lighting, night signage for trouble-free identifications of berth, CCTV cameras, auto janitor systems in toilets, and stainless steel wash basins along with improved soap dispensers. Also the First AC passengers in the Rajdhani trains are provided with two different colours of blanket and built in ladders for effortless access to upper berth. All these things that are being implemented by Indian Railways will surely provide a smooth and trouble-free travelling experience.",
               "schemeEligiiblity":"NIL",
               "schemeTargetGroup":"Targeting the festive season which begins from October, railways have launched a three-month programme under Project Swarn (gold) to refurbish coach interiors, improving toilets and cleanliness in coaches.",
               "schemeMiscDetails":"Railways have been allowed to spend upto 50 lakh per rake for upgradation of trains to Swarn Standard. An expenditure about Rs.35 lakhs have gone into this rake which translate into less than Rs.2 lakh per coach.",
               "schemeDepartments":"NIL"
            },
         ]
      },
         ]
      },

