{
   "ListOfMinistries":[
      {
         "ministryId":1,
         "ministryName":"சாலை போக்குவரத்து மற்றும் நெடுஞ்சாலை அமைச்சு",
         "ministrySchemesList":[
        {
               "schemeUiId":"M_0041_S_001",
               "schemeName":"பரத்மல பரியோஜனா",
               "schemeObj":"மல்டிமோடல் லாஜிஸ்டிக்ஸ் பூங்காக்களின் வளர்ச்சி மற்றும் சோக் பாயிண்ட்டை நீக்குதல் மூலம் இருக்கும் தாழ்வாரங்களின் செயல்திறனை மேம்படுத்துதல். வடகிழக்கில் இணைப்பை மேம்படுத்துவதில் கவனம் செலுத்துதல் மற்றும் உள்நாட்டு நீர்வழிகளுடன் ஒத்துழைப்புகளை மேம்படுத்துதல். திட்ட தயாரிப்பு மற்றும் சொத்து கண்காணிப்புக்கு தொழில்நுட்பம் மற்றும் அறிவியல் திட்டமிடல் ஆகியவற்றிற்கு முக்கியத்துவம். திட்ட விநியோகத்தை விரைவுபடுத்துவதற்கான அதிகாரங்களை ஒப்படைத்தல் - 2022 ஆம் ஆண்டிற்குள் கட்டம் 1 ஐ முடிக்க வேண்டும். வடகிழக்கில் இணைப்பை மேம்படுத்துதல்.",
               "schemeDesc":"எந்தவொரு தேசத்தின் வளர்ச்சியும் போக்குவரத்து நெட்வொர்க்குகள் மற்றும் அவை பராமரிக்கப்படும் வழிகளைப் பொறுத்தது. இந்தியா போன்ற ஒரு பெரிய மற்றும் மக்கள் தொகை கொண்ட தேசத்தின் வளர்ச்சிக்கும் இதுவே பொருந்தும். பகுதிகளை இணைப்பதற்கும், போக்குவரத்தை சீராகப் பராமரிப்பதற்கும், புதிய மற்றும் வளர்ந்த சாலைகளை நிர்மாணிப்பது அவசியம். பாரத்மலா திட்டத்தை செயல்படுத்துவதன் மூலமும் இதுவே அடையப்படும். இத்திட்டத்தின் கீழ், தேசத்தில் புதிய சாலைகள் வழங்கப்படும். பாரத்மலா பரியோஜனா என்பது நெடுஞ்சாலைத் துறைக்கான ஒரு புதிய குடைத் திட்டமாகும், இது நாடு முழுவதும் சரக்கு மற்றும் பயணிகள் இயக்கத்தின் செயல்திறனை மேம்படுத்துவதில் கவனம் செலுத்துகிறது, இது பொருளாதார தாழ்வாரங்கள், இடை தாழ்வாரங்கள் மற்றும் ஊட்டி வழிகள், தேசிய தாழ்வார செயல்திறன் மேம்பாடு, எல்லை மற்றும் சர்வதேச இணைப்பு சாலைகள், கரையோர மற்றும் துறைமுக இணைப்பு சாலைகள் மற்றும் பசுமை-கள அதிவேக நெடுஞ்சாலைகள். மகத்தான திட்டத்தின் அறிவிப்பை ஸ்ரீ நிதின் கட்கரி பிரதமர் ஸ்ரீ நரேந்திர மோடி முன்னிலையில் செய்தார். சாலை நெட்வொர்க்கை மேம்படுத்த ஒரு பான்-தேசத் திட்டத்தை செயல்படுத்துவது பிரதமரின் யோசனையாக இருந்தது. இத்திட்டத்தின் அனைத்து முக்கிய அம்சங்களையும் நாட்டின் சாலை போக்குவரத்து மற்றும் நெடுஞ்சாலை அமைச்சகம் நிர்வகிக்கும்.",
               "schemeEligiiblity":"NIL",
               "schemeTargetGroup":"NIL",
               "schemeMiscDetails":"பரத்மாலாவின் முதலாம் கட்டத்தில் மொத்தம் சுமார் 24,800 கி.மீ. கூடுதலாக, பரத்மலா பரியோஜனா கட்டம் -ஐ என்.எச்.டி.பி.யின் கீழ் 10,000 கி.மீ. சமநிலை சாலை பணிகளையும் உள்ளடக்கியது, மொத்தம் ரூ .5,35,000 கோடி செலவில் மொத்தம் 34,800 கி.மீ. பாரத்மாலா கட்டம் I - அதாவது 2017-18 முதல் 2021-22 வரையிலான ஐந்து ஆண்டுகளில் செயல்படுத்தப்பட உள்ளது.",
               "schemeDepartments":"NIL"
            },
            {
               "schemeUiId":"M_0041_S_002",
               "schemeName":"இனம் பிரோ மற்றும் இனம் பிரோ+ வலை போர்டல்",
               "schemeObj":"அத்தகைய தளத்தை வைத்திருப்பதன் நோக்கம், கட்டுமானத்தில் வழங்கல் தொடர்பான தாமதங்களைக் குறைத்தல், செயற்கையாக உயர்த்தப்பட்ட விலைகளைச் சரிபார்ப்பது, இலவச மற்றும் நியாயமான சந்தை இடத்தை உருவாக்குதல் மற்றும் வெளிப்படைத்தன்மையைக் கொண்டுவருவதன் மூலம் சந்தையில் நம்பிக்கையை மேம்படுத்துதல். மேம்படுத்தப்பட்ட பதிப்பில் A-Z உள்கட்டமைப்பு மெட்டரல் மற்றும் உபகரணங்கள் தேவைகள் இருக்கும்.",
               "schemeDesc":"சாலை போக்குவரத்து மற்றும் நெடுஞ்சாலைத்துறை அமைச்சர் நிதின் கட்கரி, அரசு மற்றும் தனியார் கொள்முதல் செய்வதற்கான கட்டுமான மற்றும் உள்கட்டமைப்பு மூலப்பொருட்களுக்கான ஈ-காமர்ஸ் தளத்தை INAM PRO + ஐ தொடங்கினார். சாலை அமைச்சின் பொதுத்துறை நிறுவனமான தேசிய நெடுஞ்சாலைகள் மற்றும் உள்கட்டமைப்பு மேம்பாட்டுக் கழகம் (என்.எச்.ஐ.டி.சி.எல்) அறிமுகப்படுத்திய இணையம் inampro.nic.in, நாட்டில் உள்ள அனைத்து மூலப்பொருட்கள் சப்ளையர்கள் மற்றும் உற்பத்தியாளர்களின் களஞ்சியமாக செயல்படும். பொதுத்துறை நிறுவனங்களுடன், கட்டுமான பொருட்களை போட்டி விகிதத்தில் வாங்கலாம். INAM PRO + என்பது INAM போர்ட்டலின் புதுப்பிக்கப்பட்ட பதிப்பாகும், இது சிமென்ட் வாங்குவதற்காக சாலை போக்குவரத்து மற்றும் நெடுஞ்சாலை அமைச்சகத்தால் 2015 இல் தொடங்கப்பட்டது. ஆர்டர்களைக் கண்காணிக்கும் திறன், கூடுதல் தயாரிப்புகளைச் சேர்ப்பது (தரம் / வகை) போன்ற பல அம்சங்களை இந்த போர்டல் கொண்டுள்ளது, மேலும் பாதுகாப்பு நோக்கங்களுக்காக பணம் செலுத்தும் நுழைவாயில் இணைக்கப்பட்டுள்ளது மற்றும் விரைவாக பணமில்லாமல் பணம் செலுத்துதல். ஐ.என்.ஏ.எம் போர்டல் ஏற்கனவே இரண்டு ஆண்டுகளில் ரூ .32 கோடி விற்பனை செய்துள்ளது. பொதுவில் காணக்கூடிய விலைகள் வெளிப்படைத்தன்மையை மேம்படுத்துவதோடு, வணிகத்தை எளிதாக்குகின்றன. ஐ.என்.ஏ.எம்-ப்ரோவில் பதிவுசெய்யப்பட்ட நிறுவனங்கள் 27 மில்லியன் மெட்ரிக் டன் சிமெண்டை முன் வரையறுக்கப்பட்ட உச்சவரம்பு மதிப்புகளால் கட்டுப்படுத்தப்பட்ட விலையில் வழங்கப்படுகின்றன.",
               "schemeEligiiblity":"இது ஆன்லைன் வலை போர்டல் மற்றும் கட்டுமானத்தை சொந்தமாகக் கொண்ட நபர்களால் இதைப் பயன்படுத்தலாம்.",
               "schemeTargetGroup":"NIL",
               "schemeMiscDetails":"மேம்படுத்தப்பட்ட போர்டல் மேலும் வழங்கும்: பேவர் ஃபினிஷர், பேக்ஹோ லோடர்கள் போன்ற உள்கட்டமைப்பு இயந்திரங்கள், சி.சி.டி.வி, ஈ.சி.பி. ஏற்றிகள், கிரேன்கள் போன்றவை சாலை குறித்தல், ஆம்புலன்ஸ், பாதை ரோந்து, மரம் தோட்டம் மற்றும் மாற்று அறுவை சிகிச்சை போன்ற பிற சேவைகள்.",
               "schemeDepartments":"NIL"
            },
              {
               "schemeUiId":"M_0041_S_003",
               "schemeName":"சேதுபாரதம்",
               "schemeObj":"சேது பாரதம் திட்டத்தின் முக்கிய நோக்கங்கள்: நாடு முழுவதும் உள்ள தேசிய நெடுஞ்சாலைகளில் பாலங்கள் அமைத்தல், சுமார் 280 ரயில்வே தடங்கள் மற்றும் அதற்கு மேல் ரயில் தடங்கள் பாலங்களை நிர்மாணித்தல். 100 கோடி, சுமார் 64 பாலங்கள் 2016 ஆம் ஆண்டின் இறுதியில் பச்சை சமிக்ஞை கிடைக்கும், பாலங்கள் கட்டும் போது தூரம், தீர்க்கரேகை, அட்சரேகை, பொருள், வடிவமைப்புகள் போன்ற விஞ்ஞான நுட்பங்களைப் பயன்படுத்துதல்.",
               "schemeDesc":"பிரதமர் ஸ்ரீ நரேந்திர மோடி புதுதில்லியில் தேசிய நெடுஞ்சாலைகளில் பாதுகாப்பான மற்றும் தடையற்ற பயணங்களுக்கு பாலங்களை அமைப்பதற்கான சேது பாரதம் திட்டத்தை தொடங்கினார். இந்நிகழ்ச்சியில் பேசிய அவர், ஒரு நாட்டின் வளர்ச்சி மற்றும் வளர்ச்சிக்கு ஒரு நல்ல உள்கட்டமைப்பு வலையமைப்பு மிக முக்கியமானது என்று கூறினார். மக்களின் அபிலாஷைகளையும் நீண்டகாலமாக உணர்ந்த தேவைகளையும் பூர்த்தி செய்வதற்காக, நாட்டில் உள்கட்டமைப்பை வளர்ப்பதற்கு ஒரு தரமான மாற்றத்தையும், விரிவான, ஒருங்கிணைந்த அணுகுமுறையையும் கொண்டுவருவது அவசியம் என்று அவர் கூறினார். 2019 ஆம் ஆண்டுக்குள் அனைத்து தேசிய நெடுஞ்சாலைகளையும் ரயில்வே கிராசிங்குகள் இல்லாததாக மாற்றும் நோக்கத்துடன், பிரதமர் நரேந்திர மோடியால் 4 மார்ச் 2016 அன்று 102 பில்லியன் டாலர் (1.5 பில்லியன் அமெரிக்க டாலர்) தொடங்கப்பட்ட சேது பாரதம் 208 ரெயில்களை நிர்மாணிப்பதை உள்ளடக்கியது. ROB கள் / RUB கள்) தேசிய நெடுஞ்சாலைகளில் ஆளில்லா ரயில் கிராசிங்குகளில், 1,500 பாழடைந்த பிரிட்டிஷ் கால பாலங்களை அகலப்படுத்துதல் மற்றும் முறையே 208 பில்லியன் டாலர் மற்றும் 300 பில்லியன் டாலர் செலவில் மறுவாழ்வு அல்லது மாற்றுதல்.",
               "schemeEligiiblity":"NIL",
               "schemeTargetGroup":"NIL",
               "schemeMiscDetails":"விரிவான ரயில் அறிக்கைகள் 73 ரயில்வே ஓவர் பிரிட்ஜ்களுக்கு ஏற்கெனவே ஒப்புக் கொள்ளப்பட்டுள்ளன, அவற்றில் 64 ரூபாய்க்கு ரூ. 5600 கோடி. சுமார் 1500 க்கும் மேற்பட்ட பழமையான மற்றும் தேய்ந்துபோன பாலங்களும் ஒரு கட்டமாக மாற்றுவதன் மூலம் சுமார் ரூ. 30,000 கோடி",
               "schemeDepartments":"NIL"
            },
             {
               "schemeUiId":"M_0041_S_004",
               "schemeName":"இன்ஃப்ரகோன்",
               "schemeObj":"இது உள்கட்டமைப்பு ஆலோசனை நிறுவனங்கள் மற்றும் முக்கிய பணியாளர்களுக்கான தேசிய போர்டல் ஆகும். சாலை பொறியியல் மற்றும் கட்டுமானத் துறையில் பணிபுரியும் ஆலோசனை நிறுவனங்கள் மற்றும் டொமைன் வல்லுநர்கள் மற்றும் திட்ட தயாரிப்பு மற்றும் மேற்பார்வைக்கு நியமிக்கப்பட்ட முக்கிய பணியாளர்கள் இடையே இணைக்கும் பாலமாக இது செயல்படும். இந்த போர்டல் ஆலோசனை நிறுவனங்கள் மற்றும் முக்கிய பணியாளர்களின் நற்சான்றிதழ்களை வழங்கும் மற்றும் தரவு சரிபார்ப்பு மற்றும் தூய்மைக்காக ஆதார் மற்றும் டிஜி-லாக்கருடன் இணைப்புகளைக் கொண்டிருக்கும்.",
               "schemeDesc":"சாலை போக்குவரத்து மற்றும் நெடுஞ்சாலை அமைச்சகம், நெடுஞ்சாலைகள் மற்றும் பிற உள்கட்டமைப்பு திட்டங்களை மேம்படுத்துவதற்கும் மேம்படுத்துவதற்கும் இந்திய அரசு முயற்சிக்கிறது. இந்த நோக்கத்திற்காக, முக்கிய பணியாளர்கள் எனப்படும் நெடுஞ்சாலைகள் மற்றும் பொறியியல் தொடர்பான பல்வேறு துறைகளில் உள்ள ஆலோசனை நிறுவனங்கள் மற்றும் பிற கள வல்லுநர்களின் சேவைகளை இது வாங்குகிறது மற்றும் பயன்படுத்துகிறது. திட்ட தயாரிப்பு மற்றும் மேற்பார்வைக்கு முக்கிய பணியாளர்கள் பயன்படுத்தப்படுகிறார்கள். கொள்முதல் போது மதிப்பீட்டு செயல்முறையை மிகவும் புறநிலை, பயனர் நட்பு மற்றும் வெளிப்படையானதாக மாற்றுவதற்காக, உள்கட்டமைப்பு ஆலோசனை நிறுவனங்கள் மற்றும் முக்கிய பணியாளர்களுக்கான விரிவான தேசிய போர்ட்டலாக “இன்ஃப்ரகோன்” NHIDCL ஆல் உருவாக்கப்பட்டது. நிறுவனங்கள் மற்றும் பணியாளர்கள் சி.வி.க்கள் மற்றும் நற்சான்றிதழ்களை ஆன்லைனில் ஹோஸ்ட் செய்வதற்கான வசதியை போர்ட்டல் கொண்டுள்ளது மற்றும் தரவு சரிபார்ப்பு மற்றும் தூய்மைக்காக ஆதார் & டிஜி-லாக்கருடன் இணைக்கப்பட்டுள்ளது. இன்ஃப்ரகோன் மூலம் தொழில்நுட்ப திட்டங்களைப் பெற MORTH வசதிக்குள் உள்ள ஏஜென்சிகளுக்கும் போர்டல் உதவுகிறது. அவ்வாறு செய்ய, நிறுவனங்கள் மற்றும் முக்கிய பணியாளர்கள் ஆன்லைனில் போர்ட்டலில் பதிவு செய்ய வேண்டும். இது ஏல சமர்ப்பிப்பின் போது காகித வேலைகளில் குறிப்பிடத்தக்க குறைப்புக்கு வழிவகுக்கும், மேலும் செயல்பாட்டில் வெளிப்படைத்தன்மை மற்றும் பொறுப்புக்கூறலைக் கொண்டுவரும். போர்டல் மற்றும் உள்ளீட்டு படிவங்களில் கைப்பற்றப்பட்ட தகவல்கள் வடிவமைக்கப்பட்டுள்ளன, இது மதிப்பீட்டு செயல்முறையை தானியக்கமாக்குவதற்கு உதவும் மற்றும் விரைவான மற்றும் பயனுள்ள முடிவெடுப்பிற்கு வழிவகுக்கும்.",
               "schemeEligiiblity":"NIL",
               "schemeTargetGroup":"NIL",
               "schemeMiscDetails":"எதிர்காலத்தில் INFRACON சேவை வழங்குநர்கள் மற்றும் வாடிக்கையாளர்களுக்கு பொதுவான தளமாக மாற வாய்ப்புள்ளது. உள்கட்டமைப்பு களத்தில் ஈடுபட்டுள்ள தொழில் வல்லுநர்கள் தங்கள் அனுபவங்களை வெளிப்படுத்தவும், தேசக் கட்டடத்திற்கு பங்களிக்கவும் இது ஒரு சாளரத்தைத் திறக்கும்.",
               "schemeDepartments":"NIL"  
             },
             {
               "schemeUiId":"M_0041_S_005",
               "schemeName":"பூமி ராஷி போர்ட்டல்",
               "schemeObj":"அமைச்சின் நோக்கம் பொருளாதார வளர்ச்சியை விரைவாகக் கண்காணிப்பதாகும், இதற்காக மேம்பட்ட சாலை இணைப்பு, குறிப்பாக தேசிய நெடுஞ்சாலை வலையமைப்பின் விரிவாக்கம் மற்றும் மேம்படுத்தல் ஆகியவை முக்கியத்துவம் வாய்ந்தவை.",
               "schemeDesc":"சாலை போக்குவரத்து மற்றும் நெடுஞ்சாலை அமைச்சு சமீபத்தில் பூமிராஷி போர்ட்டலை அறிமுகப்படுத்தியது. கடந்த ஆண்டுகளில், தேசிய நெடுஞ்சாலைத் திட்டங்களின் நோக்கத்திற்காக நிலம் கையகப்படுத்துதல், நில உரிமையாளர்களுக்கு இழப்பீடு செலுத்துதல் போன்றவை கோப்புகளின் வடிவில் ஆவணங்களின் இயற்பியல் இயக்கத்தால் கைமுறையாக செய்யப்பட்டன. இருப்பினும், அந்த நடைமுறையில் சில தடைகள் உள்ளன. அறிவிப்பை வெளியிடுவதில் தாமதம், நிலம் / பகுதி விவரங்கள் போன்றவற்றில் பிழைகள் எதிர்கொள்ளப்படுகின்றன. இந்த சிக்கல்களை சமாளிப்பதற்காக, குறுகிய கால தாமதங்களைக் குறைப்பதற்கும், நிலம் கையகப்படுத்துவதற்கான தகுதிவாய்ந்த அதிகாரசபையுடன் (CALA) பொது நிதிகளை நிறுத்துவதைத் தவிர்ப்பதற்கும், நிலம் கையகப்படுத்தும் முழு செயல்முறையையும் முழுமையாக டிஜிட்டல் மயமாக்குவதற்கும் தானியக்கப்படுத்துவதற்கும் அமைச்சகம் வலை அடிப்படையிலான பயன்பாட்டு-பூமி ராஷியை உருவாக்கியுள்ளது. ஒரு குறிப்பிட்ட திட்டத்திற்கான சீரமைப்புத் திட்டம் மற்றும் நிலம் கையகப்படுத்தும் திட்டம் அங்கீகரிக்கப்பட்டவுடன் தொடங்கும் தேசிய நெடுஞ்சாலைகளின் கட்டுமானத்தைத் தொடங்குவதற்கும் நிறைவு செய்வதற்கும் நிலம் கையகப்படுத்தல் முக்கியமானது. ஒவ்வொரு என்ஹெச் திட்டத்திற்கும் நிலம் கையகப்படுத்துவதற்கான தகுதிவாய்ந்த அதிகாரியாக (காலா) மாநில அரசின் வருவாய் செயல்பாட்டாளரை நியமிப்பதன் மூலம் இந்த செயல்முறை தொடங்குகிறது. பாதிக்கப்பட்ட / ஆர்வமுள்ள ஒவ்வொரு தரப்பினருக்கும் நிலத்தை நடைமுறைப்படுத்துதல் மற்றும் இழப்பீடு வழங்குவதன் மூலம் நிலத்தை ப physical தீகமாக வைத்திருப்பது முடிவடைகிறது. MoRTH பூமி ராஷி - ஆன்லைன் நிலம் கையகப்படுத்தல் (LA) முறையை உருவாக்கியுள்ளது, இது அதிகாரிகள் முழுவதும் இணைப்பை வழங்கும், உடல் நகலின் தேவையை நீக்குகிறது, வடிவமைப்பு பிழைகள் / எழுத்தர் தவறுகளை குறைக்கும் மற்றும் வரைவு அறிவிப்பை எளிதாக கண்காணிக்க உதவும்.",
               "schemeEligiiblity":"இந்த கையகப்படுத்தல் நிலம் கையகப்படுத்தும் செயல்முறையின் செயல்திறனை மேம்படுத்துகிறது, வெளிப்படைத்தன்மை மற்றும் பொறுப்புக்கூறலை உறுதி செய்யும், மேலும் பயனாளிகளின் கணக்குகளுக்கு நேரடியாக நன்மைகளை மாற்றும். அதன் நன்மைகள் விரைவாக செயல்முறை நிறைவு, நில உரிமையாளர்கள் / பயனாளிகளுக்கு வெளிப்படையான நிதி பரிமாற்றம் மற்றும் நடைமுறை பிழைகளை குறைத்தல்.",
               "schemeTargetGroup":"NIL",
               "schemeMiscDetails":"அனைத்து மாநில அரசுகளின் வருவாய் பதிவுகளின் அடிப்படையில் முறையாக புதுப்பிக்கப்பட்ட 711 மாவட்டங்கள் மற்றும் 6,55,297 கிராமங்களின் பெயர்கள் உள்ளிட்ட விரிவான விவரங்கள் மக்கள்தொகை கணக்கெடுப்பு -2011 அடிப்படையில் அமைக்கப்பட்டுள்ளன. ஒரே நேரத்தில் இந்தி மொழிபெயர்ப்பை வழங்குவதன் மூலம் இந்த செயல்முறையை விரைவுபடுத்துவதற்கு இந்த அமைப்பு உதவுகிறது மற்றும் விரைவான வெளியீட்டிற்கான மின்-வர்த்தமானியுடன் இணைக்கப்பட்டுள்ளது.",
               "schemeDepartments":"NIL"  
             },
             {
               "schemeUiId":"M_0041_S_006",
               "schemeName":"சார் தாம் நெடுஞ்சாலை திட்டம்",
               "schemeObj":"அபாயத்தைக் குறைப்பது, பயண நேரத்தைக் குறைப்பது மற்றும் யாத்ரீகர்களுக்கு ஆறுதல் அதிகரிப்பதே திட்டத்தின் நோக்கங்கள். சார்தம் மகாமர்க் விகாஸ் பரியோஜனா அல்லது சார் தாம் நெடுஞ்சாலை மேம்பாட்டுத் திட்டம் 900 கி.மீ நீளமுள்ள இருவழி நெடுஞ்சாலை ஆகும், இது இந்த ஆலயங்களுக்கான இணைப்பை மேம்படுத்தும்.",
               "schemeDesc":"உத்தரகண்டில் உள்ள சார்-தாம் (கேதார்நாத், பத்ரிநாத், யமுனோத்ரி மற்றும் கங்கோத்ரி) இணைப்பு மேம்பாட்டிற்கான தனி திட்டத்தை அமைச்சகம் எடுத்துள்ளது. சார்தாம் திட்டத்தின் கீழ் 889 கி.மீ நீளம் கொண்ட மொத்த 53 சிவில் பணிகளில், மொத்த திட்ட செலவின் 40 சிவில் பணிகள் ரூ. 673 கி.மீ நீளமுள்ள 9474 கோடி (கட்டுமானத்திற்கு முந்தைய பணிகளின் விலை ரூ. 491 கோடி உட்பட) அனுமதிக்கப்பட்டுள்ளது. 60 படைப்புகள் 604 கி.மீ நீளமுள்ள 34 படைப்புகள் ரூ. 7923 கோடி. இதில் 30 படைப்புகள் ரூ. 7679 கோடி. 589 கி.மீ நீளம் நடந்து கொண்டிருக்கிறது, மேலும் 2019 கி.மீ வரை 78 கி.மீ நீளம் நிறைவடைந்துள்ளது, மேலும் 2 பணிகள் ரூ. 141 கோடி. 1.1 கி.மீ நீளத்தில் முடிந்தது. செப்டம்பர் 26, 2018 அன்று, பெரிய பொது நலனைக் கருத்தில் கொண்டு சார்தாம் நெடுஞ்சாலை திட்டத்திற்கு என்ஜிடி தனது நிபந்தனை ஒப்புதல் அளித்தது. எவ்வாறாயினும், இந்த திட்டம் பிராந்திய சுற்றுச்சூழலுக்கு மாற்ற முடியாத சேதத்தை ஏற்படுத்தும் என்று அது கூறியது, பி.டி.ஐ அறிக்கை கூறியது. அதன்பிறகு என்.ஜி.ஓ சிட்டிசன் ஃபார் கிரீன் டூன் உச்ச நீதிமன்றத்தில் மனு தாக்கல் செய்தது. இதனையடுத்து, இந்த திட்டத்தை கண்காணிக்க உத்தரகண்ட் முன்னாள் உயர்நீதிமன்ற நீதிபதி தலைமையிலான குழுவை அமைக்க என்ஜிடி உத்தரவிட்டது. ‘சார் தாம்’ என பிரபலமாக அறியப்படும் உத்தரகண்டில் உள்ள நான்கு யாத்ரீக இடங்களுக்கு வருகை தரும் சுற்றுலாப் பயணிகள் விரைவில் இந்த இடங்களை இணைக்கும் அனைத்து வானிலை சாலைகளின் வசதியையும் பெறுவார்கள். உச்சநீதிமன்றம் தேசிய பசுமை தீர்ப்பாயத்தின் (என்ஜிடி) உத்தரவை மாற்றியமைத்து, சார்தாம் நெடுஞ்சாலை திட்டத்தின் கீழ் 880 கி.மீ.க்கு மேல் அனைத்து வானிலை சாலைகளையும் நிர்மாணிப்பதற்கான தளங்களை அகற்றியுள்ளது. இருப்பினும், இந்த திட்டம் தொடர்பான சுற்றுச்சூழல் கவலைகளை ஆய்வு செய்ய ஒரு குழுவை அமைக்க உச்ச நீதிமன்றம் உத்தரவிட்டுள்ளது. சுற்றுச்சூழல் மற்றும் வன அமைச்சகத்தால் உயர் ஆற்றல்மிக்க குழு (ஹெச்பிசி) அமைக்கப்படுவதாக பி.டி.ஐ அறிக்கையில் தெரிவிக்கப்பட்டுள்ளது.",
               "schemeEligiiblity":"NIL",
               "schemeTargetGroup":"NIL",
               "schemeMiscDetails":"உத்தரகண்ட் சுற்றுலாவின் வரைவு சுற்றுலா கொள்கை 2017, 2025 க்குள் மாநிலத்திற்கு வருபவர்களின் எண்ணிக்கை சுமார் 50 மில்லியன் அல்லது ஐந்து கோடியாக உயரும் என்று கணித்துள்ளது. இதில், இரண்டு கோடிக்கு மேற்பட்ட சுற்றுலா பயணிகள் மத நோக்கங்களுக்காக வருகை தருவார்கள் என்று எதிர்பார்க்கப்படுகிறது.",
               "schemeDepartments":"NIL"  
             },
         ]
      },
         ]
      },
   