{
   "ListOfMinistries":[
      {
         "ministryId":1,
         "ministryName":"Ministry of Road Transport and Highways",
         "ministrySchemesList":[
            {
               "schemeUiId":"M_0041_S_001",
               "schemeName":"Bharatmala Pariyojana",
               "schemeObj":"Improvement in efficiency of existing corridors through development of Multimodal Logistics Parks and elimination of choke point. Enhance focus on improving connectivity in North East and leveraging synergies with Inland Waterways. Emphasis on use of technology & scientific planning for Project Preparation and Asset Monitoring. Delegation of powers to expedite project delivery – Phase I to complete by 2022. Improving connectivity in the North East.",
               "schemeDesc":"The development of any nation depends on the transportation networks and the ways in which they are being maintained. The same holds true for the development of a huge and populous nation like India. For connecting the areas and maintaining smooth flow of traffic, the construction of new and developed roads are a must. The same will be achieved with the implementation of the Bharatmala project. Under the scheme, a host of new roads will be laid down in the nation. Bharatmala Pariyojana is a new umbrella program for the highways sector that focuses on optimizing efficiency of freight and passenger movement across the country by bridging critical infrastructure gaps through effective interventions like development of Economic Corridors, Inter Corridors and Feeder Routes, National Corridor Efficiency Improvement, Border and International connectivity roads, Coastal and Port connectivity roads and Green-field expressways.The announcement of the mammoth scheme was done by Shri Nitin Gadkari, in the presence of the Prime Minister Shri Narendra Modi. The implementation of a pan-nation scheme to improve the road network was the idea of the PM. All key aspects of the scheme will be managed by the Road Transport and Highways Ministry of the country.",
               "schemeEligiiblity":"NIL",
               "schemeTargetGroup":"NIL",
               "schemeMiscDetails":"A total of around 24,800 kms are being considered in Phase I of Bharatmala. In addition, Bharatmala Pariyojana phase -I also includes 10,000 kms of balance road works under NHDP, taking the total to 34,800 kms at an estimated cost of Rs.5,35,000 crore. Bharatmala Phase I - is to be implemented over a five years period of i.e. 2017-18 to 2021-22.",
               "schemeDepartments":"NIL"
            },
            {
               "schemeUiId":"M_0041_S_002",
               "schemeName":"INAM PRO and INAM PRO+ Web portal",
               "schemeObj":"The objective of having such a platform was to reduce supply related delays in construction, check artificially inflated prices, create a free and fair market place and improve the trust in market by bringing in transparency. The upgraded version will have A-Z infrastructure materal and equipment needs.",
               "schemeDesc":"Minister for road transport and highways Nitin Gadkari launched INAM PRO+—an e-commerce platform for construction and infrastructure raw material for government and private procurement. The website inampro.nic.in launched by the National Highways and Infrastructure Development Corporation (NHIDCL), a road ministry public sector undertaking, will act as a repository of all raw materials suppliers and manufacturers in the country from where people and construction companies, along with public sector companies, can buy construction material at competitive rates. INAM PRO+ is an updated version of the INAM portal, which was launched by the ministry of road transport and highways in 2015, to procure cement. The portal has several features like the ability to track orders, adds more products (grade/type), and a payment gateway is incorporated for security purposes and swift cashless transfer of payments. The INAM portal has already done sales worth Rs32 crore in two years. The publicly visible prices have promoted transparency and enhanced ease of doing business. The companies registered on INAM-Pro have a committed supply of 27 million metric tons of cement at a price restricted by predefined ceiling values.",
               "schemeEligiiblity":"It is online web portal and it can be used by the people who are owning construction.",
               "schemeTargetGroup":"NIL",
               "schemeMiscDetails":"The upgraded portal will also offer: Infrastructure machinery like paver finisher, backhoe loaders, etc, Intelligent transport system equipment like CCTV, ECB, boom barriers, etc, Road furniture like road signage, road studs, etc, Haulage vehicles such as tippers, backhoe loaders, cranes, etc, Other services like road marking, ambulance, route patrolling, tree plantation and transplantation.",
               "schemeDepartments":"NIL"
            },
            {
               "schemeUiId":"M_0041_S_003",
               "schemeName":"SetuBharatam",
               "schemeObj":"The major objectives of the Setu Bharatam Project were: Construction of bridges in the national highways across the country, Construction of around 280 under and over railway tracks bridges by the Government with an expense of around Rs. 100 Crore, Around 64 bridges would get the green signal at the end of the year 2016, Use of scientific techniques such as measurement of distance, longitude, latitude, material, designs etc. during the construction of bridges.",
               "schemeDesc":"Prime Minister Shri Narendra Modi launched the Setu Bharatam programme for building bridges for safe and seamless travel on National Highways, in New Delhi. Speaking on the occasion he said that a good infrastructure network is vital for the growth and development of a nation. He said that in order to satisfy the aspirations and long felt needs of people it is necessary to bring in a qualitative change and a comprehensive, integrated approach to developing infrastructure in the country. Setu Bharatam launched by Prime Minister Narendra Modi on 4 March 2016 at a budget of ₹102 billion (US$1.5 billion), with an aim to make all national highways free of railway crossings by 2019 covers the construction of 208 rails over and under bridges (ROBs/RUBs) at unmanned railway crossings on national highways , widening of 1,500 dilapidated British-era bridges and rehabilitation or replacement in a phased manner at a cost of ₹208 billion and ₹300 billion respectively.",
               "schemeEligiiblity":"NIL",
               "schemeTargetGroup":"NIL",
               "schemeMiscDetails":"The detailed Project Reports have already been acknowledged for 73 Railway Over Bridges out of which 64 are likely to be sanctioned with an estimated cost of Rs. 5600 crore. More than 1500 old and worn down bridges will also be improved by replacement in a phased manner at a cost of about Rs. 30,000 crore.",
               "schemeDepartments":"NIL"
             },
             {
               "schemeUiId":"M_0041_S_004",
               "schemeName":"INFRACON",
               "schemeObj":"It is National Portal for Infrastructure Consultancy Firms and Key Personnel. It will act as a linking bridge between consultancy firms working in road engineering and construction sector and domain experts and key personnel deployed for project preparation and supervision. The portal will host the credentials of consultancy firms and also of key personnel and shall have linkages to Aadhar and Digi-locker for data validation and purity.",
               "schemeDesc":"Ministry of Road Transport & Highways, Government of India embarks on the development and upgradation of Highways & other Infrastructure Projects. For this purpose, it procures and uses the services of Consultancy firms and other domain experts in various fields related to Highways and Engineering called Key Personnel. The key personnel are deployed both for project preparation and supervision. In order to make the evaluation process during procurement more objective, user friendly and transparent, “INFRACON” has been developed by NHIDCL as a comprehensive National Portal for Infrastructure Consultancy firms & Key Personnel. The Portal has the facility to host Firms & Personnel CVs and Credentials online and has linkage to Aadhaar & Digi-locker for data validation & purity. The Portal also enables the agencies within MORTH facility to receive technical proposals through INFRACON. In order to do so, firms & key personnel are required to register on the portal online. This would lead to significant reduction in paper work during bid submission and also bring in Transparency & Accountability in the process. The information being captured on the portal and the input forms are so designed that it would aid in automating the evaluation process and would lead to quick and effective decision-making. ",
               "schemeEligiiblity":"NIL",
               "schemeTargetGroup":"NIL",
               "schemeMiscDetails":"INFRACON in future has the potential to become a Common Platform for both the Service Providers and Clients. It would also open a window for professionals engaged in the Infrastructure domain to showcase their experiences and contribute to Nation Building.",
               "schemeDepartments":"NIL"  
             },
             {
               "schemeUiId":"M_0041_S_005",
               "schemeName":"Bhoomi Rashi Portal",
               "schemeObj":"The objective of the Ministry is to fast-track economic growth, for which improved road connectivity, specifically expansion and upgradation of the National Highways network, is of vital importance.",
               "schemeDesc":"The Ministry of Road Transport & Highways has recently launched the BhoomiRashi portal. In the past years, acquisition of land for the purpose of National Highway projects, payment of compensation to the land owners etc were done manually by physical movement of documents in the form of files. However, in that procedure some constraints viz. delay in issuing notification, errors in the land/area details etc were being faced. In order to overcome these issues, to cut short delays and avoid parking of public funds with the Competent Authority for Land Acquisition (CALA), Ministry has developed a web based Utility –BhoomiRashi to fully digitize and automate the entire process of land acquisition. Land Acquisition is critical for the commencement and completion of construction of National Highways, which begins once the alignment plan and land acquisition plan for a specific project, are approved. The process starts with the appointment of a revenue functionary of the State Government as Competent Authority for Land Acquisition (CALA) for each NH Project. It ends at taking of physical possession of the land by the implementing authority and disbursal of compensation to each affected/interested party. MoRTH has developed Bhoomi Rashi - online Land Acquisition (LA) system which would provide linkage across authorities, eliminate the need of physical copy, reduce the formatting errors/clerical mistakes and enable easy tracking of the draft notification.",
               "schemeEligiiblity":"The portal would enhance the efficiency of the land acquisition process, ensure transparency and accountability, and result in e-transfer of benefits directly to the accounts of the beneficiaries. Its benefits would be faster process completion, transparent fund transfer to the land owners/beneficiaries and reduction of procedural errors.",
               "schemeTargetGroup":"NIL",
               "schemeMiscDetails":"Comprehensive details including names of 711 districts and 6,55,297 villages have been built into the system based on the population Census-2011, duly updated on the basis of revenue records of all the State Governments. The system helps in expediting the process by providing simultaneous Hindi translation and has been linked to the e-gazette for expeditious publication.",
               "schemeDepartments":"NIL"   
             },
             {
               "schemeUiId":"M_0041_S_006",
               "schemeName":"Char Dham Highway Project",
               "schemeObj":"The objectives of the project are to mitigate risk, reduce travel time and increase comfort for pilgrims. The Chardham Mahamarg Vikas Pariyojana or the Char Dham Highway Development Project is a 900-km-long two-lane highway, that will improve connectivity to these shrines on completion.",
               "schemeDesc":"The Ministry has taken up separate programme for connectivity Improvement for Char-Dham (Kedarnath, Badrinath, Yamunothri & Gangothri) in Uttarakhand. Out of total 53 civil works covering the entire length of 889 km under Chardham project, 40 civil works of total project cost amounting to Rs. 9474 crore (including cost of pre-construction works amounting to Rs. 491 cr.) in a  length of 673 km have been sanctioned. 34 works in a length of 604 km amounting to Rs. 7923 cr. have been awarded out of which 30 works amounting to Rs. 7679 cr. in length of 589 km are ongoing and 78 km length has been completed till March 2019 and 2 works amounting to Rs. 141 cr. in  a length of 1.1 km have completed. On September 26, 2018, the NGT gave its conditional nod to the Chardham highway project in view of larger public interest. It, however, stated the project would cause irreversible damage to regional ecology, the PTI report said. After that NGO Citizen for Green Doon filed a petitioned in the apex court. Subsequently, NGT had directed to constitute a panel headed by a former Uttarakhand High Court Judge to monitor the project. Tourists visiting four pilgrim-destinations in Uttarakhand popularly known as ‘Char Dham’ will soon have the convenience of all-weather roads connecting these places. The Supreme Court has modified the National Green Tribunal (NGT) order and cleared the decks for construction of over 880-km all-weather roads under the Chardham highway project. However, the apex court has ordered to form a panel to study environmental concerns related to the project. A high-powered committee (HPC) is being constituted by the Ministry of Environment and Forest, according to a PTI report.",
               "schemeEligiiblity":"NIL",
               "schemeTargetGroup":"NIL",
               "schemeMiscDetails":" The Draft Tourism Policy 2017 by Uttarakhand Tourism predicts that numbers of visitors to the state will grow to about 50 million or five crores by 2025. Of this, over two crore tourists are expected to be visiting for religious purposes.",
               "schemeDepartments":"NIL" 
             },
         ]
      },
         ]
      },

