{
   "ListOfMinistries":[
      {
         "ministryId":1,
         "ministryName":"Ministry of Rural Development",
         "ministrySchemesList":[
            {
               "schemeUiId":"M_0039_S_001",
               "schemeName":"SANSAD ADARSH GRAM YOJANA (SAANJHI)",
               "schemeObj":"The main objectives are: To trigger processes which lead to a holistic development of the identified Gram Panchayats. To substantially improve the standard of living and quality of life of all section of the population through - Improved basic amenities, Higher productivity, Enhanced human development, Better livelihood opportunity, Reduced disparities, Access to right and entitlements, Wider social mobilization, Enriched social capital. To generate models of local level development and effective local government which can motivate and inspire neighboring Gram Panchayats to learn and adapt. To nurture the identified Adarsh Grams as schools of local development to train other gram panchayat.",
               "schemeDesc":"Saansad Adarsh Gram Yojana was launched on 11th October 2014 with the aim to translate the comprehensive vision of Mahatma Gandhi about an ideal Indian village into reality, keeping in view the present context. Under SAGY, each Member of Parliament adopts a Gram Panchayat and guides its holistic progress giving importance for social development at par with infrastructure. The 'Adarsh Grams' are to become schools of local development and governance, inspiring other Gram Panchayats. By involving villagers and leveraging scientific tools, a village development plan is prepared under the leadership of Member of Parliament. The distinct feature of this Yojana is that it is: Demand Driven, Inspired by Society, Based on People's Participation. The Scheme is unique and transformative as it has a holistic approach towards development. It envisages integrated development of the selected village across multiple areas such as agriculture, health, education, sanitation, environment, livelihoods, etc. A Gram panchayat would be the basic unit. It will have a population of 3000-5000 in plain areas and 1000-3000 in the hilly, tribal and difficult area. The MP would be free to identify a suitable Gram Panchayat to be developed as Adarsh Gram, other than his/her own village or that of his/her spouse. The MP will identify one Gram Panchayat to be taken up immediately, and two other to be taken up little later. Lok Sabha MP has to choose a Gram Panchayat from within his/her constituency and Rajya Sabha MP a Gram Panchayat from the rural area of a district of his/her choice in the State from which he/she is elected.",
               "schemeEligiiblity":"Individuals and organizations (both Government/Private), PRIs, Civil Society Organizations can participate.",
               "schemeTargetGroup":"The goal was to develop three Adarsh Grams by March 2019, of which one was to be achieved by 2016. Thereafter, five such Adarsh Grams (one per year) will be selected and developed by 2024.",
               "schemeMiscDetails":"If each MP adopts three villages, the scheme will be able to develop 2,379 gram panchayats over the next five years. (The Lok Sabha has 543 MPs and the Rajya Sabha 250, of which 12 are nominated. There are 2,65,000 gram panchayats in India).",
               "schemeDepartments":"Department of Rural Development"
            },
           {
               "schemeUiId":"M_0039_S_002",
               "schemeName":"PRADHAN MANTRI GRAM SADAK YOJANA (PMGSY)",
               "schemeObj":"The program envisages connecting all habitations with population of 500 persons and above in plain areas and 250 persons and above in hill states, tribal areas, deserts and 60 left wing extremism affected 1,36,464 habitations were targeted for providing road connectivity under PMGSY. The program also has ‘upgradation’ component with a target to upgrade 3.75 lakh KM of existing rural roads in order to ensure full market connectivity.",
               "schemeDesc":"Rural Road Connectivity is not only a key component of Rural Development by promoting access to economic and social services and thereby generating increased agricultural incomes and productive employment opportunities in India, it is also as a result, a key ingredient in ensuring sustainable poverty reduction. Hence, Government launched the Pradhan Mantri Gram Sadak Yojana on 25th December, 2000 to provide all-weather access to unconnected habitations. Notwithstanding the efforts made, over the years, at the State and Central levels, through different Programmes, about 40% of the Habitations in the country are still connected by all weather roads. Government have resolved to provide Rural Road Connectivity to all habitations and accordingly decided that 50% of the Cess on High Speed Diesel (HSD) would be earmarked for this Programme. Accordingly, Rs. 2500 crore (being 50% of the Cess on High Speed Diesel (HSD) has been earmarked for the purpose during the year 2000- 2001. On the 15th August 2000, the Prime Minister announce a Centrally Sponsored Scheme called the Pradhan Mantri Gram Sadak Yojana with the objective of connecting, within next three years, every village that has a population of more than 1000 through good All-weather roads and every village of more than 500 persons similarly connected by the year 2007. The budget for the year 2000-2001 indicates the flow of funds for Rural Roads as Additional Central Assistance.",
               "schemeEligiiblity":"The PMGSY will permit the upgradation (to the prescribed standards) of the existing roads in those districts where all the eligible habitations of the designated population size have been provided all weather road connectivity.",
               "schemeTargetGroup":"The basic target of the program is to create a good connectivity of the rural areas by constructing roads which are resistant to all-weather conditions also having culverts and cross-drainage system. Rural road network having more traffic will be preferred first for the Upgradation work under this program.",
               "schemeMiscDetails":"In budget 2017-18, the total allocation of funds to PMGSY is Rs 19,000 crore (Rs 1,07,758 crore allocated to MORD). Between April, 2000 to 25thJanuary 2017, the PMGSY has connected 1.9 lakh habitations across the country. This amounts to 17% of all habitations.",
               "schemeDepartments":"Department of Rural Development"
            },
            {
               "schemeUiId":"M_0039_S_003",
               "schemeName":"SHYAMA PRASAD MUKHERJI RURBAN MISSION",
               "schemeObj":"The mission aims to provide a new impetus to economic development at the local level. It will also provide a comprehensive transformation to these rural clusters by increasing basic services and creating well-organized rural clusters. This will lead to the overall development of the region and will promote integrated and inclusive rural development.",
               "schemeDesc":"Shyama Prasad Mukherji National Rurban Mission (SPMRM) completed its four years on February 21, 2020. The mission was launched by the Prime Minister, Narendra Modi on February 21, 2016. It was launched with a mission to bring about comprehensive changes in rural areas that have reached the threshold of development. It identifies rural clusters across the country where increasing signs of urbanization such as increased urban density, higher levels of non-agricultural employment, increased economic activity and other signs of urbanization are found. The 'Rurban Cluster' is a cluster of villages geographically adjacent to each other with a population of about 25,000 to 50,000 in the plains and coastal areas and 5,000 to 15,000 in the desert, hilly or tribal areas. As far as practicable, the village cluster is the unit of administrative convergence of gram panchayats and will be under one block/tehsil for administrative convenience. SPMRM clusters are selected from the following components during its baseline survey: (i) Social Infrastructure, (ii) Rural Housing, (iii) Agri-Services Processing and Allied Activities, (iv) Electrification Sports Infrastructure, (v) Access to Village Streets With Drains, (vi) Inter Village Roads Connectivity, (vii) Piped Water Supply, (viii) Skill Development Training Linked to Economic Activities, (ix) LPG Gas Connection, (x) Health, (xi) Education, (xii) Digital Literacy, (xiii) Citizens Service Centres, (xiv) Solid and Liquid Waste Management, (xv) Environment, (xvi) Employment Generation and SHG Formation, (xvii) Tourism Promotion, (xviii) Village Street Lights and (xix) Sanitation, (xx) Public Transport, (xxi) Social Welfare.",
               "schemeEligiiblity":"Selection criteria : There will be two categories of clusters under NRuM: Non-Tribal and Tribal The process of selection will vary for each of these categories. While selecting the Rurban cluster the State may identify a large village/gram panchayat that are growth centers with resources available in the area that could potentially lead the economic transformation of the region. These growth centers could also be block headquarter villages or census towns. The clusters could then be formed by identifying geographically contiguous villages/gram panchayats within a radius of 5–10 km (or radius appropriate to the population density and geography of the region) around the identified growth center.",
               "schemeTargetGroup":"The Mission aims at development of 300 Rurban clusters, in the next five years. These clusters would be strengthened with the required amenities, for which it is proposed that resources be mobilized through convergence of various schemes of the Government, over and above which a Critical Gap Funding (CGF) would be provided under this Mission, for focused development of these clusters.",
               "schemeMiscDetails":"This mission has two components related to funding or finance: (1) Modified funds through various Central Sector Schemes, Centrally Sponsored Schemes, State Sector / Sponsored Schemes / Programs, CSR Funds, (2) Critical Gap Funds (CGF). It provides for a CGF up to Rs 30 crore per cluster for non-tribal clusters and up to Rs 15 crore per cluster for clusters in tribal and hilly states.",
               "schemeDepartments":"Department of Rural Development"
            },
            {
               "schemeUiId":"M_0039_S_004",
               "schemeName":"MAHATMA GANDHI NATIONAL RURAL EMPLOYMENT GUARANTEE ACT (MGNREGA)",
               "schemeObj":"The objective of the Act is to enhance livelihood security in rural areas by providing at least 100 days of guaranteed wage employment in a financial year to every household whose adult members volunteer to do unskilled manual work.",
               "schemeDesc":"The Mahatma Gandhi National Rural Employment Guarantee Act (MGNREGA), also known as Mahatma Gandhi National Rural Employment Guarantee Scheme (MNREGS) is Indian legislation enacted on August 25, 2005. The MGNREGA provides a legal guarantee for one hundred days of employment in every financial year to adult members of any rural household willing to do public work-related unskilled manual work at the statutory minimum wage. MGNREGA Goals : Strong social safety net for the vulnerable groups by providing a fall-back employment source, when other employment alternatives are scarce or inadequate. Growth engine for sustainable development of an agricultural economy. Through the process of providing employment on works that address causes of chronic poverty such as drought, deforestation and soil erosion, the Act seeks to strengthen the natural resource base of rural livelihood and create durable assets in rural areas. Effectively implemented, MGNREGA has the potential to transform the geography of poverty. Empowerment of rural poor through the processes of a rights-based Law. New ways of doing business, as a model of governance reform anchored on the principles of transparency and grass root democracy. The Act was notified in 200 districts in the first phase with effect from February 2nd 2006 and then extended to additional 130 districts in the financial year 2007-2008 (113 districts were notified with effect from April 1st 2007, and 17 districts in UP were notified with effect from May 15th 2007). The remaining districts have been notified under the NREGA with effect from April 1, 2008. Thus NREGA covers the entire country with the exception of districts that have a hundred percent urban population.",
               "schemeEligiiblity":"NIL",
               "schemeTargetGroup":"The key stakeholders are: Wage seekers, Gram Sabha (GS), Three-tier Panchayati Raj Institutions (PRIs), Programme Officer at the Block level, District Programme Coordinator (DPC), State Government, Ministry of Rural Development (MoRD), Civil Society, Other stakeholders [viz. line departments, convergence departments, Self-Help Groups(SHGs), etc.]",
               "schemeMiscDetails":"Central Government -100% of wages for unskilled manual work, 75% of the material cost of the schemes including payment of wages to skilled and semi-skilled workers. State Government- 25% of material including payment of wages to skilled and semi skilled workers cost. 100% of the unemployment allowance by the state government.",
               "schemeDepartments":"Department of Rural Development"
            },
           {
               "schemeUiId":"M_0039_S_005",
               "schemeName":"MISSION ANTYODAYA",
               "schemeObj":"Ensuring effective use of resources through the convergence of various Government Schemes with Gram Panchayats as the basic unit of planning. Work with a focused micro plan for sustainable livelihood for every deprived households. Conduct an annual survey on measurable outcomes at the Gram Panchayat level to monitor the progress in the development process across rural areas. Supporting the process of participatory planning for Gram Panchayat Development Plan (GPDP), which will improve service delivery, enhance citizenship, create a pace for an alliance of people’s institutions and groups and improve governance at the local level. Encourages partnerships with a network of professionals, institutions, and enterprises to further accelerate the transformation of rural livelihoods.",
               "schemeDesc":"Mission Antyodaya is a convergence and accountability framework aiming to bring optimum use and management of resources allocated by 27 Ministries/ Department of the Government of India under various programmes for the development of rural areas. It is envisaged as a state-led initiative with Gram Panchayats as focal points of convergence efforts. An annual survey in Gram Panchayats across the country is an important aspect of the Mission Antyodaya framework. It is carried out coterminous with the People’s Plan Campaign (PPC) of Ministry of Panchayat Raj and its’ purpose is to lend support to the process of participatory planning for Gram Panchayat Development Plan (GPDP). Planning should consider the household and the villages as the basic unit of planning that facilitates household level micro-plan and Gram Panchayat Development Plan (GPDP). Harmonizing selection criteria, implementation processes and guidelines, and availability of funds at the same time is thus critical for implementation. This would need the pooling of financial and human resources in different schemes of the government and their rationalization in implementing the plans at the HH level and GPDP. “Mission Antyodaya” encourages addressing all identified deprivations in a time-bound manner through intensifying coverage of government schemes to address individual, household and community-level deprivations in saturation mode. Provisions of public services and improving access are necessary but not sufficient to address multiple deprivations. In this endeavour, over 25 Departments/Ministries of the Government are expected to provide resources to the Antyodaya GPs/Clusters on a priority basis through their programmes with a thrust on pooling of resources and delivery in saturation mode. Mission Antyodaya is an accountability and convergence framework for transforming lives and livelihoods on measurable outcomes.",
               "schemeEligiiblity":"State, Development Block, District and Gram Panchayat users are eligible to enter data in Mission Antyodaya system.",
               "schemeTargetGroup":"These households require targeted interventions under government’s various schemes and programmes in areas such as wage creation, skill generation, social security, education, health, nutrition and livelihood creation.",
               "schemeMiscDetails":"Mission Antyodaya mobile application can be downloaded from Google play Store. It is also available to download at Mission Antyodaya Web Portal i.e.https://missionantyodaya.nic.in .",
               "schemeDepartments":"Department of Rural Development"
            },
            {
               "schemeUiId":"M_0039_S_006",
               "schemeName":"PRADHAN MANTRI AWAS YOJANA (GRAMEEN)",
               "schemeObj":"Building and/ or enhancing the houses led by legatees. Promotion of ‘Affordable Housing’ for weaker section through credit linked subsidy. Rehabilitation of existing slum dwellers with private sector participation using land as resource. Affordable housing in association with private and government funding.",
               "schemeDesc":"Pradhan Mantri Awas Yojana is a scheme by the Indian Government that takes limelight to make it better for homeless people in India. The main proposal of this scheme is to construct 20 million homes for those people belonging to the Low-Income Families, Middle Income Groups and Economically Weaker Sections by 2022. The salient features of the PMAYG scheme are as follows: The cost of the unit will be shared in a 60:40 ratio between the Central and State governments in plain areas, i.e., Rs.1.20 lakh of assistance for each unit. In the Himalayan states, northeastern states, and the Union Territory (UT) of Jammu & Kashmir, the ratio is 90:10 with up to Rs.1.30 lakh of assistance for each unit. 100% financing from the Centre for Union Territories including the UT of Ladakh. Beneficiaries are provided Rs.90.95 per day of unskilled labor from MGNREGS. Beneficiaries are identified using parameters from Socio Economic and Caste Census (SECC) and verified by Gram Sabhas. Assistance for construction of toilets of up to Rs.12,000 to be provided under Swacch Bharat Mission-Gramin (SBM-G) in collaboration with MGNREGS or other schemes. Payments are made electronically directly to bank accounts or post office accounts that are linked to Aadhaar. Under the scheme, beneficiaries can avail a loan of up to Rs.70,000 from financial institutions :  Interest subsidy is 3%, The maximum principal amount for the subsidy is Rs.2 lakh, The maximum amount of subsidy that can be availed is Rs.38,359 for the EMI payable.",
               "schemeEligiiblity":"People belonging to low-income group families, middle income groups and economically weaker section of the society is elgible for PMAY. Moreover, if you fulfill the stated eligibility and if your family comprises of husband, wife and unmarried children you can avail this PMYA benefits. In order to avail the benefits of PMYA scheme the person should not own a pucca house either in his name or in the name of any member of your family in any part of India to receive central assistance under the Mission.",
               "schemeTargetGroup":"Identification of beneficiaries eligible for assistance and their prioritisation to be done using information from Socio Economic and Caste Census (SECC) ensuring total transparency and objectivity. The list will be presented to Gram Sabha to identify beneficiaries who have been assisted before or who have become ineligible due to other reasons. The finalised list will be published. Annual list of beneficiaries will be identified from the total list through participatory process by the Gram Sabha. Gram Sabha will need to justify in writing with reasons for any alteration of priority in the original list.",
               "schemeMiscDetails":"The households with an annual income up to Rs. 3 Lakh will be considered as Economically Weaker Section- EWS. The households with an annual income between Rs. 3 Lakh to Rs. 6 Lakh will fall under Lower Income Group-LIG. Whereas the families annual incomes of above Rs 6 lakhs to Rs 18 lakhs will fall under the bracket of Middle-Income Groups- MIG.",
               "schemeDepartments":"Department of Rural Development"
            },
            {
               "schemeUiId":"M_0039_S_007",
               "schemeName":" NATIONAL SOCIAL ASSISTANCE PROGRAMME",
               "schemeObj":"National Social Assistance Programme is a social security and welfare programme to provide support to aged persons, widows, disabled persons and bereaved families on death of primary bread winner, belonging to below poverty line households.",
               "schemeDesc":"NSAP was launched on 15th August, 1995. The National Social Assistance Programme (NSAP) represents a significant step towards the fulfillment of the Directive Principles in Article 41 and 42 of the Constitution recognizing the concurrent responsibility of the Central and the State Governments in the matter. In particular, Article 41 of the Constitution of India directs the State to provide public assistance to its citizens in case of unemployment, old age, sickness and disablement and in other cases of undeserved want within the limit of its economic capacity and development. Components of NSAP : The NSAP at its inception in 1995 had three components namely, (i)National Old Age Pension Scheme (NOAPS), (ii)National Family Benefit Scheme (NFBS) and (iii)National Maternity Benefit Scheme (NMBS). The National Maternity Benefit Scheme (NMBS) was subsequently transferred on 1st April, 2001 from the Ministry of Rural development to the Ministry of Health and Family Welfare. On 1st April, 2000 a new Scheme known as Annapurna Scheme was launched. This scheme aimed at providing food security to meet the requirement of those senior citizens who, though eligible, have remained uncovered under the NOAPS. In February 2009, two new Schemes known as Indira Gandhi National Widow Pension Scheme (IGNWPS) and Indira Gandhi National Disability Pension Scheme (IGNDPS) were introduced. Presently NSAP comprises of five schemes, namely – Indira Gandhi National Old Age Pension Scheme (IGNOAPS), Indira Gandhi National Widow Pension Scheme (IGNWPS), Indira Gandhi National Disability Pension Scheme (IGNDPS), National Family Benefit Scheme NFBS) and Annapurna.",
               "schemeEligiiblity":"For getting benefits under NSAP the applicant must belong to a Below Poverty Line (BPL) family according to the criteria prescribed by the Govt. of India. The other eligibility criteria and the scale of central assistance under the sub - schemes of NSAP. Besides the central assistance, states / UT contribute an equal amount as their share.",
               "schemeTargetGroup":"Senior Citizen, Widow, Handicapped.",
               "schemeMiscDetails":"It aims to provide financial assistance to the elderly, widows and persons with disabilities in the form of social pensions.Coverage: It currently covers more than three crore people who are below the poverty line (BPL), including about 80 lakh widows, 10 lakh disabled and 2.2 crore elderly.",
               "schemeDepartments":"Department of Rural Development"
            },
            {
               "schemeUiId":"M_0039_S_008",
               "schemeName":"DEENDAYAL ANTYODAYA YOJANANATIONAL RURAL LIVELIHOODS MISSION (DAY-NRLM)",
               "schemeObj":"The Mission aims at creating efficient and effective institutional platforms of the rural poor enabling them to increase household income through sustainable livelihood enhancements and improved access to financial services. In November 2015, the program was renamed Deendayal Antayodaya Yojana (DAY-NRLM).",
               "schemeDesc":"Deen Dayal Antyodaya Yojana was launched under the Ministry of Housing and Urban Poverty Alleviation (HUPA). Government of India has provisioned Rs.500 crore for the scheme. The scheme is integration of the National Urban Livelihoods Mission (NULM) and National Rural Livelihoods Mission (NRLM). DAY - NRLM - Guiding Principles : Poor have a strong desire to come out of poverty, and they have innate capabilities. Social mobilization and building strong institutions of the poor is critical for unleashing the innate capabilities of the poor. An external dedicated and sensitive support structure is required to induce the social mobilization, institution building and empowerment process. Facilitating knowledge dissemination, skill building, access to credit, access to marketing, and access to other livelihoods services underpins this upward mobility. DAY - NRLM Values The core values which guide all the activities under NRLM are as follows: Inclusion of the poorest, and meaningful role to the poorest in all the processes, Transparency and accountability of all processes and institutions, Ownership and key role of the poor and their institutions in all stages – planning, implementation, and, monitoring. Community self-reliance and self-dependence.",
               "schemeEligiiblity":"NIL",
               "schemeTargetGroup":"NRLM set out with an agenda to cover 7 Crore rural poor households, across 600 districts, 6000 blocks, 2.5 lakh Gram Panchayats and 6 lakh villages in the country through self-managed Self Help Groups (SHGs) and federated institutions and support them for livelihoods collectives in a period of 8-10 years.",
               "schemeMiscDetails":"NIL",
               "schemeDepartments":"Department of Rural Development"
            },
            {
               "schemeUiId":"M_0039_S_009",
               "schemeName":"DISTRICT DEVELOPMENT COORDINATION AND MONITORING COMMITTEE (DISHA)",
               "schemeObj":"District Development and Monitoring Committee (DISHA) is being formed with a view to fulfill the objective of ensuring better coordination among all the elected representatives in Parliament, State Legislatures and Local Governments (Panchayati Raj Institutions/Municipal Bodies) for efficient and time-bound development of districts in our country.",
               "schemeDesc":"District Development Coordination and Monitoring Committees (DISHAs) have been formed to ensure better coordination among all the elected representatives in Parliament, State Legislatures and Local Governments (Panchayati Raj Institutions/Municipal Bodies) for efficient and time-bound development. It is a government wide initiative that seeks to promote participative governance and deliberative democracy.DISHA seeks to achieve this by facilitating a quarterly review of all development activity at the district level. The Chairperson of a DISHA committee is the senior most Member of Parliament (Lok Sabha) elected from the district and nominated by the Ministry of Rural Development. DISHA committee meetings will be held on a quarterly basis, under the chairmanship of the MP, and will be attended by all elected representatives and officials from the district.<br/> The DISHA committees will have powers to seek information and demand effective follow up on issues raised during the deliberations at the DISHA meetings. The District Collector is the Member Secretary responsible for convening the meeting and ensuring effective and timely follow up.Number of Meetings Meetings of the DISHA should be held at least once in every quarter, after giving sufficient notice to the Hon’ble MPs/MLAs and all other Members. During the year at least 4 meetings are to be organized. This committee will have coordination and Monitoring powers. Its role is to facilitate the timely execution of approved projects. It will have powers in seeking effective follow up of issues raised during the deliberation.",
               "schemeEligiiblity":"NIL",
               "schemeTargetGroup":"The DISHA Dashboard aims at creating a data-driven governance solution for elected representatives for planning, monitoring and evaluating multiple parameters of various schemes under DISHA.",
               "schemeMiscDetails":"As per available data on the number of DISHA meetings conducted across years and the number of districts covered under the programme, it was observed that the total number of meetings conducted in 2016-17 was 854 across 485 districts, compared to 820 in 2017-18 and 662 numbers of meetings during 2018-19. Similarly, the number of districts covered was 441 and 398 during 2017-18 and 2018-19, respectively.",
               "schemeDepartments":"Department of Rural Development"
            },
            {
               "schemeUiId":"M_0039_S_0010",
               "schemeName":"AJEEVIKA GRAMEEN EXPRESS YOJANA",
               "schemeObj":"The objective of the Aajeevika Grameen Express Yojana (AGEY) scheme is to offer members of Self Help Groups an alternative household income by facilitating them to operate public transport (e-rickshaws, three and four wheeler motor vehicles) in backward rural areas. Furthermore, it aims to provide a secure, affordable and community-monitored rural transport services connecting distant villages with prime services and amenities for the overall development of the area.",
               "schemeDesc":"The Ministry of Rural Development has introduced a new scheme called Aajeevika Grameen Express Yojana (AGEY) as an initiative to assist the Self Help Groups (SHG) of backward areas. It was launched under Deendayal Antyodaya Yojana – National Rural Livelihood Mission (DAY-NRLM) scheme, which aims to alleviate poverty by providing skill training. The sub-scheme will provide safe, affordable and community monitored rural transport services like e-rickshaws, 3 and 4 wheeler motorised transport vehicles to connect remote villages with key services and amenities including access to markets, education and health for the overall economic development of the area. The Aajeevika Grameen Express Yojana will be implemented in 250 blocks in India on a pilot basis for a period of 3 years from 2017-18 to 2019-20. Under DAY-NRLM, till date, 34.4 lakh women Self Help Groups have been promoted under the programme. The financial support under the programme is mainly in the form of Revolving Fund and Community Investment Funds, given as grants to the Self Help Groups and their federations.The programme has a special focus on women empowerment including a dedicated component for promoting farm and non-farm based livelihoods for women farmers in rural areas.",
               "schemeEligiiblity":"The following criteria must be satisfied to avail benefit under the Aajeevika Grameen Express Yojana (AGEY) scheme: Only a member of Self Help Group (SHG) is eligible to benefit from this scheme. The SHG member selected must be literate. The selected SHG member should possess a valid commercial driving license to drive the vehicle. Alternatively, a family member possessing a valid commercial license is eligible.",
               "schemeTargetGroup":"NIL",
               "schemeMiscDetails":"In addition, start-up enterprises at village levels are also supported to promote entrepreneurial activities in those areas. Projects have been sanctioned for setting up 79,814 enterprises in 5209 villages in 17 states in the country.",
               "schemeDepartments":"Department of Rural Development"
            },
            {
               "schemeUiId":"M_0039_S_0011",
               "schemeName":"START UP VILLAGE ENTREPRENEURSHIP PROGRAMME",
               "schemeObj":"Its key objectives include: Facilitating the rural poor in setting up their enterprises in its proof of concept phase by developing a sustainable model for village entrepreneurship promotion. This shall be carried out through integrated ICT techniques and tools for training and capacity building, enterprise advisory services and the provision of loans from banks/SHGs and federations. Developing local resources by training a pool of village level community cadre (CRP EP) and building the capacity of NRLM and SHG federations to monitor and direct the work of the CRP-Eps. Aiding rural entrepreneurs to access finance for starting their enterprises. The source of such funding could be from the NRLM SHG and federations and banking systems (which includes the proposed MUDRA bank). Supporting the rural entrepreneurs in the initial six months of its establishment. Working with the input and output supply chains for farm produce, artisanal products and other goods and services to help increase rural incomes.",
               "schemeDesc":"Start-up Village Entrepreneurship Programme (SVEP), the sub-scheme under the Deendayal Antyodaya Yojana - National Rural Livelihoods Mission (DAY-NRLM) has the objective of helping rural households including women to set-up enterprises. Implementation of SVEP shall be managed by NRLM through the State Rural Livelihood Missions. Key elements of the programme : Create a Block Resource Centre – Enterprise Promotion (BRC-EP); The BRC should act as a nodal centre to implement SVEP. Block Level Federation (BLF) to come up under NRLM could be one of institutional platforms for BRC. Cluster Level Federation (CLF) /VOs shallhold the entity till BLF comes into existence. BRC should follow a self-sustaining revenue model. BRC to be assisted by CRP-EP and the Bank Coordination System (Bank Mitra). BRC to provide resource and reference material including videos, manuals etc. Help enterprises get bank finance using tablet based software for making the business feasibility plan, doing credit appraisal and tracking business performance. Use the Community Investment Fund (CIF) to provide seed capital for starting the business till it reaches a size where bank finance is needed. SVEP implementation at the block level to consist of the following sets of processes: New Enterprise Development, Support for existing enterprises, Block level activities and Other project activities.",
               "schemeEligiiblity":"Any Rural poor who is willing to be entrepreneurial and self reliant is eligible to be part of this programme. Highly vulnerable beneficiaries under MGNREGA, marginalized sections, women, SC and ST communities and rural artisans will be given specific preference in selection, as part of this programme.",
               "schemeTargetGroup":"The long term vision of the SVEP is to provide support for start-up to 1 crore village enterprises and provide direct employment to 2 crore people. The SVEP shall help the rural poor come out of poverty by helping them set up enterprises and provide support till the enterprises stabilize.",
               "schemeMiscDetails":"The scheme was approved during 2015-16 and the enterprise formation started in 2017-18. As on 30th November 2018, a total of 30,352 enterprises were formed across 20 States where the scheme is operational.",
               "schemeDepartments":"Department of Rural Development"
            },
            {
               "schemeUiId":"M_0039_S_0012",
               "schemeName":"DDU GRAMEEN KOUSHALYA YOJANA (DDU-GKY)",
               "schemeObj":"Make NIRDPR the nodal advisory institute for skilling and placement linked programs for rural youth in the country by 2020. Enhance the competencies of stakeholders and functionaries in the effective implementation of placement linked skills programs for the benefit of the rural youth in India. Be a knowledge repository of skilling initiatives and programs in the developing world. To be the leader in impact evaluation research of skilling programs.",
               "schemeDesc":"Deen Dayal Upadhyaya Grameen Kaushalya Yojana (DDU-GKY) is the skilling and placement initiative of the Ministry of Rural Development (MoRD), Government of India. DDU-GKY has its origins in the Aajeevika Skills programme and the ‘Special Projects’ component of the Swarnjayanti Gram Swarozgar Yojana (SGSY). The scheme focuses on catering to the occupational aspirations of rural youth and enhancing their skills for wage employment. DDU-GKY follows a 3-tier implementation model.   The DDU-GKY National Unit at MoRD functions as the policy-making, technical support and facilitation agency.   The DDU-GKY State Missions provide implementation support, and the Project Implementing Agencies (PIAs) implement the programme through skilling and placement projects. Key features of DDU-GKY : Multi-Partner Approach, Focus on sustainability, Quality Assurance Framework, Employing Technology in implementation, A Geo-Tagged Time Stamped Biometric Attendance Record. DDU-GKY provides funding support for placement linked skilling projects that address the market demand with funding support ranging from Rs. 25,696 to over Rs. 1 lakh per person, depending on the duration of the project and whether the project is residential or non-residential. DDU-GKY funds projects with training duration from 576 hours (3 months) to 2304 hours (12 months). Funding components under DDU-GKY funds a variety of skill training programs covering over 250 trades sectors such as Retail, Hospitality, Health, Construction, Automotive, Leather, Electrical, Plumbing, Gems and Jewelry, etc. The only mandate is that skill training should be demand based and lead to placement of at least 75% of the trainees.",
               "schemeEligiiblity":"Rural Youth:15 - 35 Yrs and SC/ST/Women/PVTG/PWD: upto 45 Yrs.",
               "schemeTargetGroup":"To provide technical services such as monitoring, evaluation, training, content development, and research for the programs undertaken by Government at national level to enable rural poor youths including socially disadvantaged groups to secure a better future.",
               "schemeMiscDetails":"DDU-GKY is present in 28 States and UTs, across 689 districts, impacting youth from over 7,426 blocks. It currently has over 1,575 projects being implemented by over 717 partners, in more than 502 trades from 50 industry sectors. Over 9.9 Lakh candidates have been trained and over 5.3 Lakh candidates have been placed in jobs as on 1st April, 2020. From 2012, DDU-GKY has so far committed an investment of more than INR 5,600 Crores, impacting rural youth pan-India.",
               "schemeDepartments":"Department of Rural Development"
            },
            {
               "schemeUiId":"M_0039_S_0013",
               "schemeName":"NEERANCHAL NATIONAL WATERSHED PROJECT",
               "schemeObj":"Recognization of watershed. Adequate water supply for domestic, agricultural and industrial needs. Abatement of organic, inorganic and soil pollution. To protect and enhance the water resource originating in the watershed. To increase infiltration of rain water.",
               "schemeDesc":"Union Government has signed a loan agreement with World Bank for the Neeranchal National Watershed Project to improve watershed management in rural rain fed areas. The loan credit will support the watershed activities of the Pradhan Mantri Krishi Sinchayee Yojana (PMKSY) in selected sites in 9 states. These states are Andhra Pradesh, Chhattisgarh, Telangana, Jharkhand, Gujarat, Maharashtra, Madhya Pradesh, Odisha and Rajasthan. Key facts : World Bank will provide loan of US$ 178.50 million with a maturity of 25 years, including a 5 year grace period. The loan has been sanctioned by the World Bank’s concessionary lending arm International Development Association (IDA). It will give impetus to longstanding partnership between the World Bank and Union Government in the watershed management. The project is implemented by the Union Ministry of Rural Development over a six-year period (2016-21) to achieve objectives PMKSY. It will support the PMKSY in hydrology and water management, agricultural production systems, capacity building and monitoring and evaluation. It seeks to ensure access to irrigation to every farmland (Har Khet Ko Pani) and for efficient use of water (Per Drop More Crop). The project was approved by the Union Cabinet in October 2015 with a total budget outlay of Rs.2142 crore. Of the total amount Government’s share was of Rs.1071 crore (50%) and the rest 50% of the World Bank.",
               "schemeEligiiblity":"The ultimate beneficiaries of the project are small and marginal farmers, including women, Self-Help Groups (SHGs) involved in watershed activities and agriculture, and asset-less persons.",
               "schemeTargetGroup":"National water project will help improving agriculture and milk production in water-stressed area. This’ll help in a long way to double farmers’ income by 2022.",
               "schemeMiscDetails":"In the first operation phase the project will be initiated in 05 sub-watersheds (of approximately 5000 ha each) in each of two focal districts or 10 in each State. ln the second phase the lessons learned and approaches would be adopted in another 20 sub-watersheds in each district or 40 in each State.The project will be implemented from 2016-2017 to 2021-2022.",
               "schemeDepartments":"Department of Land Resources"
            },
         ]
      },
         ]
      },

