{
   "ListOfMinistries":[
      {
         "ministryId":1,
         "ministryName":"அறிவியல் மற்றும் தொழில்நுட்ப அமைச்சகம்",
         "ministrySchemesList":[
       {
               "schemeUiId":"M_0033_S_001",
               "schemeName":"தேசிய பயோபார்மா மிஷன்",
               "schemeObj":"அதன் நோக்கம் கல்வி ஆராய்ச்சியாளர்களின் மொழிபெயர்ப்பு திறனை வலுப்படுத்துவது, தயாரிப்பு வளர்ச்சியின் ஆரம்ப கட்டங்களில் செலவு மற்றும் ஆபத்தை குறைப்பதன் மூலம் உயிர் தொழில்முனைவோர் மற்றும் SME களை மேம்படுத்துதல் மற்றும் தொழில்துறையின் புதுமைகளை உயர்த்துவதும் ஆகும்.",
               "schemeDesc":"தேசிய பயோஃபார்மா மிஷனின் கீழ் உயிர் மருந்து தயாரிப்புகளுக்கான ஆரம்பகால வளர்ச்சியை நோக்கிய ஆராய்ச்சியை விரைவுபடுத்துவதற்கான நெகிழ்வான நிதி ஏற்பாட்டிற்காக மத்திய அரசு உலக வங்கியுடன் ஒப்பந்தம் செய்துள்ளது. திட்ட அமலாக்க நிறுவனம், பயோடெக்னாலஜி தொழில் ஆராய்ச்சி உதவி கவுன்சில் (BIRAC), பயோடெக்னாலஜி துறையின் பொதுத்துறை நிறுவனம், பொருளாதார விவகாரங்கள் துறை, நிதி அமைச்சகம் மற்றும் உலக வங்கி சார்பாக புனரமைப்பு மற்றும் மேம்பாட்டுக்கான சர்வதேச வங்கி (ஐபிஆர்டி) இடையே இந்த ஒப்பந்தம் கையெழுத்தானது. உலக வங்கி கடன் மூலம் 50% நிதியுதவியுடன் ஐந்தாண்டுகளுக்கு 250 மில்லியன் அமெரிக்க டாலர் செலவில் 2017 ஆம் ஆண்டில் அறிவியல் மற்றும் தொழில்நுட்ப அமைச்சகத்தால் இந்த பணி தொடங்கப்பட்டது. பொது சுகாதாரக் கவலைகளை எதிர்த்துப் போராடுவதற்கான தடுப்பூசிகள், உயிரியல் மற்றும் மருத்துவ சாதனங்கள் போன்ற நாவல், மலிவு மற்றும் பயனுள்ள உயிர் மருந்து தயாரிப்புகளின் வடிவமைப்பு மற்றும் மேம்பாட்டுக்கு இந்தியா மையமாக மாற்றுவதை இது நோக்கமாகக் கொண்டுள்ளது. இது பொது சுகாதாரத் தேவைகளை நிவர்த்தி செய்வதற்கான உடனடி தயாரிப்பு வளர்ச்சிக்கு மட்டுமல்லாமல், சுற்றுச்சூழல் அமைப்பை உருவாக்கவும் உதவும், இது தயாரிப்புகளின் தொடர்ச்சியான குழாய்வழியை உருவாக்க உதவும். நான்கு செங்குத்துகளைப் பின்பற்றுவதில் இது கவனம் செலுத்துகிறது: நிர்வகிக்கப்பட்ட கூட்டாண்மைகளில் கவனம் செலுத்துவதன் மூலம் பொது சுகாதாரத் தேவைக்கு பொருத்தமான தடுப்பூசிகள், பயோசிமிலர்கள் மற்றும் மருத்துவ சாதனங்களுக்கான தயாரிப்பு தடங்களை உருவாக்குதல். பகிரப்பட்ட உள்கட்டமைப்பு வசதிகளை மேம்படுத்துதல் மற்றும் அவற்றை தயாரிப்பு கண்டுபிடிப்பு / கண்டுபிடிப்பு சரிபார்ப்பு மற்றும் உற்பத்தி மையங்களாக நிறுவுதல். குறிப்பிட்ட பயிற்சி அளிப்பதன் மூலம் மனித மூலதனத்தை உருவாக்குதல். தொழில் கல்வி இடை-இணைப்புகளை மேம்படுத்த உதவும் தொழில்நுட்ப பரிமாற்ற அலுவலகங்களை உருவாக்குதல்.",
               "schemeEligiiblity":"நிறுவனத்திற்கு- 51% பங்குதாரர் இந்திய குடிமகன். எல்.எல்.பி-க்கு 51% பங்காளிகள் இந்திய குடிமகனாக இருக்க வேண்டும். கல்வி பொது, தனியார், லாபத்திற்காக அல்ல ஆராய்ச்சி அடித்தளங்கள். தொடர்புடைய இந்திய சிலை / அங்கீகாரத்திற்கு தேவையான ஆவணங்களை சமர்ப்பிப்பதன் மூலம் தகுதி நிறுவப்பட வேண்டும்.",
               "schemeTargetGroup":"தயாரிப்பு வளர்ச்சியில் கவனம் செலுத்துவதன் மூலம், தயாரிப்பு மேம்பாட்டிற்கான பகிர்வு உள்கட்டமைப்பை இந்த மிஷன் வலுப்படுத்தி உருவாக்கும், மேலும் அறிவு உருவாக்கம் மற்றும் தொழில்நுட்ப வலிமை மற்றும் தொழில்நுட்ப நிர்வாகத்திற்கான திறன் மேம்பாட்டுக்கான சிறந்த மையத்தின் சரிபார்ப்பு.",
               "schemeMiscDetails":"இந்த திட்டம் அடுத்த ஐந்து ஆண்டுகளில் 6-10 புதிய தயாரிப்புகளை வழங்க உதவுகிறது, அடுத்த தலைமுறை திறன்களுக்காக பல அர்ப்பணிப்பு வசதிகளை உருவாக்குகிறது, மேலும் இந்த செயல்பாட்டில் நூற்றுக்கணக்கான வேலைகள். கண்டுபிடிப்புக்கும் வளர்ச்சிக்கும் இடையில் காணாமல் போன இணைப்பை கூட்டாக நிரப்பவும், தனியார் துறையை ஒன்றிணைக்கவும் இது விரும்புகிறது.",
               "schemeDepartments":"பயோடெக்னாலஜி துறை (டிபிடி)"
            },
           {
               "schemeUiId":"M_0033_S_002",
               "schemeName":"பயோடெக்-கிசான் [கிருஷி கண்டுபிடிப்பு அறிவியல் பயன்பாட்டு வலையமைப்பு]",
               "schemeObj":"பயோடெக்-கிசான் இந்தியாவின் 15 வேளாண் காலநிலை பகுதிகளில் பின்வரும் நோக்கங்களுடன் ஒரு கட்டமாக செயல்படுத்தப்படுகிறது: சிறு மற்றும் குறு விவசாயிகளின் பிரச்சினையைப் புரிந்துகொள்வதன் மூலம் அறிவியல் மற்றும் தொழில்நுட்பத்தை பண்ணையுடன் இணைப்பது மற்றும் அவற்றுக்கான தீர்வை வழங்குதல். சிறு மற்றும் குறு விவசாயிகளின் நிலைமைகளை மேம்படுத்த விஞ்ஞானிகள் மற்றும் விவசாயிகளுடன் நெருக்கமாக இணைந்து செயல்படுவது. விஞ்ஞான தலையீடு மற்றும் நாடு முழுவதும் சிறந்த விவசாய முறைகளை உருவாக்குவதன் மூலம் விவசாய உற்பத்தித்திறனை மேம்படுத்துதல்.",
               "schemeDesc":"அறிவியல் மற்றும் தொழில்நுட்ப அமைச்சகத்தின் கீழ் கட்டுப்படுத்தப்படும் பயோடெக்னாலஜி துறை (டிபிடி) விவசாயிகளின் நலனுக்காக பயோடெக்-கிருஷி கண்டுபிடிப்பு அறிவியல் பயன்பாட்டு நெட்வொர்க் (பயோடெக்-கிசான்) திட்டத்தை முன்மொழிந்துள்ளது. இந்த திட்டம் சிறு மற்றும் குறு விவசாயிகளுடன் விஞ்ஞான தலையீட்டின் மூலம் சிறந்த விவசாய உற்பத்தித்திறனுக்காக பணியாற்றுவதை நோக்கமாகக் கொண்டுள்ளது. பயோடெக்-கிசான் என்பது ஒரு விஞ்ஞானி-விவசாயி கூட்டாண்மை திட்டமாகும், இது பங்கேற்பு ஆராய்ச்சி மூலம் விவசாய கண்டுபிடிப்புகளுக்காக உருவாக்கப்பட்டது. இந்த திட்டம் பின்வரும் மூன்று கூறுகளுக்கு ஆதரவை வழங்கும்: மையம்: பயோடெக் - கிசான் ஹப் நிறுவுதல் நாட்டின் ஒவ்வொரு 15 வேளாண் காலநிலை மண்டலங்களிலும் ஒரு சாம்பியனின் தலைமையில், ஒரு வசதியாளராக செயல்படும். ஆரம்பத்தில் 2 வருடங்களுக்கு ஆண்டுக்கு ரூ .60 லட்சம் மற்றும் கூடுதல் 3 ஆண்டுகளுக்கு மறுஆய்வு அடிப்படையில் ஹப் நிதி உதவி பெறும். கூட்டாளர் நிறுவனங்கள்: கூட்டாளர் நிறுவனத்தின் செயல்பாடுகள் பின்வருமாறு: அறிவியல் ஆராய்ச்சி நிறுவனங்களின் ஆய்வகங்களில் விவசாயிகளுக்கு பயிற்சித் திட்டங்களை நடத்துதல். விவசாய பண்ணைகளில் விஞ்ஞானிகளுக்கு பயிற்சி திட்டங்கள். ஒவ்வொரு ஒத்துழைக்கும் நிறுவனம் / கே.வி.கே போன்றவற்றிற்கான பட்ஜெட் பயன்பாட்டில் வரையறுக்கப்பட்டுள்ளபடி ஒவ்வொரு குறிப்பிட்ட செயல்பாட்டிற்கும் ஆண்டுக்கு ரூ .5.00 லட்சம் ஆகும். ஆராய்ச்சி திட்டங்கள்: இந்த திட்டங்களின் போது விஞ்ஞானிகள் ஒரு சிக்கலை அடையாளம் கண்டால், அதற்கு பெரிய நிதி தேவைப்படும்; கூடுதல் நிதியுதவிக்காக அவர்கள் திட்ட திட்ட முன்மொழிவை திட்டத்தில் சமர்ப்பிக்க முடியும். இந்த திட்டத்தின் தொடர்புடைய நிபுணர் குழு / பணிக்குழுவால் இந்த திட்டம் பரிசீலிக்கப்படும் மற்றும் திட்டத்தின் தோற்றம் மற்றும் கருதுகோள் தீர்வு ஆகியவற்றின் அடிப்படையில் கூடுதல் நிதி வழங்கப்படலாம். சர்வதேச பயிற்சி: குறுகிய கால பயிற்சி (எஸ்.டி.டி) திட்டங்கள் சர்வதேச நிறுவனங்கள் / பல்கலைக்கழகங்களுடன் கூட்டாக டி.பி.டி.யால் உருவாக்கப்படும், அங்கு விவசாயிகள் சிறந்த உலகளாவிய பண்ணை மேலாண்மை மற்றும் நடைமுறைகளுக்கு ஆளாக நேரிடும். இந்தியாவில் விஞ்ஞானிகள் / விவசாயிகள் மேற்கொள்ளும் நடவடிக்கைகளைப் பொறுத்து; தேர்ந்தெடுக்கப்பட்ட குழுக்கள் சர்வதேச எஸ்.டி.டிக்கு டி.பி.டி. தற்போதைய ஒத்துழைப்பு பல்கலைக்கழகங்கள் கேம்பிரிட்ஜ் பல்கலைக்கழகம், இங்கிலாந்து; வாகனிங்கன் பல்கலைக்கழகம், நெதர்லாந்து மற்றும் பிறவை சேர்க்கப்படலாம்.",
               "schemeEligiiblity":"ஒரு பொது அல்லது தனியார் நிறுவனம், பல்கலைக்கழகம், அறக்கட்டளை அல்லது சமுதாயத்தில் பணிபுரியும் எந்தவொரு நபரும் விவசாயத்துடன் தொடர்புடைய பகுதிகளில் திட்டங்களை வழிநடத்துவதைப் பற்றிய நல்ல பதிவுகளைக் கொண்டவர். 5-8 ஆராய்ச்சி நிறுவனங்கள் அல்லது பல்கலைக்கழகங்களுடன் கூட்டாக விவசாயிகளின் பிரச்சினைகள் குறித்து தனிநபர் அறிந்திருக்க வேண்டும். தேவையான உள்கட்டமைப்பு வசதிகளைக் கொண்ட எந்தவொரு நிறுவனமும் உழவர் சார்ந்த திட்டங்களை மேற்கொள்ள உறுதிபூண்டுள்ளது.",
               "schemeTargetGroup":"பயோடெக்-கிசான் பெண்கள் விவசாயிகள் / தொழில்முனைவோரை அவர்களின் சிறு நிறுவனங்களில் ஆதரிக்க உதவுகிறது, மேலும் அவரை ஒரு புல் ரூட் கண்டுபிடிப்பாளராக ஆக்குகிறது. மகளி பயோடெக்-கிசான் பெல்லோஷிப் திட்டம் இந்த திட்டத்தின் கீழ் பெண் விவசாயிகளுக்கான பண்ணை நடைமுறைகளை பயிற்றுவிப்பதற்கும் கற்பிப்பதற்கும் சேர்க்கப்பட்டுள்ளது.",
               "schemeMiscDetails":"கான்பூரின் சந்திர சேகர் ஆசாத் வேளாண்மை மற்றும் தொழில்நுட்ப பல்கலைக்கழகத்தில் ஒரு பயோடெக்-கிசான் மையம் சமீபத்தில் நிறுவப்பட்டது, தோட்டக்கலை, அறிவியல் தேனீ வளர்ப்பு, அறிவியல் ஆடு வளர்ப்பு, கிராமப்புற இளைஞர்களுக்கான தொழில்முனைவோர் மேம்பாடு மற்றும் இயற்கை பாதுகாப்பு குறைந்த செலவில் உற்பத்தித்திறனையும் வருமானத்தையும் அதிகரிக்கும்.",
               "schemeDepartments":"பயோடெக்னாலஜி துறை (டிபிடி)"
            },
            {
               "schemeUiId":"M_0033_S_003",
               "schemeName":"கால்நடை ஜீனோமிக்ஸ் திட்டம்",
               "schemeObj":"தேசிய மாட்டிறைச்சி மந்தைக்கு அதிக மரபணு தகுதியுள்ள விலங்குகளை அறிமுகப்படுத்துவதை ஊக்குவிப்பதே இந்த திட்டத்தின் முக்கிய நோக்கம். உறிஞ்சும் மந்தையின் தரம் மற்றும் செயல்திறனை மேம்படுத்துவதன் மூலம், அயர்லாந்தில் மாட்டிறைச்சி உற்பத்தியின் கிரீன்ஹவுஸ் வாயு தீவிரத்தை குறைக்கும்.",
               "schemeDesc":"இது ஒரு ஐரிஷ் விவசாயத் திட்டமாகும், இது அயர்லாந்தின் 2014-2020 கிராம அபிவிருத்தி திட்டத்தின் ஒரு பகுதியாக ஐரோப்பிய ஆணையத்தால் அங்கீகரிக்கப்பட்டது. கால்நடை மரபியல் திட்டம் குறித்த திட்டத்தை திணைக்களம் தொடங்கியுள்ளது. ஐந்து உயர் பால் விளைவிக்கும் உள்நாட்டு கால்நடை இனங்களின் (சாஹிவால், கிர், ரெட் சிங்கி, காங்க்ரேஜ் மற்றும் தார்பர்கர்) பினோடிபிக் தரவை உருவாக்குவது, அவற்றின் மரபணு பகுப்பாய்வு, எஸ்.என்.பி களை அடையாளம் காண்பது மற்றும் தரமான விலங்குகளை மதிப்பீடு செய்வதற்கும் தேர்ந்தெடுப்பதற்கும் சில்லுகளை உருவாக்குதல் ஆகியவற்றை இந்த திட்டம் திட்டமிட்டுள்ளது. செயல்திறன் பதிவோடு, சிறு வயதிலேயே மரபணு மதிப்புடன் மரபணு தகவல்களைப் பயன்படுத்தி ஒரு விலங்கின் இனப்பெருக்க மதிப்பைக் கணிப்பதே இந்த திட்டத்தின் முக்கிய நோக்கம். சிறு வயதிலேயே ஒரு உயரடுக்கு விலங்கைத் தேர்ந்தெடுக்கும் திறன் உற்பத்தித்திறனை அதிகரிக்க உதவும். ஐரிஷ் கால்நடை மற்றும் இனப்பெருக்க கூட்டமைப்பு (ஐசிபிஎஃப்) நடத்தும் € யூரோஸ்டார்ஸ் திட்டத்தின் மூலம் உறிஞ்சும் மந்தையின் மரபணு தகுதியை அதிகரிப்பதன் மூலம் அதிக கன்றுகள் / மாடு / ஆண்டு மற்றும் கால்நடை அலகுக்கு குறைந்த கிரீன்ஹவுஸ் வாயுக்கள் உருவாகும் என்ற கொள்கையின் அடிப்படையில் இந்த திட்டம் செயல்படுகிறது. . திட்டத்தின் ஒரு பகுதியாக, தேசிய மாட்டிறைச்சி மந்தையின் மரபணு தகுதி தரவு மற்றும் தேர்ந்தெடுக்கப்பட்ட விலங்குகளின் மரபணு வகைகளின் மூலம் மதிப்பீடு செய்யப்படும், இது மாட்டிறைச்சி மந்தையில் மரபணு தேர்வைப் பயன்படுத்த அனுமதிக்கும். தகுதிவாய்ந்த தீவன நிலத்தின் முதல் 6.66 ஹெக்டேருக்கு ஒவ்வொன்றிற்கும் 2 142.50 என்ற விகிதத்திலும், மீதமுள்ள தகுதிவாய்ந்த ஹெக்டேருக்கு 120 டாலர்களிலும் இந்த திட்டத்தின் மூலம் பணம் செலுத்தப்படும். ஒரு விவசாயி உரிமை கோரக்கூடிய தகுதி வாய்ந்த ஹெக்டேர் 2014 ஆம் ஆண்டில் பண்ணையில் உள்ள கன்று ஈன்ற மாடுகளின் எண்ணிக்கைக்கு சமம் (குறிப்பு விலங்குகள் என அழைக்கப்படுகிறது), இது 1.4 என்ற இருப்பு விகிதத்தால் வகுக்கப்படுகிறது மற்றும் ஒற்றை கொடுப்பனவு திட்டத்தில் தகுதியானதாகக் கருதப்படும் அறிவிக்கப்பட்ட தீவன நிலத்தின் வரம்பு வரை விண்ணப்பம்.",
               "schemeEligiiblity":"தகுதிபெற ஒருவர் பின்வருமாறு: விண்ணப்பம் சமர்ப்பிக்கும் நேரத்தில் 18 வயது அல்லது அதற்கு மேற்பட்டவராக இருக்க வேண்டும். செயலில் உள்ள மந்தை எண்ணை வைத்திருப்பவர் மற்றும் மந்தை உரிமையாளர் அந்தஸ்தைக் கொண்டிருங்கள், அல்லது ஒரு மந்தை எண்ணுக்கு விண்ணப்பித்திருக்கலாம். அவர்கள் அறிவித்த அனைத்து நில பொட்டலங்களுடனும் 2014 ஒற்றை கொடுப்பனவு திட்ட விண்ணப்பத்தை சமர்ப்பித்திருக்க வேண்டும். ஆண்டு அடிப்படையில் ஒரு அடிப்படை கொடுப்பனவு திட்ட விண்ணப்பத்தை சமர்ப்பித்திருக்க வேண்டும், அதன் அடிப்படையில் அனைத்து நில பொட்டலங்களும் அறிவிக்கப்படுகின்றன. ஜனவரி 1, 2014 முதல் டிசம்பர் 31, 2020 வரை மந்தைகளில் பிறந்த மாட்டிறைச்சி இன கால்நடைகள் உள்ளன.",
               "schemeTargetGroup":"GHG உமிழ்வை நிவர்த்தி செய்வதற்கும், இனப்பெருக்கம் மற்றும் கன்று ஈன்ற தரவுகளை பதிவு செய்வதற்கும் சக்லர் மாட்டிறைச்சி துறையின் வளர்ப்பு கூறுகளை குறிவைக்கிறது.",
               "schemeMiscDetails":"2014 ஒற்றை கொடுப்பனவு திட்டத்தில் அறிவிக்கப்பட்ட தீவன ஹெக்டேர்களின் எண்ணிக்கை தகுதியான தீவனப் பகுதியை நிறுவும். பின்னர், அதிகபட்சமாக செலுத்த வேண்டிய பகுதி (எம்.பி.ஏ) = குறிப்பு பசுக்களின் எண்ணிக்கை எஸ் / டி 1.5 ஆல் வகுக்கப்படும். மந்தையின் முதல் 10 மாடுகளுக்கு விவசாயிகள் € 95 க்கும், மீதமுள்ள ஒவ்வொரு மாடுகளுக்கும் € 80 க்கும் சமமான தொகையை விவசாயிகள் பெறுவார்கள்.",
               "schemeDepartments":"பயோடெக்னாலஜி துறை (டிபிடி)"
            },
            {
               "schemeUiId":"M_0033_S_004",
               "schemeName":"இன்ஸ்பியர் (ஈர்க்கப்பட்ட ஆராய்ச்சிக்கான அறிவியல் நோக்கத்தில் புதுமை) திட்டம்",
               "schemeObj":"INSPIRE இன் அடிப்படை நோக்கம், நாட்டின் இளைஞர்களுடன் அறிவியலை ஆக்கப்பூர்வமாகப் பின்தொடர்வதற்கான உற்சாகங்களைத் தொடர்புகொள்வதும், ஆரம்ப கட்டத்தில் விஞ்ஞானத்தைப் படிப்பதில் திறமைகளை ஈர்ப்பதும், அறிவியலை வலுப்படுத்துவதற்கும் விரிவுபடுத்துவதற்கும் தேவையான முக்கியமான மனித வளக் குளத்தை உருவாக்குவதும் ஆகும். தொழில்நுட்ப அமைப்பு மற்றும் ஆர் & டி அடிப்படை.",
               "schemeDesc":"அறிவியலில் புதுமைகள் இன்ஸ்பிரைட் ரிசர்ச் (INSPIRE) என்பது ஒரு புதுமையான திட்டமாகும், இது அறிவியலுக்கு திறமைகளை ஈர்ப்பதற்காக அறிவியல் மற்றும் தொழில்நுட்பத் துறையால் நிதியுதவி செய்யப்பட்டு நிர்வகிக்கப்படுகிறது. திட்டத்தின் ஒரு குறிப்பிடத்தக்க அம்சம் என்னவென்றால், எந்த மட்டத்திலும் திறமைகளை அடையாளம் காண போட்டித் தேர்வுகளை நடத்துவதில் நம்பிக்கை இல்லை. திறமைகளை அடையாளம் காண தற்போதுள்ள கல்வி கட்டமைப்பின் செயல்திறனை இது நம்புகிறது மற்றும் நம்பியுள்ளது. INSPIRE மூன்று கூறுகளைக் கொண்டுள்ளது: திறமைக்கான ஆரம்ப ஈர்ப்புக்கான திட்டம் (SEATS) -> விருதுகள் மற்றும் இன்டர்ன்ஷிப், உயர் கல்விக்கான உதவித்தொகை (SHE) மற்றும் ஆராய்ச்சித் தொழில்களுக்கான உறுதியான வாய்ப்பு (AORC) -> பெல்லோஷிப் மற்றும் ஆசிரிய திட்டம். AORC இன் கீழ் உள்ள INSPIRE பெல்லோஷிப், முனைவர் பட்ட ஆய்வுகளுக்கான ஆராய்ச்சி பெல்லோஷிப்பை மேம்படுத்துவதையும், அறிவியல் ஆராய்ச்சிக்கான திறமைகளை வளர்ப்பதில் அரசாங்கத்தின் முயற்சிகளில் முதலிடம் பெறுவதற்காக தனியார் துறையுடன் கூட்டாண்மைகளைத் திறப்பதையும் நோக்கமாகக் கொண்டுள்ளது. இரண்டு அடுக்கு தேர்வு செயல்முறை உள்ளது, அதாவது ஒரு உள் குழுவால் தகுதியான விண்ணப்பங்களைத் திரையிடுவது, பின்னர் ஒரு நிபுணர் குழு மூலம் இறுதித் தேர்வு. இந்த திட்டத்தின் கீழ் உள்ள JRF அல்லது SRF INSPIRE Fellow என அழைக்கப்படும். ஒவ்வொரு ஆண்டும் வழங்கப்படும் INSPIRE பெல்லோஷிப்களின் மொத்த 1000 இறுதி சலுகைகள் வழங்கப்படுகின்றன. இதுவரை சுமார் 15.5 லட்சம் மாணவர்கள் சேர்ந்துள்ளனர். 2014-15 ஆம் ஆண்டில் சேர்க்கப்பட்ட மாணவர்களின் எண்ணிக்கை கிட்டத்தட்ட 2.75 லட்சம். 2009-2015 காலகட்டத்தில் இதுவரை மொத்த செலவு ரூ .1763.7 கோடி, திட்டத்தின் செயல்பாடு முற்றிலும் இணைய அடிப்படையிலான ஆன்லைன், 2015-16 ஆம் ஆண்டில், INSPIRE திட்டத்தின் ஒவ்வொரு கூறுகளும் அந்த உபகரணத்திற்கான இலக்கு எண்ணின் படி செயல்படுத்தப்படும்.",
               "schemeEligiiblity":"தகுதி: i) அடிப்படை மற்றும் பயன்பாட்டு அறிவியலில் பல்கலைக்கழக அளவிலான தேர்வில் 1 வது தரவரிசை வைத்திருப்பவர்கள் (தன்னாட்சி கல்லூரி அளவிலான தேர்வில் அல்ல) அதாவது அறிவியல் / பொறியியல் / தொழில்நுட்பம் / வேளாண்மை / மருந்தகம் / பிற பயன்பாட்டு அறிவியல் நீரோடைகள் / எம்பிபிஎஸ் ii) 2 ஆண்டு எம்.எஸ்.சி அல்லது 5 ஆண்டு ஒருங்கிணைந்த எம்.எஸ்.சி / எம்.எஸ். பெல்லோஷிப் தொகையில் 65% அல்லது அதற்கு மேற்பட்ட மதிப்பெண்களைப் பெற்ற INSPIRE அறிஞர்கள்: INSPIRE பெல்லோஷிப் தொகை NET / GATE பெல்லோஷிப் (JRF / SRF) க்கு சமம் மற்றும் வேட்பாளர்களுக்கான ஆராய்ச்சிக்கான மானியங்கள் . M.Sc / M.Phil ஐத் தொடர இந்த பெல்லோஷிப் கிடைக்காது. அத்தகைய ஒருங்கிணைந்த பி.எச்.டி படிப்புகளின் போது / எம்.டெக் படிப்புகள் ஆனால் பி.எச்.டி. பெல்லோஷிப் 5 வருடங்களுக்கு அல்லது பி.எச்.டி. நிரல், எது முந்தையது. ஒருமுறை தேர்ந்தெடுக்கப்பட்ட வேட்பாளர்களுக்கான கூட்டுறவு தொடர்வது திருப்திகரமான செயல்திறனை அடிப்படையாகக் கொண்டது. இந்தியாவின் வழிகாட்டுதல்கள்.",
               "schemeTargetGroup":"திறமைகளை ஈர்க்கவும், படைப்பாற்றலை வளர்க்கவும், இளைஞர்களை ஊக்குவிக்கவும், ஆராய்ச்சியை ஒரு தொழிலாக ஊக்குவிக்கவும் எதிர்பார்க்கப்படுகிறது. 10 - 32 வயது இளைஞர்களை உள்ளடக்கிய ஒருங்கிணைந்த திட்டம்.",
               "schemeMiscDetails":"11 வது திட்ட காலத்தில் மொத்தம் 1979.25 கோடி ரூபாய் செலவில் இந்த திட்டத்தை இந்திய அரசு 2008 நவம்பரில் ஒப்புதல் அளித்தது, மாண்புமிகு பிரதமர் 2008 டிசம்பர் 13 அன்று இந்த திட்டத்தை தொடங்கினார். அனைத்து கூறுகளையும் கொண்ட திட்டம் 12 வது திட்டத்தில் தொடர்கிறது (2012- 2017) மொத்தம் ரூ .2200 கோடி ஒதுக்கீட்டில்.",
               "schemeDepartments":"அறிவியல் மற்றும் தொழில்நுட்பத் துறை"
            },
           {
               "schemeUiId":"M_0033_S_005",
               "schemeName":"தேசிய பணி-இடைநிலை சைபர் இயற்பியல் அமைப்புகள் திட்டம்",
               "schemeObj":"அறிவு உருவாக்கம், மனிதவள மேம்பாடு, ஆராய்ச்சி, தொழில்நுட்பம் மற்றும் தயாரிப்பு மேம்பாடு, புதுமை மற்றும் வணிகமயமாக்கல் ஆகியவற்றை உள்ளடக்கிய நாடு தழுவிய முயற்சிகளை ஒருங்கிணைத்து ஒருங்கிணைப்பதன் மூலம் சிபிஎஸ் தொழில்நுட்பங்களுக்கான வலுவான அடித்தளத்தையும், தடையற்ற சுற்றுச்சூழல் அமைப்பையும் உருவாக்குவதே இந்த நோக்கம். 15 தொழில்நுட்ப தொழில்நுட்ப கண்டுபிடிப்பு மையங்கள் (டிஐஎச்), ஆறு எண்கள் பயன்பாட்டு கண்டுபிடிப்பு மையங்கள் (ஏஐஎச்) மற்றும் நான்கு எண்களின் தொழில்நுட்ப மொழிபெயர்ப்பு ஆராய்ச்சி பூங்காக்கள் (டிடிஆர்பி) ஆகியவற்றை நிறுவுவதை மிஷன் நோக்கமாகக் கொண்டுள்ளது.",
               "schemeDesc":"அறிவியல் மற்றும் தொழில்நுட்பத் துறையால் ஐந்து ஆண்டு காலத்திற்கு செயல்படுத்தப்படவுள்ள இடைநிலை சைபர்-பிசிகல் சிஸ்டம்ஸ் (என்.எம்-ஐ.சி.பி.எஸ்) தொடர்பான தேசிய மிஷனை தொடங்க மத்திய அமைச்சரவை ஒப்புதல் அளித்துள்ளது. தொழில்நுட்ப மேம்பாடு, பயன்பாட்டு மேம்பாடு, மனித வள மேம்பாடு மற்றும் திறன் மேம்பாடு, தொழில்முனைவோர் மற்றும் சைபர் இயற்பியல் அமைப்பு (சிபிஎஸ்) மற்றும் அதனுடன் தொடர்புடைய தொழில்நுட்பங்களில் தொடக்க மேம்பாடு ஆகியவற்றைக் குறிக்கும் ஒரு விரிவான பணி என்எம்-ஐசிபிஎஸ் ஆகும். 15 தொழில்நுட்ப கண்டுபிடிப்பு மையங்கள் (TIH), ஆறு பயன்பாட்டு கண்டுபிடிப்பு மையங்கள் (AIH) மற்றும் நான்கு தொழில்நுட்ப மொழிபெயர்ப்பு ஆராய்ச்சி பூங்காக்கள் (TTRP) ஆகியவற்றை நிறுவுவதை இந்த நோக்கம் நோக்கமாகக் கொண்டுள்ளது. இந்த ஹப்ஸ் & டி.டி.ஆர்.பி கள் கல்வியாளர்கள், கைத்தொழில், மத்திய அமைச்சகங்கள் மற்றும் மாநில அரசு ஆகியவற்றுடன் நாடு முழுவதும் புகழ்பெற்ற கல்வி, ஆர் அன்ட் டி மற்றும் பிற நிறுவனங்களில் ஒரு மையமாகவும் பேசும் மாதிரியிலும் தீர்வுகளை உருவாக்குவதில் இணைக்கும். தொழில்நுட்ப மேம்பாடு, மனிதவள மேம்பாட்டுத் திறன் மற்றும் திறன் மேம்பாடு, புதுமை, தொழில்முனைவோர் மற்றும் தொடக்க சுற்றுச்சூழல் மேம்பாடு மற்றும் சர்வதேச ஒத்துழைப்புகள்: மிஷன் செயல்படுத்தல் தொடரும் நான்கு மையப் பகுதிகள் ஹப்ஸ் மற்றும் டிடிஆர்பிக்கள் உள்ளன. சிபிஎஸ் மற்றும் அதனுடன் தொடர்புடைய தொழில்நுட்பங்கள், செயற்கை நுண்ணறிவு (அல்), இன்டர்நெட் ஆஃப் திங்ஸ் (loT), இயந்திர கற்றல் (எம்எல்), ஆழமான கற்றல் (டிபி), பிக் டேட்டா அனலிட்டிக்ஸ் போன்றவை பரவலாகிவிட்டன, மேலும் ஒவ்வொரு துறையிலும் மாற்றத்தக்க பங்கைக் கொண்டுள்ளன அனைத்து துறைகளிலும் மனித முயற்சி. எனவே, இந்த வளர்ந்து வரும் மற்றும் சீர்குலைக்கும் தொழில்நுட்பங்களை போட்டித்தன்மையுடன் இருப்பதற்கும், சமூக முன்னேற்றத்தை ஊக்குவிப்பதற்கும், வேலைவாய்ப்பை உருவாக்குவதற்கும், பொருளாதார வளர்ச்சியை வளர்ப்பதற்கும், ஒட்டுமொத்த வாழ்க்கைத் தரத்தையும் சுற்றுச்சூழலின் நீடித்த தன்மையையும் மேம்படுத்துவதற்கு அரசாங்கமும் தொழில்களும் தயாராக இருக்க வேண்டியது இன்றியமையாததாகிவிட்டது.",
               "schemeEligiiblity":"ஹோஸ்ட் நிறுவனங்கள் புகழ்பெற்ற கல்வி மற்றும் ஆர் & டி நிறுவனங்கள். முதல் 50 ஒட்டுமொத்த என்.ஐ.ஆர்.எஃப் தரவரிசையில் உள்ள நிறுவனங்கள் விண்ணப்பிக்க மட்டுமே தகுதியானவை. ஆர் அண்ட் டி நிறுவனங்கள் பொறியியல் மற்றும் தொழில்நுட்ப பகுதிகளில் குறைந்தது 10 ஆண்டுகளாக ஆர் அன்ட் டி, தொழில்நுட்ப மேம்பாடு, வணிகமயமாக்கல் போன்றவற்றில் செயல்பட்டு வருகின்றன, மேலும் சிபிஎஸ் அடித்தள தொழில்நுட்பங்களில் நிபுணத்துவம் பெற்றவை.",
               "schemeTargetGroup":"முன்மொழியப்பட்ட மிஷன் வளர்ச்சி, இயந்திரம், சுகாதாரம், கல்வி, எரிசக்தி, சுற்றுச்சூழல், வேளாண்மை, மூலோபாய பாதுகாப்பு மற்றும் தொழில்துறை துறைகள், தொழில் 4.0, ஸ்மார்ட் நகரங்கள், நிலையான அபிவிருத்தி இலக்குகள் (எஸ்டிஜிக்கள்) போன்றவற்றில் தேசிய முயற்சிகளுக்கு பயனளிக்கும்.",
               "schemeMiscDetails":"தொழில் / சமுதாயத்தின் தேவைக்கேற்ப மேம்பட்ட திறன்களை வழங்குவதன் மூலமும் திறமையான மனித சக்தியை உருவாக்குவதன் மூலமும் வேலை வாய்ப்புகள் மிஷன் மூலம் மேம்படுத்தப்படும். அதன்படி, குறுகிய காலத்தில் சுமார் 40,000 வேலைகள் மற்றும் நீண்ட காலத்திற்கு சுமார் 2,00,000 வேலைகள் உருவாக்கப்படும் என்று மதிப்பிடப்பட்டுள்ளது.",
               "schemeDepartments":"அறிவியல் மற்றும் தொழில்நுட்பத் துறை"
            },
            {
               "schemeUiId":"M_0033_S_006",
               "schemeName":"சூப்ரா - அறிவியல் மற்றும் பயனுள்ள ஆழமான ஆராய்ச்சி முன்னேற்றம்",
               "schemeObj":"உலகளாவிய தாக்கத்துடன் புதிய அறிவியல் மற்றும் பொறியியல் முன்னேற்றங்களை ஆராய்வதற்கு நிதியளிப்பதே இந்த திட்டத்தின் நோக்கம். புதிய படிப்பு, புதிய விஞ்ஞான கருத்துக்கள், புதிய தயாரிப்புகள் மற்றும் தொழில்நுட்பங்களுக்கு வழிவகுக்கும் சீர்குலைக்கும் யோசனைகளுக்கு இந்த திட்டம் நிதியளிக்கும்.",
               "schemeDesc":"அறிவியல் மற்றும் பொறியியல் ஆராய்ச்சி வாரியம் (SERB) அறிவியல் மற்றும் பயனுள்ள ஆழமான ஆராய்ச்சி முன்னேற்றம் (SUPRA) என்ற புதிய திட்டத்தை முன்மொழிந்துள்ளது. SERB என்பது அறிவியல் மற்றும் தொழில்நுட்பத் துறையின் கீழ் ஒரு சட்டரீதியான அமைப்பாகும். இது 2009 ஆம் ஆண்டில் இந்திய நாடாளுமன்றத்தின் ஒரு சட்டத்தால் நிறுவப்பட்டது. அறிவியல் மற்றும் பொறியியலில் அடிப்படை ஆராய்ச்சியை மேம்படுத்துவதற்கும் விஞ்ஞானிகள், கல்வி நிறுவனங்களுக்கு நிதி உதவி வழங்குவதற்கும் இந்த வாரியம் அமைக்கப்பட்டது. , ஆர் & டி ஆய்வகங்கள், தொழில்துறை கவலைகள் மற்றும் அத்தகைய ஆராய்ச்சிக்கான பிற முகவர். இந்த திட்டத்தின் மிக முக்கியமான நடவடிக்கைகள்: முன்னேற்றங்களின் அளவு (அதிகரிக்கும் மற்றும் குறுகிய கால ஆதாயங்கள் கடுமையாக ஊக்கப்படுத்தப்படுகின்றன). அடிப்படை புரிதலில் சீர்குலைவு அல்லது சிறந்த ஆராய்ச்சி பெரும் சவால்களில் தாக்கம்: புதிய பகுதிகள், புதிய கருத்துக்கள், புதிய தயாரிப்புகள், புதிய சீர்குலைக்கும் தொழில்நுட்பங்கள். சர்வதேச மட்டத்தில் வெட்டு விளிம்பின் விஞ்ஞான அறிவை மேம்படுத்துவதில் மற்றும் / அல்லது முக்கியமான தொழில்நுட்பங்களின் தோற்றத்தில் ஆராய்ச்சி விளைவுகளின் திறன். உலகளாவிய தாக்கம், சிறந்த வெளியீடுகள், அறிவியலின் முன்னேற்றம். SERB-SUPRA இன் கீழ் சமர்ப்பிப்புகள் SERB ஆன்லைன் போர்டல் மற்றும் சமூக ஊடகங்கள் மூலம் பொது அறிவிப்புடன், திட்டங்களுக்கான அழைப்புக்கு எதிராக மட்டுமே செய்ய முடியும். ஒரு நிபுணர் குழுவால் மதிப்பிடப்பட்டபடி, மூன்று வருட காலத்திற்கு பொதுவாக நிதி வழங்கப்படும், இது 2 ஆண்டுகளுக்கு (மொத்தம் 5 ஆண்டுகள்) நீட்டிக்கப்படலாம். ஆராய்ச்சி மானியம் மேல்நிலை மானியத்தைத் தவிர, சாதாரண பட்ஜெட் தலைவர்களை உள்ளடக்கும். புதுமையான சூப்ரா திட்டங்கள் அடையாளம் காணப்பட்ட பகுதிகளில் திருப்புமுனை தீர்வுகளை கொண்டு வரும் என்று கருதப்படுகிறது. இத்தகைய திட்டங்களின் வெற்றி எஸ் அண்ட் டி நிறுவனத்தில் புதிய வாய்ப்புகளைத் திறந்து, அறிவியலின் அடிப்படையில் மட்டுமல்ல, வழங்கப்பட்ட விளைவுகளின் வடிவத்திலும் உலகளாவிய அறிவியலை பாதிக்கும்.",
               "schemeEligiiblity":"விண்ணப்பதாரர்கள் [முதன்மை புலனாய்வாளர் (பிஐ) மற்றும் / அல்லது இணை முதன்மை புலனாய்வாளர் (கள்) (கோ-பிஐ (கள்)] இந்திய குடிமக்களாக இருக்க வேண்டும். வெளிநாட்டு நாட்டினரும் (OCI மற்றும் NRI உட்பட) விண்ணப்பிக்க தகுதியுடையவர்கள், அவர்கள் SERB ஆல் அறிவிக்கப்பட்ட தகுதி நிபந்தனைகளை பூர்த்தி செய்தால் (27 அக்டோபர் 2016 தேதியிட்ட வெளிநாட்டினருக்கான SERB நிதி வழிகாட்டுதல்கள்). விண்ணப்பதாரர் (கள்) அங்கீகரிக்கப்பட்ட கல்வி நிறுவனம் அல்லது தேசிய ஆய்வகத்தில் அல்லது இந்தியாவில் அங்கீகரிக்கப்பட்ட ஆர் & டி நிறுவனத்தில் குறைந்தபட்சம் 5 ஆண்டுகள் சேவை மீதமுள்ள நிலையில் வழக்கமான கல்வி / ஆராய்ச்சி நிலையை வைத்திருக்க வேண்டும். 'ரெகுலர்' என்ற சொல், அனுமதிக்கப்பட்ட பதவிக்கு எதிராக அல்லது ஒரு பதவியில் நியமிக்கப்பட்ட விண்ணப்பதாரர்களைக் குறிக்கிறது, ஆனால் பதவிக்காலம் முடிந்தபின் புதுப்பிக்கப்படலாம். செல்லுபடியாகும் யுஜிசி / ஏஐசிடிஇ / பிசிஐ ஒப்புதலுடன் கூடிய தனியார் கல்வி நிறுவனங்கள், செல்லுபடியாகும் டி.எஸ்.ஐ.ஆர்-சிரோ அங்கீகாரம் கொண்ட தனியார் ஆர் & டி நிறுவனங்கள் மற்றும் என்ஐடிஐ-ஆயோக் தர்பன் போர்ட்டலின் கீழ் பதிவுசெய்யப்பட்ட தன்னார்வ மற்றும் அரசு சாரா நிறுவனங்கள் ஒரு திட்டத்தை நடத்த தகுதியுடையவை. யுஜிசி-ஆசிரிய ரீசார்ஜ் திட்டத்தின் மூலம் ஆட்சேர்ப்பு செய்யப்பட்ட ஆசிரியர்கள் விண்ணப்பிக்க தகுதியானவர்கள். INSPIRE பீடம், ராமானுஜன் மற்றும் ராமலிங்கசுவாமி உறுப்பினர்கள், ஆராய்ச்சி கூட்டாளிகள், தற்காலிக பீடங்கள், விருந்தினர் பீடம், வருகை விஞ்ஞானி, ஆலோசகர், திட்ட உறுப்பினர்கள் மற்றும் ஒவ்வொரு ஆண்டும் ஒப்பந்தம் புதுப்பிக்கப்படும் ஆசிரிய உறுப்பினர்கள் தகுதி இல்லை. இங்கு குறிப்பிடப்படாத வழக்குகளைப் பொறுத்தவரை, தகுதியை நிர்ணயிக்கும் உரிமையை SERB கொண்டுள்ளது. PI மற்றும் இணை புலனாய்வாளர் (கள்) பி.எச்.டி. அறிவியல், கணிதம், பொறியியல் அல்லது எம்.டி / எம்.எஸ். / எம்.டி.எஸ். / மானியத்திற்கு விண்ணப்பிக்கும் நேரத்தில் எம்.வி.எஸ்.சி பட்டம்.",
               "schemeTargetGroup":"புரிந்துகொள்வதில் அதிகரிக்கும் அல்லது குறுகிய கால முன்னேற்றங்களில் கவனம் செலுத்துவதில்லை, ஆனால் புதிய அறிவியல் அல்லது உண்மையிலேயே சீர்குலைக்கும் தொழில்நுட்பங்கள். புதிய கருதுகோள்களைக் கொண்ட உயர்தர ஆராய்ச்சி திட்டங்களை ஈர்க்க அல்லது ஏற்கனவே உள்ளவற்றை சவால் செய்வதற்கும், 'பெட்டிக்கு வெளியே' தீர்வுகளை வழங்குவதற்கும் இந்த திட்டம் வடிவமைக்கப்பட்டுள்ளது.",
               "schemeMiscDetails":"சூப்ரா திட்டம் ஒரு தனிப்பட்ட ஆராய்ச்சியாளர் அல்லது அங்கீகரிக்கப்பட்ட கல்வி நிறுவனம் அல்லது தேசிய ஆய்வகத்தில் அல்லது இந்தியாவில் அங்கீகரிக்கப்பட்ட பிற ஆர் & டி நிறுவனங்களில் பணிபுரியும் ஆராய்ச்சியாளர்களின் குழுவுக்கு ஆராய்ச்சி ஆதரவை வழங்குகிறது.",
               "schemeDepartments":"NIL"
            },
            {
               "schemeUiId":"M_0033_S_007",
               "schemeName":"அதிநவீன பகுப்பாய்வு மற்றும் தொழில்நுட்ப உதவி நிறுவனம் (சாத்தி)",
               "schemeObj":"நிறுவனங்களில் விலையுயர்ந்த உபகரணங்களின் அணுகல், பராமரிப்பு, பணிநீக்கம் மற்றும் நகல் போன்ற பிரச்சினைகளுக்கு தீர்வு காண. இது பல்வேறு பகுதிகளில் முன்னேற்றங்கள், புதுமைகள் மற்றும் நிபுணத்துவத்தைப் பயன்படுத்தி நிறுவனங்களுக்கும் துறைகளுக்கும் இடையிலான ஒத்துழைப்பின் வலுவான கலாச்சாரத்தை வளர்க்கும்.",
               "schemeDesc":"அறிவியல் மற்றும் தொழில்நுட்பத் துறை (டிஎஸ்டி) ஒரு பகிரப்பட்ட, தொழில் ரீதியாக நிர்வகிக்கப்படும், அறிவியல் மற்றும் தொழில்நுட்ப உள்கட்டமைப்பு வசதியை அமைப்பதைத் தொடங்குகிறது, இது கல்வி, தொடக்க, உற்பத்தி அலகுகள், தொழில்கள் மற்றும் ஆர் அண்ட் டி ஆய்வகங்களுக்கு உடனடியாக அணுகக்கூடியது. இத்தகைய எஸ் அண்ட் டி உள்கட்டமைப்பு சோஃபிஸ்டிகேட்டட் அனலிட்டிகல் & டெக்னிகல் ஹெல்ப் இன்ஸ்டிடியூட் (சாத்தி) என்று அழைக்கப்படும். இந்த மையங்களில் முக்கிய பகுப்பாய்வுக் கருவி மற்றும் மேம்பட்ட உற்பத்தி வசதி ஆகியவை இருக்கும், அவை பொதுவாக நிறுவனங்கள் / நிறுவனங்களில் கிடைக்காது. தொழில், தொடக்க மற்றும் கல்வியாளர்களின் கோரிக்கைகளுக்கு சேவை செய்வதற்காக தொழில் ரீதியாக நிர்வகிக்கப்படும் சேவைகளை ஒரே கூரையின் கீழ் செயல்திறன், அணுகல் மற்றும் வெளிப்படைத்தன்மை ஆகியவற்றுடன் வழங்குவதே இதன் நோக்கம். முதல் கட்டத்தில் சாதி வசதிகள் ஐ.ஐ.டி-டெல்லி, ஐ.ஐ.டி-கரக்பூர் மற்றும் பி.எச்.யூ.-வாரணாசி ஆகிய இடங்களில் உள்ளன. SATHI வசதிகள் வெளிப்புற பயனர்களால் கிடைக்கக்கூடிய 80% நேரத்திற்கு பயன்படுத்தப்படும், அதாவது ஹோஸ்ட் நிறுவனங்களின் வெளிப்புறம் மற்றும் ஹோஸ்ட் நிறுவனத்தின் உள் பயனர்களுக்கு கிடைக்கக்கூடிய 20% நேரம். இந்த வசதியின் பயன்பாடு அதிகபட்ச மற்றும் பயனுள்ள பயன்பாடு மற்றும் அனைவருக்கும் அணுகல் என்ற அடிப்படைக் கொள்கையால் வழிநடத்தப்படும். SATHI ஆல் வழங்கப்படும் வசதிகள் எந்தவொரு பயனரும் / நிறுவனமும் பெயரளவு கட்டணங்களை செலுத்துவதில் பயன்படுத்தப்படலாம். வசதிகளைப் பயன்படுத்துவதற்கான நடைமுறை மற்றும் மாதிரி பகுப்பாய்விற்கான கட்டணங்கள், குறுகிய கால படிப்புகள் / பயிற்சித் திட்டங்கள் / பட்டறைகள் போன்றவற்றைப் பற்றிய விவரங்களை அந்தந்த சத்தியின் தலைவர்கள் அல்லது வசதிகளின் வலைத்தளங்களிலிருந்து பெறலாம். ஆர் & டி ஆய்வகங்கள், தொழில்துறை ஆர் அன்ட் டி, எம்எஸ்எம்இ, இன்குபேட்டர்கள் மற்றும் ஸ்டார்ட்-அப்கள் போன்றவற்றை ஈர்க்கவும் உதவவும் புனையல் பணிகள், விரைவான முன்மாதிரி, பொருள் சோதனை, தன்மை, புதிய சாதனம் தயாரித்தல், ஸ்மார்ட் உற்பத்தி மற்றும் குணாதிசய வசதிகள் போன்றவற்றுக்கான வசதிகள் சத்தியில் இருக்கும்.",
               "schemeEligiiblity":"NIL",
               "schemeTargetGroup":"ஆசிரியர்கள், ஆராய்ச்சியாளர்கள், விஞ்ஞானிகள் மற்றும் புரவலன் மற்றும் பயனர் மாணவர்களின் கோரிக்கைகளுக்கு சேவை செய்வதற்காக ஒரே கூரையின் கீழ் மிக உயர்ந்த ஒழுங்கின் செயல்திறன், அணுகல் மற்றும் வெளிப்படைத்தன்மை ஆகியவற்றுடன் பகிரப்பட்ட, தொழில் ரீதியாக நிர்வகிக்கப்படும் சேவைகள் மற்றும் வலுவான அறிவியல் மற்றும் தொழில்நுட்ப உள்கட்டமைப்பு / வசதிகளை வழங்குவதே சத்தியின் இலக்கு. நிறுவனங்கள் / நிறுவனங்கள் (பிற கல்வி நிறுவனங்கள், பல்கலைக்கழகங்கள், தேசிய ஆய்வகங்கள், தொடக்கநிலைகள், உற்பத்தி மற்றும் பொறியியல் தொழில்கள், SME கள், ஆர் & டி ஆய்வகங்கள் உட்பட) ஆர் & டி நடவடிக்கைகளை ஒரு கடிகார அடிப்படையில் குறைந்தபட்ச வேலையில்லா நேரத்துடன் மேற்கொள்ள உதவுகின்றன.",
               "schemeMiscDetails":"டிஎஸ்டி ஏற்கனவே நாட்டில் இதுபோன்ற மூன்று மையங்களை அமைத்துள்ளது, தலா ஒன்று ஐஐடி கரக்பூர், ஐஐடி டெல்லி மற்றும் பிஹெச்யூ ஆகியவற்றில் மொத்தம் ரூ .375 கோர் செலவில். அடுத்த நான்கு ஆண்டுகளுக்கு ஒவ்வொரு ஆண்டும் ஐந்து சாதி மையங்களை அமைக்க திட்டமிடப்பட்டுள்ளது.",
               "schemeDepartments":"அறிவியல் மற்றும் தொழில்நுட்பத் துறை"
            },
         ]
      },
         ]
      },
   