{
   "ListOfMinistries":[
      {
         "ministryId":1,
         "ministryName":"Ministry of Shipping",
         "ministrySchemesList":[
            {
               "schemeUiId":"M_0044_S_001",
               "schemeName":"SAGARMALA",
               "schemeObj":"Reducing cost of transporting domestic cargo through optimizing modal mix. Lowering logistics cost of bulk commodities by locating future industrial capacities near the coast. Improving export competitiveness by developing port proximate discrete manufacturing clusters. Optimizing time/cost of EXIM container movement.",
               "schemeDesc":"On 25 March 2015, the Union Cabinet, chaired by Prime Minister Narendra Modi, gave the final nod to proceed with the Sagarmala Project and prepare the concept and institutional framework. It was a significant development in India’s growth story. Taking ex-PM Atal Bihari Vajpayee’s dream project forward, Modi has rightly identified Sagarmala as a crucial infrastructure initiative whose development has the potential to boost India’s GDP by 2%. ndia is bound by sea on three sides and has a 7,516.6 km coastline, making it the 7th largest in the world. Therefore, it is only natural that Indian ports handle 90% of the export-import trade volume. India suffers from poor port linkages, under performance of existing port infrastructure and lack of developed infrastructure near ports, for value addition of inbound or outbound merchandise. Along with this, an inefficient inter-modal transport connectivity results in high cost of logistics and exports. The share of merchandise trade in GDP for Germany is 75%, and for European Union it is 70%. For India, it is 42%.",
               "schemeEligiiblity":"Adequate experience in infrastructure and port will be eligible for consideration on deputation basis.",
               "schemeTargetGroup":"In the first year (2015-16) itself, we touched an investment level of Rs. 80,000 crore under Sagarmala. This was approximately Rs. 1.37 lakh crore during 2016-17. The cumulative investment touched Rs. 2.17 lakh crore during 2017-18 and now the target has been raised further to Rs. 3 lakh crore for 2018-19. The work has already reached close to Rs. 2.6 lakh crore… And we expect to invest Rs. eight lakh crore by 2020 itself.",
               "schemeMiscDetails":"For futher details visit http://sagarmala.gov.in/",
               "schemeDepartments":"Department of Shipping"
            },
            {
               "schemeUiId":"M_0044_S_002",
               "schemeName":"JAL MARG VIKAS PROJECT",
               "schemeObj":"The main objective of this project is the development of fairway between Varanasi and Haldia with a depth of 3 meters and covering a distance of 1380 km and also to provide an alternate mode of transport that is environment-friendly and cost-effective. To bring down the logistics cost in the country. Development of Mammoth Infrastructure which includes the multi-modal and inter-modal terminals, ferry services, navigation aids and Roll on – Roll off (Ro-Ro) facilities. To develop the Socio-economic condition of India for huge employment generation.",
               "schemeDesc":"The Jal Marg Vikas Project was initially announced in the Budget Speech of July 2014 by the Finance Minister of India. This project is being implemented by the Inland Waterways Authority of India under the Ministry of Shipping, Government of India. Jal Marg Vikas Project (JMVP) is a project for the development of National Waterways in India. JMVP was implemented as an initiative towards national integration with an aim to reduce rail and road congestion, carbon footprint and minimal resource depletion. The Inland Waterways Authority of India (IWAI) under the Ministry of Shipping is the statutory body of this project which is responsible for the development and regulation of the inland waterways. The states covered under the Jal Marg Vikas Project are Uttar Pradesh, Bihar, Jharkhand and West Bengal. The Jal Marg Vikas Project (JMVP) is financially supported by the World Bank and is expected to be completed by the year 2023.",
               "schemeEligiiblity":"Inland Waterways Authority of India has been designated as the Implementing Agency for the Jal Marg Vikas Project; vide Ministry of Shipping Gazette Notification No.WTC/-15025/7/2012-IWT (Vol.II) dated October 15, 2014.",
               "schemeTargetGroup":"The estimated cost of the Jal Marg Vikas Project is Rs. 5369 crore with a  target of completion for six years.",
               "schemeMiscDetails":"For futher details visit http://jmvp.nic.in/",
               "schemeDepartments":"Department of Shipping"
            },
            
         ]
      },
         ]
      },

