{
   "ListOfMinistries":[
      {
         "ministryId":1,
         "ministryName":"கப்பல் அமைச்சு",
         "ministrySchemesList":[
        {
               "schemeUiId":"M_0044_S_001",
               "schemeName":"சாகர்மலா",
               "schemeObj":"மோடல் கலவையை மேம்படுத்துவதன் மூலம் உள்நாட்டு சரக்குகளை கொண்டு செல்வதற்கான செலவைக் குறைத்தல். கடற்கரைக்கு அருகே எதிர்கால தொழில்துறை திறன்களைக் கண்டுபிடிப்பதன் மூலம் மொத்த பொருட்களின் தளவாட செலவுகளைக் குறைத்தல். துறைமுக அருகாமையில் தனித்துவமான உற்பத்தி கிளஸ்டர்களை உருவாக்குவதன் மூலம் ஏற்றுமதி போட்டித்தன்மையை மேம்படுத்துதல். EXIM கொள்கலன் இயக்கத்தின் நேரம் / செலவை மேம்படுத்துதல்.",
               "schemeDesc":"25 மார்ச் 2015 அன்று, பிரதமர் நரேந்திர மோடி தலைமையிலான மத்திய அமைச்சரவை, சாகர்மாலா திட்டத்துடன் தொடரவும், கருத்து மற்றும் நிறுவன கட்டமைப்பைத் தயாரிக்கவும் இறுதி ஒப்புதல் அளித்தது. இது இந்தியாவின் வளர்ச்சிக் கதையில் ஒரு குறிப்பிடத்தக்க வளர்ச்சியாக இருந்தது. முன்னாள் பிரதமர் அடல் பிஹாரி வாஜ்பாயின் கனவு திட்டத்தை முன்னோக்கி எடுத்துக் கொண்ட மோடி, சாகர்மாலாவை ஒரு முக்கியமான உள்கட்டமைப்பு முயற்சியாக சரியாக அடையாளம் கண்டுள்ளார், இதன் வளர்ச்சி இந்தியாவின் மொத்த உள்நாட்டு உற்பத்தியை 2% உயர்த்தும் திறன் கொண்டது. ndia மூன்று பக்கங்களிலும் கடலால் பிணைக்கப்பட்டுள்ளது மற்றும் 7,516.6 கி.மீ கடற்கரையை கொண்டுள்ளது, இது உலகின் 7 வது பெரிய இடமாகும். எனவே, ஏற்றுமதி-இறக்குமதி வர்த்தக அளவின் 90% இந்திய துறைமுகங்கள் கையாளப்படுவது இயற்கையானது. உள்வரும் அல்லது வெளிச்செல்லும் பொருட்களின் மதிப்பு கூட்டலுக்காக, தற்போதுள்ள துறைமுக உள்கட்டமைப்பின் செயல்திறன் மற்றும் துறைமுகங்களுக்கு அருகில் வளர்ந்த உள்கட்டமைப்பு இல்லாததால், இந்தியா மோசமான துறைமுக இணைப்புகளால் பாதிக்கப்படுகிறது. இதனுடன், திறனற்ற இடை-மாதிரி போக்குவரத்து இணைப்பு, தளவாடங்கள் மற்றும் ஏற்றுமதியின் அதிக செலவை ஏற்படுத்துகிறது. ஜேர்மனிக்கான மொத்த உள்நாட்டு உற்பத்தியில் வர்த்தக வர்த்தகத்தின் பங்கு 75%, ஐரோப்பிய ஒன்றியத்திற்கு இது 70% ஆகும். இந்தியாவைப் பொறுத்தவரை இது 42% ஆகும்.",
               "schemeEligiiblity":"உள்கட்டமைப்பு மற்றும் துறைமுகத்தில் போதுமான அனுபவம் பிரதிநிதிகள் அடிப்படையில் பரிசீலிக்க தகுதியுடையதாக இருக்கும்.",
               "schemeTargetGroup":"முதல் ஆண்டில் (2015-16), நாங்கள் ஒரு முதலீட்டு அளவை ரூ. சாகர்மாலாவின் கீழ் 80,000 கோடி ரூபாய். இது சுமார் ரூ. 2016-17 ஆம் ஆண்டில் 1.37 லட்சம் கோடி ரூபாய். ஒட்டுமொத்த முதலீடு ரூ. 2017-18 ஆம் ஆண்டில் 2.17 லட்சம் கோடி ரூபாய், இப்போது இலக்கு மேலும் ரூ. 2018-19க்கு 3 லட்சம் கோடி ரூபாய். பணிகள் ஏற்கனவே ரூ. 2.6 லட்சம் கோடி… மேலும் ரூ. 2020 க்குள் எட்டு லட்சம் கோடி.",
               "schemeMiscDetails":"மேலும் பல தகவல்களுக்கு http://sagarmala.gov.in/",
               "schemeDepartments":"கப்பல் துறை"
            },
            {
               "schemeUiId":"M_0044_S_002",
               "schemeName":"ஜல் மார்க் விகாஸ் திட்டம்",
               "schemeObj":"இந்த திட்டத்தின் முக்கிய குறிக்கோள், வாரணாசி மற்றும் ஹால்டியா இடையே 3 மீட்டர் ஆழத்துடன் நியாயமான பாதையை உருவாக்குவதும், 1380 கி.மீ தூரத்தை உள்ளடக்கியதும், சுற்றுச்சூழல் நட்பு மற்றும் செலவு குறைந்த ஒரு மாற்று போக்குவரத்து முறையை வழங்குவதும் ஆகும். நாட்டில் தளவாடச் செலவைக் குறைக்க. மல்டி-மோடல் மற்றும் இன்டர்-மோடல் டெர்மினல்கள், படகு சேவைகள், வழிசெலுத்தல் எய்ட்ஸ் மற்றும் ரோல் ஆன் - ரோல் ஆஃப் (ரோ-ரோ) வசதிகளை உள்ளடக்கிய மாமத் உள்கட்டமைப்பின் வளர்ச்சி. மிகப்பெரிய வேலைவாய்ப்பு உருவாக்க இந்தியாவின் சமூக-பொருளாதார நிலையை வளர்ப்பது.",
               "schemeDesc":"ஜல் மார்க் விகாஸ் திட்டம் ஆரம்பத்தில் இந்திய நிதியமைச்சரால் ஜூலை 2014 பட்ஜெட் உரையில் அறிவிக்கப்பட்டது. இந்த திட்டத்தை இந்திய உள்நாட்டு கப்பல் அமைச்சகத்தின் கீழ் இந்திய உள்நாட்டு நீர்வழி ஆணையம் செயல்படுத்தி வருகிறது. ஜல் மார்க் விகாஸ் திட்டம் (ஜே.எம்.வி.பி) என்பது இந்தியாவில் தேசிய நீர்வழிகளை மேம்படுத்துவதற்கான ஒரு திட்டமாகும். ரயில் மற்றும் சாலை நெரிசல், கார்பன் தடம் மற்றும் குறைந்தபட்ச வளக் குறைப்பு ஆகியவற்றைக் குறைக்கும் நோக்கத்துடன் தேசிய ஒருங்கிணைப்புக்கான ஒரு முயற்சியாக ஜே.எம்.வி.பி செயல்படுத்தப்பட்டது. கப்பல் அமைச்சின் கீழ் உள்ள உள்நாட்டு நீர்வழி ஆணையம் (IWAI) இந்த திட்டத்தின் சட்டரீதியான அமைப்பாகும், இது உள்நாட்டு நீர்வழிகளின் வளர்ச்சி மற்றும் ஒழுங்குமுறைக்கு பொறுப்பாகும். ஜல் மார்க் விகாஸ் திட்டத்தின் கீழ் வரும் மாநிலங்கள் உத்தரபிரதேசம், பீகார், ஜார்க்கண்ட் மற்றும் மேற்கு வங்கம். ஜல் மார்க் விகாஸ் திட்டம் (ஜே.எம்.வி.பி) உலக வங்கியின் நிதியுதவி மற்றும் 2023 ஆம் ஆண்டுக்குள் நிறைவடையும் என்று எதிர்பார்க்கப்படுகிறது.",
               "schemeEligiiblity":"இந்திய உள்நாட்டு நீர்வழி ஆணையம் ஜல் மார்க் விகாஸ் திட்டத்திற்கான செயல்பாட்டு நிறுவனமாக நியமிக்கப்பட்டுள்ளது; அக்டோபர் 15, 2014 தேதியிட்ட கப்பல் வர்த்தமானி அறிவிப்பு எண். WTC/-15025/7/2012-IWT (தொகுதி II).",
                "schemeTargetGroup":"ஜல் மார்க் விகாஸ் திட்டத்தின் மதிப்பீடு ஆறு ஆண்டுகளுக்கு நிறைவு செய்ய இலக்குடன் ரூ.5369 கோடி ரூபாய்.",
               "schemeMiscDetails":"மேலும் பல தகவல்களுக்கு http://jmvp.nic.in/",
               "schemeDepartments":"கப்பல் துறை"
            },
         ]
      },
         ]
      },
   