{
   "ListOfMinistries":[
      {
         "ministryId":1,
         "ministryName":"Ministry of Skill Development and Entrepreneurship",
         "ministrySchemesList":[
            {
               "schemeUiId":"M_0045_S_001",
               "schemeName":"Skills Acquisition and Knowledge Awareness for Livelihood Promotion(SANKALP)",
               "schemeObj":"The main objectives of the scheme are: Convergence: Creating convergence among all skill training activities, both State-led and Government of India funded, at the state level. Quality: Improving the quality of skill development programs through building a pool of quality trainers, developing model curriculum and content, and standardizing assessment and certification. Evaluation System: Establishing a robust monitoring and evaluation system for skill training programs. Inclusiveness & Opportunity: Providing access to skill training opportunities to the disadvantaged sections. Creating industry-led and demand-driven skill training capacity.",
               "schemeDesc":"The Cabinet Committee on Economic Affairs has approved two new schemes: Skills Acquisition and Knowledge Awareness for Livelihood Promotion (SANKALP) and Skill Strengthening for Industrial Value Enhancement (STRIVE) to boost the Skill India Mission. Both are central sector with half of the scheme outlay as loan assistance from World Bank. The schemes are being implemented to satisfy the long felt need for a national architecture for promoting convergence, regulating skill training, catalyzing industry efforts in vocational training space and ensuring effective governance. The schemes shall set up national bodies for regulation of accreditation and certification in both long and short term Vocational Education and Training (VET). The architecture shall converge the efforts of the state, central and private sector institutions for creating a better impact. The schemes shall thus provide the required momentum for the National Skill Development Mission, 2015 and various other missions under the scheme.It is a Centrally Sponsored Scheme which is collaborated with the World Bank.It aims to implement the mandate of the National Skill Development Mission (NSDM).",
               "schemeEligiiblity":"NIL",
               "schemeTargetGroup":"SANKALP has four key result areas viz: (i) Institutional Strengthening at Central, State & District level; (ii) Quality Assurance of skill development programmes; (iii) Inclusion of marginalized population in skill development programmes; and (iv) Expanding Skills through PPPs.",
               "schemeMiscDetails":"SANKALP (Skill Acquisition and Knowledge Awareness for Livelihood Promotion Programme) is a Rs 4000 crore programme that is aimed at channelizing the energy of the youth in proper education, skill and jobs. It will provide market relevant training to 3.5 crore youth.",
               "schemeDepartments":"Department of of Skill Development and Entrepreneurship"
            },
            {
               "schemeUiId":"M_0045_S_002",
               "schemeName":"Skills Strengthening for Industrial Value Enhancement(STRIVE)",
               "schemeObj":"STRIVE scheme aims at developing a powerful mechanism for delivering training for quality skill development by strengthening the institutions like National Skill Development Agency (NSDA), National Skill Development Corporation (NSDC), SSDMs, Sector Skill Councils etc.By involving Industrial clusters, business association and Small Scale Industries, the scheme intends incentivize Industrial Training Institutes (ITIs) to improve the overall performance.",
               "schemeDesc":"Skills Strengthening for Industrial Value Enhancement (STRIVE) is a new World Bank funded project that has been approved by Expenditure Finance Committee (EFC) in November 2016 for a total cost of Rs. 2200 crore (US $ 318 million). The project falls under the Programme for Results (P4R) based category of World Bank that ensures outcome based funding. The project aims at creating awareness through industry clusters/ geographical chambers that would address the challenge of involvement of micro, Small and Medium-sized Enterprises (MSMEs). The Project would also aim at integrating and enhancing delivery quality of ITIs. In order to ensure achievement of outcome these ITI would be competitively selected for upgradation under the scheme. Committee for Economic Affairs (CCEA) has approved STRIVE and the loan agreement between Government of India & World Bank has been signed on 19.12.2017.The project management consultancy has been on-boarded. The operations manual has been prepared in consultation with World Bank and has been approved by National Steering Committee meeting chaired by Secretary, MSDE on 3rd January’2019. Implementation of project has been started and workshops with states and industries clusters are planned.",
               "schemeEligiiblity":"Government ITIs and Private ITIs will be eligible to apply for PB Grant basis the ITI grading score assigned by Core Grading Committee, Ministry of Skill Development and Entrepreneurship (MSDE). All the States and Union Territories (UTs) are eligible to participate in this project. However, a State/UT should meet the conditions.",
               "schemeTargetGroup":"NIL",
               "schemeMiscDetails":"The financial agreement was signed between Government of India and International Bank for Reconstruction and Development (IBRD) on 19th December, 2017 and the closing date of the project is November, 2022. It is a Central Sector Scheme (CSS) with a budget outlay of INR 2200 Crore covering the following 4 result areas: Improved performance of ITI, Increased Capacities of State Governments to support ITIs and Apprenticeship Training, Improved Teaching and Learning, Improved and Broadened Apprenticeship Training.",
               "schemeDepartments":"Department of of Skill Development and Entrepreneurship"
            },
            {
               "schemeUiId":"M_0045_S_003",
               "schemeName":"NAPS - National Apprenticeship Promotion Scheme",
               "schemeObj":"The main objective of the scheme is to promote apprenticeship training and to increase the engagement of apprentices from present 2.3 lakh to 50 lakh cumulatively by 2020.",
               "schemeDesc":"National Apprenticeship Promotion Scheme (NAPS) is a new scheme of Government of India to promote apprenticeship. It was launched on19th August 2016. Apprenticeship Training consists of Basic Training and On-the-Job Training/Practical Training at workplace in the industry. Apprenticeship Training is considered to be one of the most efficient ways to develop skilled manpower for the country. It provides for an industry led, practice oriented, effective and efficient mode of formal training. National Apprenticeship Promotion Scheme is to promote apprenticeship training in the country. As per the scheme, Government of India will share 25% of prescribed stipend subject to a maximum of Rs. 1500 per month per apprentice with the employers. Government of India will also share maximum Rs.7500 per fresher apprentice (without any formal trade training) as a cost of basic training with Basic Training Providers.The scheme would commence from 1st October, 2016. Employers who have engaged the apprentices before 1st October, 2016 will get the benefits of scheme from 1st October, 2016 only.",
               "schemeEligiiblity":"Employer is any person/entity who has business in any trade or occupation. An apprentice is a person who has made contract of apprenticeship with the employer for apprenticeship training under the Act. Maximum age in respect of Fresher apprentices shall be 21 years. Number of such apprentices may be upto 20% of the target in a year.",
               "schemeTargetGroup":"This scheme will cover all categories of apprentices except the Graduate, Technician and Technician (Vocational) apprentices which are covered by the scheme administered by Ministry of Human Resource Development.",
               "schemeMiscDetails":"Target under the scheme shall be 5 lakh apprentices in 2016-17, 10 lakh apprentices in 2017-18, 15 lakh apprentices in 2018-2019 and 20 lakh apprentices in 2019-20. The engagement of fresher apprentices shall be 20% of total annual target.",
               "schemeDepartments":"Department of of Skill Development and Entrepreneurship"
             },
             {
               "schemeUiId":"M_0045_S_004",
               "schemeName":"Pradhan Mantri Yuva Yojana",
               "schemeObj":"Educate and equip potential and early stage entrepreneurs, Connect entrepreneurs in enabling networks of peers, mentors, incubators, funding and business services, Coordinate and support entrepreneurs through Entrepreneurship Hubs(E-Hubs), Catalyze a culture shift to support aspiring entrepreneurs.",
               "schemeDesc":"Pradhan Mantri YUVA Yojana also known as Yuva Udyamita Vikas Abhiyan was implemented by the Ministry of Skill Development and Entrepreneurship (MSDE)  in consultation with the Government of India in 2016. The Union Minister Rajiv Pratap Rudy launched the Yojana on the second foundation day of MSDE. The Yojana was framed exclusively to enhance the competencies of the Youth of our nation as unemployment appears to be a significant threat to today’s generation. Pradhan Mantri YUVA Yojana is a centrally sponsored initiative featuring on Entrepreneurship Education and training.The scheme spans over five years (2016-17 to 2020-21) with a project cost of Rs. 499.94 crore. It will provide entrepreneurship education and training to over 7 lakh students in 5 years through 3050 Institutes. It will also include easy access to information and mentor network, credit, incubator and accelerator and advocacy to create a pathway for the youth. The institutes under the PM’s YUVA Yojana include 2200 Institutes of Higher Learning (colleges, universities, and premier institutes), 300 schools, 500 ITIs and 50 Entrepreneurship Development Centres, through Massive Open Online Courses (MOOCs). It is expected to create approx. 30000 start-ups over five years creating 2,60,000 direct and indirect jobs. A strong pool of 8900 Entrepreneurship Educators and 10,180 Mentors will be created.",
               "schemeEligiiblity":"The Pradhan Mantri Yuva Yojana is for young entrepreneurs across the nation. As of now, no other eligibility criteria have decided. Anyone who is young that is below 30 can avail the scheme.",
               "schemeTargetGroup":"Under Graduate / Post Graduate Courses, PhD Program, Degree in Diploma, School Students, Students from ITI’s, Students of unorganized sectors in rural and urban areas, Women and Active Entrepreneurs, Citizens looking forward towards entrepreneurship education through support programs.",
               "schemeMiscDetails":"Under the scheme, there is special provision of 12 awards in a sub-category under Enterprises Track exclusively for Scheduled Caste/Scheduled Tribe, Women Entrepreneur, Entrepreneur from Persons with Disability (PwDs) and Entrepreneur from Difficult Areas.",
               "schemeDepartments":"Department of of Skill Development and Entrepreneurship"  
             },
             {
               "schemeUiId":"M_0045_S_005",
               "schemeName":"Pradhan Mantri Kaushal Vikas Yojana(PMKVY)",
               "schemeObj":"The objective of this Skill Certification Scheme is to enable a large number of Indian youth to take up industry-relevant skill training that will help them in securing a better livelihood. Individuals with prior learning experience or skills will also be assessed and certified under Recognition of Prior Learning (RPL). Under this Scheme, Training and Assessment fees are completely paid by the Government.",
               "schemeDesc":"Pradhan Mantri Kaushal Vikas Yojana was launched two years ago on 15 July 2015, on the occasion of World Youth Skills Day by Honourable Prime Minister, Shri Narendra Modi. This Scheme shall be implemented through Public-Private and Public-Public Partnerships (PPPs). On its successful completion of one year, the Union Cabinet approved it for another four years (2016-2020) to benefit 10 million youth with an outlay of Rs 12,000 crores. It is the flagship scheme of the Ministry of Skill Development & Entrepreneurship (MSDE) implemented by National Skill Development Corporation. Government set a target to train including up-skilling/re-skilling 400 million people by 2022. Key components of the scheme: Short Term Training: training in Soft Skills, Entrepreneurship, Financial and Digital Literacy. Duration of training between 150 and 300 hours. Recognition of Prior Learning: individuals with prior learning experience or skills shall be assessed and certified under the Recognition of Prior Learning (RPL) component of the Scheme. Special Projects: creation of a platform that will facilitate trainings in special areas and/or premises of Government bodies. Kaushal and Rozgar Mela: conducted every six months with press/media coverage for social and community mobilisation. Placement Guidelines: provide placement opportunities to candidates, trained and certified under the Scheme. Monitoring Guidelines: methodologies shall be enhanced with the engagement of latest technologies.",
               "schemeEligiiblity":"This Scheme is applicable to any candidate of Indian nationality who: Is an unemployed youth or,school/ college dropouts, Possesses an Aadhaar card and a bank account , Has a verifiable alternate ID such as PAN or Voter ID (applicable only for the states of NorthEast region and J&K - Additional IDs may be added from time to time), Any other criteria, as defined by the SSCs for the respective job roles.",
               "schemeTargetGroup":"School/college dropouts",
               "schemeMiscDetails":"The Pradhan Mantri Kaushal Vikas Yojana (2016-2020) target shall be implemented by both the Centre as well as the States. It has two components: Centrally Sponsored Centrally Managed (CSCM): 75% of the PMKVY (2016-2020) funds shall be available to MSDE (Ministry of Skill Development and Entrepreneurship) for skilling through National Skill Development Corporation (NSDC). Centrally Sponsored State Managed (CSSM): 25% of the funds of PMKVY 2.0 shall be allocated to the States.",
               "schemeDepartments":"Department of of Skill Development and Entrepreneurship"   
             },
             {
               "schemeUiId":"M_0045_S_006",
               "schemeName":"Jan Shikshan Santhans(JSS)",
               "schemeObj":"To enhance occupational skills and technical knowledge of the neo-literates and individuals having basic school education. To raise efficiency, increase productive ability and enhance their livelihood opportunities. To identify and assist traditional skills in the district through skilling/upskilling. To create master trainers who are eligible to work in a department/agency of skill development through training and orientation programmes. To collaborate and coordinate with other departments/agencies who are working in the field of skill development. To widen the range of knowledge and understand the social, economic and political systems and creating environmental awareness. To promote national values and align with national programmes. To promote self-employment and facilitate financial support, including loans for the target group through linkage with credit and consortium membership.",
               "schemeDesc":"Dharmendra Pradhan, Minister of Skill Development and Entrepreneurship, Petroleum and Natural Gas (MSDE) on January 24, 2019 launched new reforms and guidelines for Jan Shikshan Sansthan (JSS) to further strengthen the skills ecosystem benefiting those in the underprivileged sections of society.The Jan Shikshan Santhan (JSS) scheme of was initially launched in 1967 as Shramik Vidyapeeth, a multi-faceted adult education institution that was aimed at improving vocational skills and quality of life of industrial workers and their family members and of migrants workers, coming to urban areas. In April 2000, Shramik Vidyapeeth scheme was renamed as Jan Shikshan Sansthan and its focus was also extended to the rural areas. The motive behind the new guidelines is to align the JSSs to the National Skill Qualification Framework (NSQF). By aligning JSSs to the National Skill Framework, the Government aims to provide vocational training to non-literates, neo-literates as well as school drop-outs in rural regions by identifying skills that have a relevant market in that region. Over two-thirds of India’s population comprises rural citizens. The objective of JSS is to uplift this rural population economically by imparting essential skills training, thereby enabling local trades to grow and creating new opportunities for the natives of the region.",
               "schemeEligiiblity":"The organisation has to be registered for a minimum period of three years at the time of application. It must have a proper Constitution Memorandum or Articles of Association. It has to have a properly constituted Managing/Governing Body with its powers and duties mentioned in its constitution. It should have experience in the field of formal/non-formal education, Skill Development, adult education, vocational training, development and community development. It must have been through a financial audit for the last three years. It must maintain a report for the last three years.",
               "schemeTargetGroup":"Jan Shikshan Santhan focuses on the socio-economic backward and educationally disadvantaged groups of urban/rural population such as men, women, youth, employed, self-employed, neo literates, prospective workers and their family members, along with unemployed youth. The scheme also targets to impart vocational skills to the non-literates and individuals having a rudimentary level of education of up to 8th standard and other school dropouts. Preference is given to women, SC, ST, OBS and minorities in the rural and urban areas.",
               "schemeMiscDetails":"They do not provide just skill development, but also link literacy with vocational skills and technical knowledge and provide large doses of Life doses of Life Enrichment Education (LEE) to the people enrolled. At present there are 247 JSSs working across the country.",
               "schemeDepartments":"Department of of Skill Development and Entrepreneurship" 
             },
         ]
      },
         ]
      },

