{
   "ListOfMinistries":[
      {
         "ministryId":1,
         "ministryName":"திறன் மேம்பாடு மற்றும் தொழில்முனைவோர் அமைச்சகம்",
         "ministrySchemesList":[
        {
               "schemeUiId":"M_0045_S_001",
               "schemeName":"வாழ்வாதார மேம்பாட்டிற்கான திறன்களைப் பெறுதல் மற்றும் அறிவு விழிப்புணர்வு (SANKALP)",
               "schemeObj":"திட்டத்தின் முக்கிய நோக்கங்கள்: குவிதல்: மாநிலத் தலைமையிலான மற்றும் இந்திய அரசு நிதியளித்த அனைத்து திறன் பயிற்சி நடவடிக்கைகளிலும் மாநில அளவில் ஒருங்கிணைப்பை உருவாக்குதல். தரம்: தரமான பயிற்சியாளர்களின் குளத்தை உருவாக்குவதன் மூலம் திறன் மேம்பாட்டுத் திட்டங்களின் தரத்தை மேம்படுத்துதல், மாதிரி பாடத்திட்டத்தையும் உள்ளடக்கத்தையும் உருவாக்குதல் மற்றும் மதிப்பீடு மற்றும் சான்றிதழை தரப்படுத்துதல். மதிப்பீட்டு முறை: திறன் பயிற்சி திட்டங்களுக்கு வலுவான கண்காணிப்பு மற்றும் மதிப்பீட்டு முறையை நிறுவுதல். உள்ளடக்கம் மற்றும் வாய்ப்பு: பின்தங்கிய பிரிவுகளுக்கு திறன் பயிற்சி வாய்ப்புகளுக்கான அணுகலை வழங்குதல். தொழில் தலைமையிலான மற்றும் தேவைக்கு உந்துதல் திறன் பயிற்சி திறனை உருவாக்குதல்.",
               "schemeDesc":"பொருளாதார விவகாரங்களுக்கான அமைச்சரவைக் குழு இரண்டு புதிய திட்டங்களுக்கு ஒப்புதல் அளித்துள்ளது: திறன் கையகப்படுத்தல் மற்றும் வாழ்வாதார மேம்பாட்டிற்கான அறிவு விழிப்புணர்வு (சங்கல்ப்) மற்றும் திறன் இந்தியா மிஷனை உயர்த்துவதற்காக தொழில்துறை மதிப்பு மேம்பாட்டிற்கான திறன் வலுப்படுத்துதல் (STRIVE). உலக வங்கியின் கடன் உதவியாக திட்ட செலவினத்தில் பாதி இரண்டும் மத்திய துறை. ஒன்றிணைப்பை ஊக்குவித்தல், திறன் பயிற்சியை ஒழுங்குபடுத்துதல், தொழில் பயிற்சி இடத்தில் தொழில் முயற்சிகளை ஊக்குவித்தல் மற்றும் பயனுள்ள நிர்வாகத்தை உறுதிப்படுத்துதல் ஆகியவற்றுக்கான தேசிய கட்டிடக்கலைக்கான நீண்டகால தேவையை பூர்த்தி செய்வதற்காக இந்த திட்டங்கள் செயல்படுத்தப்படுகின்றன. இந்தத் திட்டங்கள் நீண்ட மற்றும் குறுகிய கால தொழிற்கல்வி மற்றும் பயிற்சி (VET) இரண்டிலும் அங்கீகாரம் மற்றும் சான்றிதழைக் கட்டுப்படுத்த தேசிய அமைப்புகளை அமைக்கும். ஒரு சிறந்த தாக்கத்தை உருவாக்குவதற்கான அரசு, மத்திய மற்றும் தனியார் துறை நிறுவனங்களின் முயற்சிகளை இந்த கட்டிடக்கலை ஒருங்கிணைக்கும். இந்த திட்டங்கள் தேசிய திறன் மேம்பாட்டு மிஷன், 2015 மற்றும் திட்டத்தின் கீழ் உள்ள பல்வேறு பணிகளுக்கு தேவையான வேகத்தை வழங்கும். இது உலக வங்கியுடன் ஒத்துழைக்கும் ஒரு மைய நிதியுதவி திட்டமாகும். இது தேசிய திறன் மேம்பாட்டு திட்டத்தின் ஆணையை செயல்படுத்துவதை நோக்கமாகக் கொண்டுள்ளது (என்.எஸ்.டி.எம்).",
               "schemeEligiiblity":"NIL",
               "schemeTargetGroup":"சங்கல்பிற்கு நான்கு முக்கிய முடிவு பகுதிகள் உள்ளன: (i) மத்திய, மாநில மற்றும் மாவட்ட அளவில் நிறுவன பலப்படுத்துதல்; (ii) திறன் மேம்பாட்டுத் திட்டங்களின் தர உறுதி; (iii) திறன் மேம்பாட்டுத் திட்டங்களில் ஓரங்கட்டப்பட்ட மக்களைச் சேர்ப்பது; மற்றும் (iv) பிபிபிக்கள் மூலம் திறன்களை விரிவுபடுத்துதல்.",
               "schemeMiscDetails":"சங்கல்ப் (வாழ்வாதார ஊக்குவிப்பு திட்டத்திற்கான திறன் கையகப்படுத்தல் மற்றும் அறிவு விழிப்புணர்வு) என்பது ரூ .4000 கோடி திட்டமாகும், இது சரியான கல்வி, திறன் மற்றும் வேலைகளில் இளைஞர்களின் ஆற்றலை மேம்படுத்துவதை நோக்கமாகக் கொண்டுள்ளது. இது 3.5 கோடி இளைஞர்களுக்கு சந்தை தொடர்பான பயிற்சி அளிக்கும்.",
               "schemeDepartments":"திறன் மேம்பாடு மற்றும் தொழில்முனைவோர் துறை"
            },
            {
               "schemeUiId":"M_0045_S_002",
               "schemeName":"தொழில்துறை மதிப்பு மேம்பாட்டிற்கான திறன்களை வலுப்படுத்துதல் (STRIVE)",
               "schemeObj":"தேசிய திறன் மேம்பாட்டு நிறுவனம் (என்.எஸ்.டி.ஏ), தேசிய திறன் மேம்பாட்டுக் கழகம் (என்.எஸ்.டி.சி), எஸ்.எஸ்.டி.எம், துறை திறன் கவுன்சில்கள் போன்ற நிறுவனங்களை வலுப்படுத்துவதன் மூலம் தரமான திறன் மேம்பாட்டுக்கான பயிற்சியை வழங்குவதற்கான ஒரு சக்திவாய்ந்த பொறிமுறையை உருவாக்குவதை ஸ்ட்ரைவ் திட்டம் நோக்கமாகக் கொண்டுள்ளது. தொழில்துறை கிளஸ்டர்கள், வணிக சங்கம் மற்றும் சிறு அளவிலான தொழில்கள், ஒட்டுமொத்த செயல்திறனை மேம்படுத்த தொழில்துறை பயிற்சி நிறுவனங்களை (ஐ.டி.ஐ) ஊக்குவிக்க இந்த திட்டம் விரும்புகிறது.",
               "schemeDesc":"தொழில்துறை மதிப்பு மேம்பாட்டிற்கான திறன்களை வலுப்படுத்துதல் (STRIVE) என்பது ஒரு புதிய உலக வங்கி நிதியளிக்கப்பட்ட திட்டமாகும், இது செலவின நிதிக் குழு (EFC) 2016 நவம்பரில் ஒப்புதல் அளித்துள்ளது. 2200 கோடி (அமெரிக்க $ 318 மில்லியன்). இந்த திட்டம் உலக வங்கியின் முடிவுகளுக்கான திட்டம் (பி 4 ஆர்) அடிப்படையிலான பிரிவின் கீழ் வருகிறது, இது விளைவு அடிப்படையிலான நிதியை உறுதி செய்கிறது. மைக்ரோ, சிறு மற்றும் நடுத்தர அளவிலான நிறுவனங்களின் (எம்.எஸ்.எம்.இ) ஈடுபாட்டின் சவாலை எதிர்கொள்ளும் தொழில் கிளஸ்டர்கள் / புவியியல் அறைகள் மூலம் விழிப்புணர்வை ஏற்படுத்துவதை இந்த திட்டம் நோக்கமாகக் கொண்டுள்ளது. ஐ.டி.ஐ.க்களின் விநியோக தரத்தை ஒருங்கிணைத்து மேம்படுத்துவதையும் இந்த திட்டம் நோக்கமாகக் கொண்டுள்ளது. விளைவுகளை அடைவதை உறுதி செய்வதற்காக, இந்த ஐ.டி.ஐ திட்டத்தின் கீழ் மேம்படுத்துவதற்கு போட்டித்தன்மையுடன் தேர்ந்தெடுக்கப்படும். பொருளாதார விவகாரங்களுக்கான குழு (சி.சி.இ.ஏ) STRIVE க்கு ஒப்புதல் அளித்துள்ளது, மேலும் இந்திய அரசுக்கும் உலக வங்கிக்கும் இடையிலான கடன் ஒப்பந்தம் 19.12.2017 அன்று கையெழுத்திடப்பட்டுள்ளது. திட்ட மேலாண்மை ஆலோசனை பலகையில் உள்ளது. செயல்பாட்டு கையேடு உலக வங்கியுடன் கலந்தாலோசித்து தயாரிக்கப்பட்டுள்ளது, மேலும் ஜனவரி 3, 2016 அன்று எம்.எஸ்.டி.இ.யின் செயலாளர் தலைமையிலான தேசிய வழிநடத்தல் குழு கூட்டத்தால் ஒப்புதல் அளிக்கப்பட்டுள்ளது. திட்டத்தை செயல்படுத்துவது தொடங்கப்பட்டுள்ளது மற்றும் மாநிலங்கள் மற்றும் தொழில்துறை கிளஸ்டர்களுடன் பட்டறைகள் திட்டமிடப்பட்டுள்ளன.",
               "schemeEligiiblity":"அரசு ஐடிஐக்கள் மற்றும் தனியார் ஐடிஐக்கள் பிபி கிராண்ட் அடிப்படையில் கோர் தர நிர்ணயக் குழு, திறன் மேம்பாடு மற்றும் தொழில் முனைவோர் அமைச்சகம் (எம்.எஸ்.டி.இ) ஒதுக்கிய ஐ.டி.ஐ தர மதிப்பெண்ணுக்கு விண்ணப்பிக்க தகுதியுடையவர்கள். இந்த திட்டத்தில் பங்கேற்க அனைத்து மாநிலங்கள் மற்றும் யூனியன் பிரதேசங்கள் (யூ.டி.க்கள்) தகுதியானவை. இருப்பினும், ஒரு மாநிலம் / யூடி நிபந்தனைகளை பூர்த்தி செய்ய வேண்டும்.",
               "schemeMiscDetails":"NIL",
               "schemeMiscDetails":"நிதி ஒப்பந்தம் டிசம்பர் 19, 2017 அன்று இந்திய அரசுக்கும் புனரமைப்பு மற்றும் மேம்பாட்டுக்கான சர்வதேச வங்கிக்கும் (ஐபிஆர்டி) கையெழுத்தானது, மேலும் திட்டத்தின் இறுதி தேதி 2022 நவம்பர் ஆகும். இது மத்திய துறை திட்டம் (சிஎஸ்எஸ்) ஆகும். பின்வரும் 4 முடிவு பகுதிகளை உள்ளடக்கிய 2200 கோடி ரூபாய்: ஐ.டி.ஐ யின் மேம்பட்ட செயல்திறன், ஐ.டி.ஐ மற்றும் பயிற்சி பயிற்சி, மேம்பட்ட கற்பித்தல் மற்றும் கற்றல், மேம்படுத்தப்பட்ட மற்றும் பரந்த பயிற்சி பெற்ற பயிற்சி ஆகியவற்றை ஆதரிக்க மாநில அரசுகளின் திறன்கள் அதிகரித்தன.",
               "schemeDepartments":"திறன் மேம்பாடு மற்றும் தொழில்முனைவோர் துறை"
            },
              {
               "schemeUiId":"M_0045_S_003",
               "schemeName":"NAPS - தேசிய பயிற்சி ஊக்குவிப்பு திட்டம்",
               "schemeObj":"அப்ரெண்டிஸ்ஷிப் பயிற்சியை ஊக்குவிப்பதும், 2020 க்குள் தற்போது 2.3 லட்சத்திலிருந்து 50 லட்சமாக பயிற்சியாளர்களின் ஈடுபாட்டை அதிகரிப்பதும் இந்த திட்டத்தின் முக்கிய நோக்கமாகும்.",
               "schemeDesc":"தேசிய பயிற்சி ஊக்குவிப்பு திட்டம் (NAPS) என்பது பயிற்சி பெறுவதை மேம்படுத்துவதற்காக இந்திய அரசின் புதிய திட்டமாகும். இது ஆகஸ்ட் 19, 2016 அன்று தொடங்கப்பட்டது. தொழிற்துறையில் பணியிடத்தில் அடிப்படை பயிற்சி மற்றும் வேலைவாய்ப்பு பயிற்சி / நடைமுறை பயிற்சி ஆகியவை பயிற்சி பெற்ற பயிற்சி. நாட்டிற்கான திறமையான மனிதவளத்தை வளர்ப்பதற்கான மிகவும் திறமையான வழிகளில் பயிற்சி பயிற்சி கருதப்படுகிறது. இது ஒரு தொழிற்துறை தலைமையிலான, நடைமுறை சார்ந்த, பயனுள்ள மற்றும் திறமையான முறையான பயிற்சியை வழங்குகிறது. நாட்டில் பயிற்சி பெறும் பயிற்சியை ஊக்குவிப்பதே தேசிய பயிற்சி ஊக்குவிப்பு திட்டம். இத்திட்டத்தின்படி, பரிந்துரைக்கப்பட்ட உதவித்தொகையில் 25% இந்திய அரசு அதிகபட்சமாக ரூ. முதலாளிகளுடன் பயிற்சி பெறுவதற்கு மாதத்திற்கு 1500 ரூபாய். அடிப்படை பயிற்சி வழங்குநர்களுடன் அடிப்படை பயிற்சிக்கான செலவாக இந்திய அரசு ஒரு புதிய பயிற்சியாளருக்கு அதிகபட்சமாக ரூ .7500 (எந்த முறையான வர்த்தக பயிற்சியும் இல்லாமல்) பகிர்ந்து கொள்ளும். இந்த திட்டம் 2016 அக்டோபர் 1 முதல் தொடங்கும். அக்டோபர் 1 ஆம் தேதிக்கு முன்பு பயிற்சி பெற்ற முதலாளிகள் , 2016 அக்டோபர் 1 முதல் திட்டத்தின் பலன்களைப் பெறும்.",
               "schemeEligiiblity":"எந்தவொரு வர்த்தகம் அல்லது தொழிலிலும் வணிகம் கொண்ட எந்தவொரு நபர் / நிறுவனம் முதலாளி. ஒரு பயிற்சி என்பது சட்டத்தின் கீழ் பயிற்சி பயிற்சிக்காக முதலாளியுடன் பயிற்சி பெற்ற ஒப்பந்தமாகும். ஃப்ரெஷர் பயிற்சி பெற்றவர்களுக்கு அதிகபட்ச வயது 21 ஆண்டுகள். அத்தகைய பயிற்சியாளர்களின் எண்ணிக்கை ஒரு வருடத்தில் இலக்கில் 20% வரை இருக்கலாம்.",
               "schemeTargetGroup":"இந்த திட்டம் மனிதவள மேம்பாட்டு அமைச்சகத்தால் நிர்வகிக்கப்படும் திட்டத்தின் கீழ் வரும் பட்டதாரி, தொழில்நுட்ப வல்லுநர் மற்றும் தொழில்நுட்ப (தொழில்) பயிற்சி பெற்றவர்களைத் தவிர அனைத்து வகை பயிற்சியாளர்களையும் உள்ளடக்கும்.",
               "schemeMiscDetails":"இத்திட்டத்தின் கீழ் இலக்கு 2016-17ல் 5 லட்சம், 2017-18ல் 10 லட்சம் பயிற்சி பெற்றவர்கள், 2018-2019-ல் 15 லட்சம் பயிற்சி பெற்றவர்கள் மற்றும் 2019-20-ல் 20 லட்சம் பயிற்சி பெற்றவர்கள். புதிய பயிற்சியாளர்களின் ஈடுபாடு மொத்த ஆண்டு இலக்கில் 20% ஆக இருக்கும்.",
               "schemeDepartments":"திறன் மேம்பாடு மற்றும் தொழில்முனைவோர் துறை"
            },
             {
               "schemeUiId":"M_0045_S_004",
               "schemeName":"பிரதான் மந்திரி யுவ யோஜனா",
               "schemeObj":"சாத்தியமான மற்றும் ஆரம்ப கட்ட தொழில்முனைவோருக்கு கல்வி கற்பித்தல் மற்றும் சித்தப்படுத்துதல், சகாக்கள், வழிகாட்டிகள், இன்குபேட்டர்கள், நிதி மற்றும் வணிக சேவைகளின் நெட்வொர்க்குகளை இயக்குவதில் தொழில்முனைவோரை இணைக்கவும், தொழில்முனைவோர் மையங்கள் (ஈ-ஹப்ஸ்) மூலம் தொழில்முனைவோரை ஒருங்கிணைத்தல் மற்றும் ஆதரித்தல், ஆர்வமுள்ள தொழில்முனைவோருக்கு ஆதரவாக ஒரு கலாச்சார மாற்றத்தை ஊக்குவித்தல்.",
               "schemeDesc":"யுவா உதயமிதா விகாஸ் அபியான் என்றும் அழைக்கப்படும் பிரதான் மந்திரி யுவா யோஜனா, திறன் மேம்பாடு மற்றும் தொழில்முனைவோர் அமைச்சகத்தால் (எம்.எஸ்.டி.இ) இந்திய அரசுடன் கலந்தாலோசித்து 2016 இல் செயல்படுத்தப்பட்டது. மத்திய அமைச்சர் ராஜீவ் பிரதாப் ரூடி எம்.எஸ்.டி.இ. . இன்றைய தலைமுறைக்கு வேலையின்மை ஒரு குறிப்பிடத்தக்க அச்சுறுத்தலாகத் தோன்றுவதால், நமது நாட்டின் இளைஞர்களின் திறன்களை மேம்படுத்துவதற்காக யோஜனா பிரத்தியேகமாக வடிவமைக்கப்பட்டது. பிரதான் மந்திரி யுவா யோஜனா என்பது தொழில்முனைவோர் கல்வி மற்றும் பயிற்சியினை உள்ளடக்கிய ஒரு மைய நிதியுதவி ஆகும். இந்த திட்டம் ஐந்து ஆண்டுகளில் (2016-17 முதல் 2020-21 வரை) ரூ. 499.94 கோடி. இது 3050 நிறுவனங்கள் மூலம் 5 ஆண்டுகளில் 7 லட்சத்துக்கும் மேற்பட்ட மாணவர்களுக்கு தொழில் முனைவோர் கல்வி மற்றும் பயிற்சியை வழங்கும். தகவல் மற்றும் வழிகாட்டல் நெட்வொர்க், கிரெடிட், இன்குபேட்டர் மற்றும் ஆக்ஸிலரேட்டர் மற்றும் இளைஞர்களுக்கான பாதையை உருவாக்குவதற்கான வக்காலத்து ஆகியவற்றை எளிதாக அணுகுவதும் இதில் அடங்கும். பிரதமரின் யுவா யோஜனாவின் கீழ் உள்ள நிறுவனங்களில் 2200 உயர் கற்றல் நிறுவனங்கள் (கல்லூரிகள், பல்கலைக்கழகங்கள் மற்றும் முதன்மை நிறுவனங்கள்), 300 பள்ளிகள், 500 ஐடிஐக்கள் மற்றும் 50 தொழில் முனைவோர் மேம்பாட்டு மையங்கள் ஆகியவை அடங்கும். இது தோராயமாக உருவாக்கும் என்று எதிர்பார்க்கப்படுகிறது. ஐந்து ஆண்டுகளில் 30000 ஸ்டார்ட் அப்கள் 2,60,000 நேரடி மற்றும் மறைமுக வேலைகளை உருவாக்குகின்றன. 8900 தொழில் முனைவோர் கல்வியாளர்கள் மற்றும் 10,180 வழிகாட்டிகளின் வலுவான குளம் உருவாக்கப்படும்.",
               "schemeEligiiblity":"பிரதான் மந்திரி யுவ திட்டமானது நாடு முழுவதும் உள்ள இளம் தொழில்முனைவோருக்கானது. இப்போதைக்கு, வேறு எந்த தகுதி அளவுகோல்களும் முடிவு செய்யவில்லை. 30 வயதிற்குட்பட்ட இளைஞர்கள் இந்த திட்டத்தைப் பெறலாம்.",
               "schemeTargetGroup":"பட்டதாரி / முதுகலை படிப்புகள், பிஎச்.டி திட்டம், டிப்ளோமா பட்டம், பள்ளி மாணவர்கள், ஐ.டி.ஐ மாணவர்கள், கிராமப்புற மற்றும் நகர்ப்புறங்களில் உள்ள அமைப்புசாரா துறைகளின் மாணவர்கள், பெண்கள் மற்றும் செயலில் உள்ள தொழில்முனைவோர், ஆதரவு திட்டங்கள் மூலம் தொழில் முனைவோர் கல்வியை எதிர்பார்க்கும் குடிமக்கள்",
               "schemeMiscDetails":"இத்திட்டத்தின் கீழ், பட்டியல் சாதி / பட்டியல் பழங்குடியினர், பெண்கள் தொழில்முனைவோர், மாற்றுத்திறனாளிகளிடமிருந்து தொழில்முனைவோர் (பி.டபிள்யூ.டி) மற்றும் கடினமான பகுதிகளைச் சேர்ந்த தொழில்முனைவோர் ஆகியோருக்கு பிரத்யேகமாக எண்டர்பிரைசஸ் டிராக்கின் கீழ் ஒரு துணைப்பிரிவில் 12 விருதுகள் வழங்கப்படுகின்றன.",
               "schemeDepartments":"திறன் மேம்பாடு மற்றும் தொழில்முனைவோர் துறை"  
             },
             {
               "schemeUiId":"M_0045_S_005",
               "schemeName":"பிரதான் மந்திரி கெளஷல் விகாஸ் யோஜனா (பி.எம்.கே.வி.ஒய்)",
               "schemeObj":"இந்த திறன் சான்றிதழ் திட்டத்தின் நோக்கம், ஏராளமான இந்திய இளைஞர்களுக்கு தொழில் சம்பந்தப்பட்ட திறன் பயிற்சியை மேற்கொள்ள உதவுவதேயாகும், இது அவர்களுக்கு சிறந்த வாழ்வாதாரத்தை பாதுகாக்க உதவும். முன் கற்றல் அனுபவம் அல்லது திறன்களைக் கொண்ட தனிநபர்கள் முன் கற்றல் அங்கீகாரம் (ஆர்.பி.எல்) கீழ் மதிப்பீடு செய்யப்பட்டு சான்றிதழ் பெறுவார்கள். இந்த திட்டத்தின் கீழ், பயிற்சி மற்றும் மதிப்பீட்டு கட்டணங்கள் முழுமையாக அரசாங்கத்தால் செலுத்தப்படுகின்றன.",
               "schemeDesc":"மாண்புமிகு பிரதமர் ஸ்ரீ நரேந்திர மோடியால் உலக இளைஞர் திறன் தினத்தை முன்னிட்டு 2015 ஜூலை 15 அன்று பிரதான் மந்திரிகெளஷல் விகாஸ் யோஜனா தொடங்கப்பட்டது. இந்த திட்டம் பொது-தனியார் மற்றும் பொது-பொது கூட்டாண்மை (பிபிபிக்கள்) மூலம் செயல்படுத்தப்படும். ஒரு வருடம் வெற்றிகரமாக நிறைவடைந்ததும், மத்திய அமைச்சரவை மேலும் நான்கு ஆண்டுகளுக்கு (2016-2020) 10 மில்லியன் இளைஞர்களுக்கு 12,000 கோடி ரூபாய் செலவினத்துடன் பயனளித்தது. இது தேசிய திறன் மேம்பாட்டுக் கழகத்தால் செயல்படுத்தப்பட்ட திறன் மேம்பாடு மற்றும் தொழில்முனைவோர் அமைச்சின் (எம்.எஸ்.டி.இ) முதன்மை திட்டமாகும். 2022 க்குள் 400 மில்லியன் மக்களை மேம்படுத்துதல் / மறு திறன் செய்தல் உள்ளிட்ட பயிற்சிக்கு அரசாங்கம் இலக்கு நிர்ணயித்துள்ளது. திட்டத்தின் முக்கிய கூறுகள்: குறுகிய கால பயிற்சி: மென்மையான திறன்கள், தொழில்முனைவோர், நிதி மற்றும் டிஜிட்டல் கல்வியறிவு ஆகியவற்றில் பயிற்சி. 150 முதல் 300 மணி நேரம் வரை பயிற்சியின் காலம். முன் கற்றலுக்கான அங்கீகாரம்: முன் கற்றல் அனுபவம் அல்லது திறன்களைக் கொண்ட நபர்கள் திட்டத்தின் முன் கற்றல் அங்கீகாரம் (ஆர்.பி.எல்) கூறுகளின் கீழ் மதிப்பீடு செய்யப்பட்டு சான்றிதழ் வழங்கப்படுவார்கள். சிறப்புத் திட்டங்கள்: சிறப்புப் பகுதிகள் மற்றும் / அல்லது அரசு அமைப்புகளின் வளாகங்களில் பயிற்சிக்கு உதவும் ஒரு தளத்தை உருவாக்குதல். க aus சல் மற்றும் ரோஸ்கர் மேளா: சமூக மற்றும் சமூக அணிதிரட்டலுக்காக ஒவ்வொரு ஆறு மாதங்களுக்கும் பத்திரிகை / ஊடகக் கவரேஜ் மூலம் நடத்தப்படுகிறது. வேலைவாய்ப்பு வழிகாட்டுதல்கள்: திட்டத்தின் கீழ் பயிற்சி பெற்ற மற்றும் சான்றளிக்கப்பட்ட வேட்பாளர்களுக்கு வேலை வாய்ப்பு வாய்ப்புகளை வழங்குதல். கண்காணிப்பு வழிகாட்டுதல்கள்: சமீபத்திய தொழில்நுட்பங்களின் ஈடுபாட்டுடன் முறைகள் மேம்படுத்தப்படும்.",
               "schemeEligiiblity":"இந்த திட்டம் இந்திய தேசத்தின் எந்தவொரு வேட்பாளருக்கும் பொருந்தும்: வேலையில்லாத இளைஞர் அல்லது பள்ளி / கல்லூரி படிப்பை விட்டு வெளியேறுபவர், ஆதார் அட்டை மற்றும் வங்கி கணக்கை வைத்திருக்கிறார் •, பான் அல்லது வாக்காளர் ஐடி போன்ற சரிபார்க்கக்கூடிய மாற்று ஐடி உள்ளது (மாநிலங்களுக்கு மட்டுமே பொருந்தும் நார்த் ஈஸ்ட் பிராந்தியத்தின் மற்றும் ஜே & கே - கூடுதல் ஐடிகள் அவ்வப்போது சேர்க்கப்படலாம்), வேறு எந்த அளவுகோல்களும், அந்தந்த வேலை வேடங்களுக்கான எஸ்எஸ்சிகளால் வரையறுக்கப்பட்டுள்ளன.",
               "schemeTargetGroup":"பள்ளி / கல்லூரி படிப்பை விட்டு வெளியேறுபவர்",
               "schemeMiscDetails":"பிரதான் மந்திரி கெளஷல் விகாஸ் யோஜனா (2016-2020) இலக்கு மையம் மற்றும் மாநிலங்களால் செயல்படுத்தப்படும். இது இரண்டு கூறுகளைக் கொண்டுள்ளது: மத்திய நிதியுதவி மைய நிர்வகிக்கப்பட்ட (சி.எஸ்.சி.எம்): பி.எம்.கே.வி.ஒய் (2016-2020) நிதிகளில் 75% தேசிய திறன் மேம்பாட்டுக் கழகம் (என்.எஸ்.டி.சி) மூலம் திறமை பெறுவதற்காக எம்.எஸ்.டி.இ (திறன் மேம்பாடு மற்றும் தொழில்முனைவோர் அமைச்சகம்) க்கு கிடைக்கும். மத்திய நிதியுதவி மாநில நிர்வகிக்கப்பட்ட (சிஎஸ்எஸ்எம்): பி.எம்.கே.வி.ஒய் 2.0 இன் நிதியில் 25% மாநிலங்களுக்கு ஒதுக்கப்படும்",
               "schemeDepartments":"திறன் மேம்பாடு மற்றும் தொழில்முனைவோர் துறை"  
             },
             {
               "schemeUiId":"M_0045_S_006",
               "schemeName":"ஜான் சிக்ஷன் சாந்தன்ஸ் (ஜே.எஸ்.எஸ்)",
               "schemeObj":"புதிய கல்வியறிவு பெற்றவர்கள் மற்றும் அடிப்படை பள்ளி கல்வியைக் கொண்ட தனிநபர்களின் தொழில் திறன் மற்றும் தொழில்நுட்ப அறிவை மேம்படுத்துதல். செயல்திறனை உயர்த்த, உற்பத்தி திறனை அதிகரிக்கவும், அவர்களின் வாழ்வாதார வாய்ப்புகளை மேம்படுத்தவும். திறன் / மேம்பாடு மூலம் மாவட்டத்தில் பாரம்பரிய திறன்களைக் கண்டறிந்து அவர்களுக்கு உதவுதல். பயிற்சி மற்றும் நோக்குநிலை திட்டங்கள் மூலம் திறன் மேம்பாட்டுத் துறை / நிறுவனத்தில் பணிபுரிய தகுதியுள்ள முதன்மை பயிற்சியாளர்களை உருவாக்குதல். திறன் மேம்பாட்டுத் துறையில் பணிபுரியும் பிற துறைகள் / முகவர் நிறுவனங்களுடன் ஒத்துழைத்து ஒருங்கிணைத்தல். அறிவின் வரம்பை விரிவுபடுத்துதல் மற்றும் சமூக, பொருளாதார மற்றும் அரசியல் அமைப்புகளைப் புரிந்துகொள்வது மற்றும் சுற்றுச்சூழல் விழிப்புணர்வை உருவாக்குதல். தேசிய மதிப்புகளை மேம்படுத்துவதற்கும் தேசிய திட்டங்களுடன் இணைவதற்கும். சுயதொழில் ஊக்குவித்தல் மற்றும் கடன் மற்றும் கூட்டமைப்பு உறுப்பினர்களுடன் இணைப்பதன் மூலம் இலக்கு குழுவிற்கான கடன்கள் உட்பட நிதி உதவியை எளிதாக்குதல்.",
               "schemeDesc":"சமூக அபிவிருத்தி மற்றும் தொழில்முனைவோர், பெட்ரோலியம் மற்றும் இயற்கை எரிவாயு (எம்.எஸ்.டி.இ) அமைச்சர் தர்மேந்திர பிரதான், ஜனவரி 24, 2019 அன்று ஜான் ஷிக்ஷன் சன்ஸ்தானுக்கு (ஜே.எஸ்.எஸ்) புதிய சீர்திருத்தங்களையும் வழிகாட்டுதல்களையும் தொடங்கினார். ஜான் ஷிக்ஷன் சந்தன் (ஜே.எஸ்.எஸ்) திட்டம் ஆரம்பத்தில் 1967 ஆம் ஆண்டில் ஸ்ராமிக் வித்யாபீத் என்ற தொழில்துறை தொழிலாளர்கள் மற்றும் அவர்களது குடும்ப உறுப்பினர்கள் மற்றும் புலம்பெயர்ந்த தொழிலாளர்களின் தொழில் திறன் மற்றும் வாழ்க்கைத் தரத்தை மேம்படுத்துவதை நோக்கமாகக் கொண்டு நகர்ப்புறங்களுக்கு வருவதை நோக்கமாகக் கொண்டது. பகுதிகள். ஏப்ரல் 2000 இல், ஷ்ராமிக் வித்யாபீத் திட்டம் ஜான் சிக்ஷன் சன்ஸ்தான் என மறுபெயரிடப்பட்டது, மேலும் அதன் கவனம் கிராமப்புறங்களுக்கும் விரிவுபடுத்தப்பட்டது. புதிய வழிகாட்டுதல்களுக்குப் பின்னால் உள்ள நோக்கம், JSS களை தேசிய திறன் தகுதி கட்டமைப்பிற்கு (NSQF) இணைப்பதாகும். ஜே.எஸ்.எஸ்-களை தேசிய திறன் கட்டமைப்பிற்கு இணைப்பதன் மூலம், அந்த பிராந்தியத்தில் பொருத்தமான சந்தையைக் கொண்ட திறன்களைக் கண்டறிவதன் மூலம் கல்வியறிவு இல்லாதவர்கள், புதிய எழுத்தறிவு பெற்றவர்கள் மற்றும் கிராமப்புறங்களில் பள்ளி விட்டு வெளியேறுபவர்களுக்கு தொழில் பயிற்சி அளிப்பதை அரசாங்கம் நோக்கமாகக் கொண்டுள்ளது. இந்தியாவின் மக்கள்தொகையில் மூன்றில் இரண்டு பங்கு கிராமப்புற குடிமக்களைக் கொண்டுள்ளது. அத்தியாவசிய திறன் பயிற்சி அளிப்பதன் மூலம் இந்த கிராமப்புற மக்களை பொருளாதார ரீதியாக மேம்படுத்துவதே ஜே.எஸ்.எஸ்ஸின் நோக்கம், இதன் மூலம் உள்ளூர் வர்த்தகங்கள் வளர உதவுவதோடு பிராந்தியத்தின் பூர்வீக மக்களுக்கு புதிய வாய்ப்புகளை உருவாக்குவதும் ஆகும்.",
               "schemeEligiiblity":"விண்ணப்பிக்கும் நேரத்தில் குறைந்தபட்சம் மூன்று ஆண்டுகளுக்கு நிறுவனத்தை பதிவு செய்ய வேண்டும். அதற்கு முறையான அரசியலமைப்பு மெமோராண்டம் அல்லது சங்கத்தின் கட்டுரைகள் இருக்க வேண்டும். அதன் அரசியலமைப்பில் குறிப்பிடப்பட்டுள்ள அதிகாரங்கள் மற்றும் கடமைகளுடன் ஒழுங்காக அமைக்கப்பட்ட நிர்வாக / நிர்வாகக் குழுவை அது கொண்டிருக்க வேண்டும். இது முறையான / முறைசாரா கல்வி, திறன் மேம்பாடு, வயது வந்தோர் கல்வி, தொழிற்பயிற்சி, வளர்ச்சி மற்றும் சமூக மேம்பாட்டுத் துறையில் அனுபவம் பெற்றிருக்க வேண்டும். இது கடந்த மூன்று ஆண்டுகளாக நிதி தணிக்கை மூலம் இருந்திருக்க வேண்டும். இது கடந்த மூன்று ஆண்டுகளாக ஒரு அறிக்கையை பராமரிக்க வேண்டும்.",
               "schemeTargetGroup":"ஜான் ஷிக்ஷன் சந்தன் நகர்ப்புற / கிராமப்புற மக்களின் சமூக-பொருளாதார பின்தங்கிய மற்றும் கல்வி ரீதியாக பின்தங்கிய குழுக்களான ஆண்கள், பெண்கள், இளைஞர்கள், வேலைவாய்ப்பு, சுயதொழில் செய்பவர்கள், புதிய கல்வியறிவு பெற்றவர்கள், வருங்கால தொழிலாளர்கள் மற்றும் அவர்களது குடும்ப உறுப்பினர்கள், வேலையற்ற இளைஞர்களுடன் கவனம் செலுத்துகிறார். 8-ஆம் வகுப்பு மற்றும் பிற பள்ளி படிப்புகளை விட்டு வெளியேறும் கல்வியின் ஆரம்ப நிலை கொண்ட கல்வியறிவற்றவர்கள் மற்றும் தனிநபர்களுக்கு தொழில்சார் திறன்களை வழங்கவும் இந்த திட்டம் இலக்கு கொண்டுள்ளது. கிராமப்புற மற்றும் நகர்ப்புறங்களில் பெண்கள், எஸ்சி, எஸ்டி, ஓபிஎஸ் மற்றும் சிறுபான்மையினருக்கு முன்னுரிமை அளிக்கப்படுகிறது.",
               "schemeMiscDetails":"அவை வெறும் திறன் வளர்ச்சியை வழங்குவதில்லை, ஆனால் கல்வியறிவை தொழில் திறன் மற்றும் தொழில்நுட்ப அறிவுடன் இணைக்கின்றன மற்றும் பதிவுசெய்யப்பட்ட மக்களுக்கு அதிக அளவு வாழ்க்கை செறிவூட்டல் கல்வியின் (LEE) வாழ்க்கை அளவுகளை வழங்குகின்றன. தற்போது நாடு முழுவதும் 247 ஜே.எஸ்.எஸ்.",
               "schemeDepartments":"திறன் மேம்பாடு மற்றும் தொழில்முனைவோர் துறை"  
             },
         ]
      },
         ]
      },
   