{
   "ListOfMinistries":[
      {
         "ministryId":1,
         "ministryName":"சமூக நீதி மற்றும் அதிகாரமளித்தல் அமைச்சு",
         "ministrySchemesList":[
      {
               "schemeUiId":"M_0036_S_001",
               "schemeName":"ஷிவச்ட்டா உத்யமி யோஜனா",
               "schemeObj":"ஸ்வச்ச்தா உதாமி யோஜனா தூய்மை மற்றும் சஃபை கரம்சாரிஸ் மற்றும் விடுவிக்கப்பட்ட கையேடு தோட்டக்காரர்களுக்கு வாழ்வாதாரத்தை வழங்குவதற்கான இரட்டை நோக்கத்தைக் கொண்டுள்ளது.",
               "schemeDesc":"சமூக நீதி மற்றும் அதிகாரமளித்தல் அமைச்சின் உச்சக் கூட்டுத்தாபனமான தேசிய சஃபை கரம்சரிஸ் நிதி மற்றும் மேம்பாட்டுக் கழகம் (என்.எஸ்.கே.எஃப்.டி.சி) ஸ்வச்ச்தா உதாமி யோஜனாவை அறிமுகப்படுத்தியுள்ளது. இந்த திட்டம் இரண்டு நோக்கங்களை நோக்கமாகக் கொண்டுள்ளது, அதாவது. தூய்மை மற்றும் சஃபாய் கரம்சாரிஸ் (கிளீனர்கள்) மற்றும் விடுவிக்கப்பட்ட கையேடு தோட்டக்காரர்களுக்கு வாழ்வாதாரத்தை வழங்குதல். சமூக கழிவறைகளை நிர்மாணித்தல், இயக்குதல் மற்றும் பராமரித்தல் மற்றும் துப்புரவு தொடர்பான வாகனங்களை கொள்முதல் செய்தல் மற்றும் இயக்குதல் ஆகியவற்றுக்கான நிதி உதவி மூலம் இது அடையப்படுகிறது. நகரங்கள், நகரங்கள் மற்றும் கிராமப்புறங்களில் தேவையான உள்கட்டமைப்புகளை வழங்குவதன் மூலம் தூய்மையை மேம்படுத்துவதற்காக இந்தியாவில் நாடு தழுவிய பிரச்சாரமான ஸ்வச் பாரதி அபியனின் ஒரு பகுதியாக ஸ்வச்ச்தா உதாமி யோஜனா உள்ளது. NSKFDC(தேசிய சஃபை கரம்சாரிஸ் நிதி மற்றும் மேம்பாட்டுக் கழகம்) இன் வழிகாட்டுதல்களில் குறிப்பிடப்பட்டுள்ள வங்கிகள் மூலம் கடன்களின் நிலை குறித்த திட்டத்திற்கான நிதியை NSKFDC வழங்குகிறது. என்.எஸ்.கே.எஃப்.டி.சி வழங்கிய கடன் திட்ட செலவில் 90% மற்றும் மீதமுள்ள 10% மாநில அரசு அல்லது பயனாளியால் அடங்கும். பிபிபி பயன்முறை மற்றும் துப்புரவு தொடர்பான வாகனத் திட்டங்களில் செலுத்துதல் மற்றும் பயன்படுத்துதல் ஆகிய இரண்டிற்கும் திருப்பிச் செலுத்துவதை ஆறு மாத காலத்திற்கு (ஆறு மாதங்கள் செயல்படுத்தும் காலம் உட்பட) ஒத்திவைப்பதற்கான ஒரு விருப்பத்தை என்எஸ்கேஎப்டிசி வழங்குகிறது. பிபிபி பயன்முறை மற்றும் சுகாதாரம் தொடர்பான வாகனத் திட்டங்களில் பணம் செலுத்துதல் மற்றும் பயன்படுத்துதல். NSKFDC அதிகபட்சமாக ரூ .3.25 லட்சம் மானியத்தை வழங்குகிறது.",
               "schemeEligiiblity":"தனிப்பட்ட பயனாளிகள் / சுய உதவிக்குழுக்கள், மாநில சேனலைசிங் ஏஜென்சிகள் (எஸ்சிஏக்கள்) மூலம், புகழ்பெற்ற நிறுவனங்களுடன் கூட்டாக. கையேடு தோட்டி / சஃபாய் கரம்சாரிஸின் இலக்கு குழு. 'கையேடு தோட்டக்காரர்களாக வேலைவாய்ப்பு தடை மற்றும் அவர்களின் மறுவாழ்வு சட்டம், 2013' இன் படி கையேடு தோட்டக்காரர்களை மறுவாழ்வு செய்வதற்கான சுய வேலைவாய்ப்பு திட்டத்தின் கீழ் கையேடு தோட்டக்காரர்களுக்கு அதிகபட்ச மானியம் ரூ .3.25 லட்சம்.",
               "schemeTargetGroup":"சஃபாய் கரம்சாரிஸ் மற்றும் விடுவிக்கப்பட்ட கையேடு தோட்டக்காரர்களுக்கு நிதி உதவி மூலம் ஊதியம் மற்றும் பயன்பாட்டு சமூக கழிவறைகளின் கட்டுமானம், செயல்பாடு மற்றும் பராமரிப்பு மற்றும் சமூக கழிவறைகள் கொள்முதல் மற்றும் செயல்பாட்டில் ஈடுபடுவதன் மூலம் ஒரு நல்ல வாழ்வாதாரத்தை எளிதாக்குவதே இந்த திட்டத்தின் குறிக்கோள்.",
               "schemeMiscDetails":"பிபிபி பயன்முறையில் பணம் செலுத்தி பயன்படுத்தவும் 10 அமர்ந்த கழிப்பறை அமைக்க ரூ .25 லட்சம் வரை. துப்புரவு தொடர்பான வாகனங்கள் ரூ .15 லட்சம் வரை.",
               "schemeDepartments":"சமூக நீதி மற்றும் அதிகாரமளித்தல் துறை"
            },
           {
               "schemeUiId":"M_0036_S_002",
               "schemeName":"தீண்டாயல் ஊனமுற்ற மறுவாழ்வு திட்டம் (டி.டி.ஆர்.எஸ்)",
               "schemeObj":"சம வாய்ப்புகள், சமத்துவம், சமூக நீதி மற்றும் மாற்றுத்திறனாளிகளின் அதிகாரம் ஆகியவற்றை உறுதி செய்வதற்கான ஒரு சூழலை உருவாக்குதல். 1995 இன் மாற்றுத்திறனாளிகள் (சம வாய்ப்புகள் மற்றும் உரிமைகள் பாதுகாப்பு) சட்டத்தை திறம்பட செயல்படுத்துவதை உறுதி செய்வதற்கான தன்னார்வ நடவடிக்கையை ஊக்குவித்தல்.",
               "schemeDesc":"சமூக நீதி மற்றும் அதிகாரமளித்தல் அமைச்சகம், மாற்றுத்திறனாளிகளின் அதிகாரமளித்தல் திணைக்களம் ‘தீண்டாயல் ஊனமுற்றோர் மறுவாழ்வு திட்டம் (டி.டி.ஆர்.எஸ்) என்ற திட்டத்தை செயல்படுத்தியுள்ளது. இந்த திட்டம் ஒரு மத்திய அரசு திட்டமாகும், இது மாற்றுத்திறனாளிகளின் கல்வி மற்றும் புனர்வாழ்வில் ஈடுபட்டுள்ள தன்னார்வ தொண்டு நிறுவனங்களுக்கு நிதி உதவி வழங்குகிறது. இந்த திட்டத்தின் அணுகுமுறை PWD இன் மறுவாழ்வுக்கு தேவையான முழு அளவிலான சேவைகளையும் கிடைக்க தன்னார்வ நிறுவனங்களுக்கு நிதி உதவி வழங்குவதாகும். உகந்ததாக செய்யப்பட்ட மாதிரி திட்டங்களின் பட்டியல், முன் பள்ளிகள், ஆரம்பகால தலையீடு மற்றும் பயிற்சி; இதற்கான சிறப்பு பள்ளிகள்: அறிவுசார் குறைபாடுகள், செவிப்புலன் மற்றும் பேச்சு குறைபாடுகள், பார்வை குறைபாடுகள், பெருமூளை வாதம் கொண்ட குழந்தைகளுக்கான திட்டம், தொழுநோய் குணப்படுத்தப்பட்ட நபர்களின் மறுவாழ்வு, சிகிச்சை மற்றும் கட்டுப்படுத்தப்பட்ட மனநோயாளிகளின் மனோ-சமூக மறுவாழ்வுக்கான அரை வழி வீடு, வீட்டு அடிப்படையிலான மறுவாழ்வு மற்றும் வீட்டு மேலாண்மை போன்றவை. தகுதிவாய்ந்த திட்ட அமலாக்க முகவர் நிறுவனங்கள் (என்ஜிஓக்கள்), அவற்றின் திட்டம் தகுதிவாய்ந்த அதிகாரத்தால் அங்கீகரிக்கப்பட்ட பின்னர், இந்த திருத்தப்பட்ட திட்டத்தின் கீழ் பரிந்துரைக்கப்பட்டுள்ள செலவு-விதிமுறைகளின் அடிப்படையில் கணக்கிடப்பட்ட 90% தொகைக்கு உரிமை உண்டு. சிறப்புப் பகுதிகளில் அமைந்துள்ள திட்டங்களைப் பொறுத்தவரை, திருத்தப்பட்ட செலவு விதிமுறைகளின் அடிப்படையில் கணக்கிடப்பட்ட தொகையில் 100% தவிர்க்கப்படும். மாதிரி திட்டங்களின் பரப்பை விரிவுபடுத்தும் அளவிற்கு இந்த திட்டம் திருத்தப்பட்டுள்ளது.",
               "schemeEligiiblity":"திட்டத்தின் கீழ் பின்வரும் நிறுவனங்கள் / நிறுவனங்கள் உதவிக்கு தகுதியுடையவை: சங்கங்கள் பதிவு சட்டம், 1860 அல்லது மாநில / யூனியன் பிரதேசத்தின் தொடர்புடைய சட்டத்தின் கீழ் பதிவு செய்யப்பட்ட நிறுவனங்கள். சட்டத்தின் கீழ் தற்காலிகமாக பதிவுசெய்யப்பட்ட ஒரு பொது அறக்கட்டளை. நிறுவனங்கள் சட்டம் 1958 இன் பிரிவு 25 இன் கீழ் உரிமம் பெற்ற ஒரு தொண்டு நிறுவனம்.",
               "schemeTargetGroup":"ஆரம்பகால தலையீடு, அன்றாட வாழ்க்கைத் திறன்களின் வளர்ச்சி, கல்வி, வேலைவாய்ப்பை நோக்கிய திறன்-மேம்பாடு, பயிற்சி மற்றும் விழிப்புணர்வு உள்ளிட்ட குறைபாடுகள் உள்ளவர்களை மறுவாழ்வு செய்வதற்குத் தேவையான முழு அளவிலான சேவைகளையும் கிடைக்கச் செய்ய தன்னார்வ நிறுவனங்களுக்கு நிதி உதவி வழங்குவதே இந்த திட்டத்தின் அணுகுமுறை. தலைமுறை",
               "schemeMiscDetails":"இந்த திட்டத்தின் கீழ், ஒவ்வொரு ஆண்டும் 600 க்கும் மேற்பட்ட தன்னார்வ தொண்டு நிறுவனங்கள் PWD இன் மறுவாழ்வுக்காக தங்கள் திட்டங்களை நடத்துவதற்கு நிதி உதவி வழங்கப்படுகின்றன. நிதியுதவி பெறும் தன்னார்வ தொண்டு நிறுவனங்கள் ஒவ்வொரு ஆண்டும் 35000 முதல் 40000 க்கும் மேற்பட்ட பயனாளிகளுக்கு புனர்வாழ்வு சேவைகளை வழங்குகின்றன.",
               "schemeDepartments":"மாற்றுத்திறனாளிகளின் அதிகாரமளித்தல் துறை"
            },
            {
               "schemeUiId":"M_0036_S_003",
               "schemeName":"சுகம்ய பாரத் அபியான் / அணுகக்கூடிய இந்தியா பிரச்சாரம்",
               "schemeObj":"அணுகக்கூடிய இந்தியா பிரச்சாரத்தின் மூலம் (சுகமிய பாரத் அபியான்) மாற்றுத்திறனாளிகளின் அதிகாரமளித்தல் துறை (DEPWD) ஒரு உள்ளடக்கிய சமூகத்தை உருவாக்குவதை நோக்கமாகக் கொண்டுள்ளது, இதில் மாற்றுத்திறனாளிகளின் வளர்ச்சி மற்றும் வளர்ச்சிக்கு சம வாய்ப்புகள் மற்றும் அணுகல் வழங்கப்படுகிறது.",
               "schemeDesc":"அணுகக்கூடிய இந்தியா பிரச்சாரம் (சுகமிய பாரத் அபியான்) என்பது நாடு தழுவிய பிரச்சாரமாகும், இது மாற்றுத்திறனாளிகளுக்கு உலகளாவிய அணுகலை வழங்குவதற்காக சமூக நீதி மற்றும் அதிகாரமளித்தல் அமைச்சின் மாற்றுத்திறனாளிகளின் அதிகாரமளித்தல் திணைக்களத்தால் (DEPwD) தொடங்கப்பட்டது. மாற்றுத்திறனாளிகள் வாழ்க்கையின் அனைத்து அம்சங்களிலும் பங்கேற்கவும் சுதந்திரமாக வாழவும் சம வாய்ப்பை வழங்குவதை இந்த பிரச்சாரம் நோக்கமாகக் கொண்டுள்ளது. சுகமிய பாரத் அபியான் அணுகக்கூடிய உடல் சூழல், போக்குவரத்து அமைப்பு மற்றும் தகவல் மற்றும் தகவல் தொடர்பு சுற்றுச்சூழல் ஆகியவற்றை வளர்ப்பதில் கவனம் செலுத்துகிறது. மாற்றுத்திறனாளிகளின் உரிமைகள் தொடர்பான ஐ.நா. மாநாட்டில் (யு.என்.சி.ஆர்.பி.டி) இந்தியா கையெழுத்திட்டது. யு.என்.சி.ஆர்.பி.டி யின் 9 வது பிரிவு, கையொப்பமிட்ட அனைத்து அரசாங்கங்களுக்கும் குறைபாடுகள் உள்ளவர்களுக்கு அணுகல், மற்றவர்களுடன் சமமான அடிப்படையில், உடல் சூழல், போக்குவரத்து, தகவல் மற்றும் தகவல் தொடர்பு தொழில்நுட்பங்கள் உள்ளிட்ட தகவல் மற்றும் தகவல்தொடர்புகளுக்கு உறுதிப்படுத்த சரியான நடவடிக்கைகளை எடுக்க வேண்டிய கடமையைக் கொண்டுள்ளது. அமைப்புகள், மற்றும் நகர்ப்புற மற்றும் கிராமப்புறங்களில் பொதுமக்களுக்கு திறந்த அல்லது வழங்கப்பட்ட பிற வசதிகள் மற்றும் சேவைகளுக்கு. இந்த மக்களுக்கான படிப்புகளை நடத்தும் ஒரு பல்கலைக்கழகத்தை நிறுவவும் இது முன்மொழிகிறது. கூடுதலாக, 70-90% ஊனமுற்றவர்களுக்கு எளிதான இயக்கத்திற்கு இலவச மோட்டார் பொருத்தப்பட்ட மோட்டார் சைக்கிள் வழங்குவதாக இது உறுதியளிக்கிறது. குறைபாடுகள் வகைகள் தற்போதுள்ள 7 முதல் 21 ஆக உயர்த்தப்பட்டுள்ளன, மேலும் பல வகையான குறைபாடுகளைச் சேர்க்க மத்திய அரசுக்கு அதிகாரம் உள்ளது.",
               "schemeEligiiblity":"NIL",
               "schemeTargetGroup":"பிரச்சாரம் முதல் கட்டத்தில் மூன்று செங்குத்துகளை குறிவைக்கிறது. கட்டமைக்கப்பட்ட சூழல், தகவல் மற்றும் தகவல் தொடர்பு சூழல் அமைப்பு மற்றும் போக்குவரத்து சூழல் அமைப்பு ஆகியவை இதில் அடங்கும்.",
               "schemeMiscDetails":"மத்திய பொதுப்பணித் துறையால் பராமரிக்கப்படும் மத்திய அரசு கட்டிடங்களைப் பொறுத்தவரை, 211 சிபிடபிள்யூடி கட்டிடங்கள் அணுகக்கூடியதாக அமைக்கப்பட்டுள்ளன. நாடு முழுவதும் ஆயிரத்துக்கும் மேற்பட்ட பொது கட்டிடங்களை அணுகுவதற்காக சுமார் 354 கோடி ரூபாய் வெளியிடப்பட்டுள்ளது. நாட்டின் 34 சர்வதேச மற்றும் 48 உள்நாட்டு விமான நிலையங்களில் இப்போது பிரெயில் சின்னங்களுடன் வளைவுகள், கழிப்பறைகள் மற்றும் லிஃப்ட் போன்ற அணுகல் அம்சங்கள் உள்ளன. இருப்பினும், இதுவரை 9% பொது பேருந்துகள் மட்டுமே அணுகப்பட்டுள்ளன.",
               "schemeDepartments":"மாற்றுத்திறனாளிகளின் அதிகாரமளித்தல் துறை"
            },
            {
               "schemeUiId":"M_0036_S_004",
               "schemeName":" ராஷ்டிரிய வயோஷ்ரி யோஜனா",
               "schemeObj":"மூத்த குடிமக்களுக்கு, பிபிஎல் பிரிவைச் சேர்ந்தவர்கள் மற்றும் வயது தொடர்பான குறைபாடுகள் / குறைபாடுகளால் பாதிக்கப்பட்டவர்கள், அத்தகைய உடல் உதவிகள் மற்றும் உதவி வாழ்க்கை சாதனங்களுடன், அவர்களின் உடல் செயல்பாடுகளில் இயல்புநிலையை மீட்டெடுக்க முடியும்.",
               "schemeDesc":"ராஷ்டிரிய வயோஷ்ரி யோஜனா (ஆர்.வி.ஒய்) என்பது பிபிஎல் பிரிவைச் சேர்ந்த மூத்த குடிமக்களுக்கு உடல் உதவி மற்றும் உதவி-வாழும் சாதனங்களை வழங்கும் திட்டமாகும். இது மத்திய துறை திட்டமாகும், இது மத்திய அரசால் முழுமையாக நிதியளிக்கப்படுகிறது. இந்த திட்டத்தை செயல்படுத்துவதற்கான செலவுகள் 'மூத்த குடிமக்கள் நல நிதியத்தில்' இருந்து பூர்த்தி செய்யப்படும். சமூக நீதி மற்றும் அதிகாரமளித்தல் அமைச்சகத்தின் கீழ் உள்ள பொதுத்துறை நிறுவனமான செயற்கை மூட்டு உற்பத்தி கார்ப்பரேஷன் (அலிம்கோ) மூலம் செயல்படுத்தப்படும் ஒரே நிறுவனம் மூலம் இந்த திட்டம் செயல்படுத்தப்படும். திட்டத்தின் கீழ், எய்ட்ஸ் மற்றும் உதவி வாழ்க்கை சாதனங்கள். நடைபயிற்சி குச்சிகள், முழங்கை ஊன்றுகோல், நடப்பவர்கள் / ஊன்றுகோல், முக்காலி / குவாட் காய்கள், கேட்கும் கருவிகள், சக்கர நாற்காலிகள், செயற்கை பல்வகைகள் மற்றும் கண்ணாடிகள் ஆகியவை தகுதியான மூத்த குடிமக்களின் பயனாளிகளுக்கு இலவசமாக விநியோகிக்கப்படுகின்றன. இத்திட்டம் முழுக்க முழுக்க மூத்த குடிமக்கள் நல நிதியம் (எஸ்.சி.டபிள்யூ.எஃப்), மூத்த குடிமக்களின் நல நிதி விதிகள், 2016 இல் நிறுவப்பட்டது. இந்த திட்டத்தின் கீழ் ஒவ்வொரு மாவட்டத்திலும் உள்ள பயனாளிகள் மருத்துவர்கள் / தொழில்நுட்ப வல்லுநர்கள் / பிற தொழில் வல்லுநர்கள் குழுவால் அடையாளம் காணப்படுகிறார்கள். தேவைகள் மற்றும் அந்தந்த மாவட்ட நிர்வாகத்துடன் இணைந்து அலிம்கோ ஏற்பாடு செய்த மதிப்பீட்டு முகாம்களில் தேவையான உதவி வாழ்க்கை சாதனங்களை பரிந்துரைத்தல். பிபிஎல் வகையைச் சேர்ந்த மூத்த குடிமக்களை அடையாளம் காண என்எஸ்ஏபி அல்லது மாநில / யூடியின் வேறு ஏதேனும் திட்டத்தின் கீழ் வயதான ஓய்வூதியத்தைப் பெறும் பிபிஎல் பயனாளிகளின் தரவையும் மாநில அரசு / யூடி நிர்வாகம் / மாவட்ட அளவிலான குழு பயன்படுத்தலாம். பின்னர் சாதனங்கள் முகாம் பயன்முறையில் அடையாளம் காணப்பட்ட பயனாளிகளுக்கு விநியோகிக்கப்படுகின்றன. மேலும், இந்த முகாம்களை ஏற்பாடு செய்வதில் அலிம்கோவுக்கு ஒத்துழைப்பை வழங்குவதற்காக இந்த அமைச்சகத்திலிருந்து அந்தந்த மாநிலங்கள் / யூ.டி. அரசாங்கங்களுக்கு வழக்கமான தகவல்தொடர்புகள் செய்யப்படுகின்றன. முடிந்தவரை, ஒவ்வொரு மாவட்டத்திலும் 30% பயனாளிகள் பெண்கள்.",
               "schemeEligiiblity":"மூத்த குடிமக்கள், பிபிஎல் பிரிவைச் சேர்ந்தவர்கள் மற்றும் வயது தொடர்பான ஏதேனும் இயலாமை / பலவீனத்தால் பாதிக்கப்படுகின்றனர். குறைந்த பார்வை, செவித்திறன் குறைபாடு, பற்களின் இழப்பு மற்றும் லோகோமோட்டர் இயலாமை போன்ற உதவி-வாழும் சாதனங்கள் வழங்கப்படும், அவை அவற்றின் உடல் செயல்பாடுகளில் இயல்புநிலைக்கு அருகில் மீட்டெடுக்கப்படலாம், வெளிப்படும் இயலாமை / பலவீனத்தை சமாளிக்கும். இந்த திட்டம் நாடு முழுவதும் உள்ள அனைத்து மூத்த குடிமக்களுக்கும் பயனளிக்கும் என்று எதிர்பார்க்கப்படுகிறது.",
               "schemeTargetGroup":"இந்த திட்டம் நாடு முழுவதும் உள்ள அனைத்து மூத்த குடிமக்களுக்கும் பயனளிக்கும் என்று எதிர்பார்க்கப்படுகிறது.",
               "schemeMiscDetails":"தற்போது, ​​ராஷ்டிரிய வயோஷ்ரி யோஜனா செயல்படுத்த மொத்தம் 325 மாவட்டங்கள் தேர்வு செய்யப்பட்டுள்ளன. 135 மாவட்டங்களில் (25.01.2019 தேதியின்படி) பயனாளிகளை அடையாளம் காண்பதற்கான மதிப்பீட்டு முகாம்கள் நிறைவடைந்துள்ளன, பிபிஎல் பிரிவைச் சேர்ந்த 70939 மூத்த குடிமக்களுக்கு பயனளிக்கும் 77 விநியோக முகாம்கள் ஏற்பாடு செய்யப்பட்டுள்ளன.",
               "schemeDepartments":"சமூக நீதி மற்றும் அதிகாரமளித்தல் துறை"
            },
           {
               "schemeUiId":"M_0036_S_005",
               "schemeName":"கையேடு தோட்டக்காரர்களின் மறுவாழ்வுக்கான சுய வேலைவாய்ப்பு திட்டம்",
               "schemeObj":"பல்வேறு ஆய்வுகளின் போது அடையாளம் காணப்பட்ட கையேடு தோட்டக்காரர்களை மாற்றுத் தொழில்களில் மறுவாழ்வு செய்வதற்கு உதவுவதே திட்டத்தின் நோக்கம்.",
               "schemeDesc":"கையேடு தோட்டி மறுவாழ்வுக்கான சுய வேலைவாய்ப்பு திட்டம் (எஸ்.ஆர்.எம்.எஸ்) 2007 ஜனவரியில் அறிமுகப்படுத்தப்பட்டது, மீதமுள்ள கையேடு தோட்டக்காரர்களையும் அவர்கள் சார்ந்தவர்களையும் மாற்றுத் தொழில்களில் மறுவாழ்வு செய்யும் நோக்கத்துடன் மார்ச், 2009 க்குள் அறிமுகப்படுத்தப்பட்டது. புதுப்பிக்கப்பட்ட எண்ணிக்கையின்படி, மாநிலங்கள் / யூ.டி.க்கள் அறிக்கை திட்டத்தை அறிமுகப்படுத்திய பின்னர், இந்த திட்டத்தை செயல்படுத்துவதற்காக 18 மாநிலங்கள் / யூ.டி.க்களில் 1.18 லட்சம் கையேடு தோட்டக்காரர்கள் மற்றும் அவர்கள் சார்ந்தவர்கள் அடையாளம் காணப்பட்டனர். ‘கையேடு தோட்டக்காரர்களாக வேலைவாய்ப்பு தடை மற்றும் அவர்களின் மறுவாழ்வு சட்டம், 2013’ இயற்றப்பட்ட பின்னர், எஸ்.ஆர்.எம்.எஸ் சட்டத்தின் விதிமுறைகளுடன் ஒத்திசைவில் திருத்தப்பட்டது. திருத்தப்பட்ட திட்டத்தின் படி, ஒவ்வொரு குடும்பத்திலிருந்தும் அடையாளம் காணப்பட்ட கையேடு தோட்டக்காரர்களுக்கு ஒரு முறை பண உதவி வழங்கப்படுகிறது. அடையாளம் காணப்பட்ட கையேடு தோட்டி மற்றும் அவர்கள் சார்ந்தவர்களுக்கு திட்ட அடிப்படையிலான பின்-மூலதன மானியம் ரூ. 3,25,000 மற்றும் சுயதொழில் முயற்சிகளை மேற்கொள்வதற்கான சலுகைக் கடன். பயனாளிகளுக்கு இரண்டு ஆண்டுகள் வரையிலான காலத்திற்கு திறன் மேம்பாட்டுக்கான பயிற்சியும் வழங்கப்படுகிறது, இதன் போது ரூ. மாதத்திற்கு 3,000 ரூபாயும் வழங்கப்படுகிறது. தோட்டக்கலை என்பது நாட்டின் சில குடிமக்கள் மீது சமூகத்தால் திணிக்கப்பட்ட ஆக்கிரமிப்பாகும், இது பின்னர் பட்டியல் சாதியினரிடையே பாரம்பரிய தொழிலாக தொடர்ந்தது. இந்திய குடிமக்களின் இந்த வகுப்பு கையேடு தோட்டி என்று அழைக்கப்படுகிறது. கையேடு தோட்டி எடுப்பது முதன்மையாக நீரில் பரவும் கழிவறைகள் இல்லாததால் உள்ளது. ஹவுஸ்-லிஸ்டிங் & ஹவுசிங் சென்சஸ், 2011 நாட்டில் சுமார் 26 லட்சம் பைத்தியம் கழிவறைகள் இருப்பதாக தெரிவித்தது. குறைந்த அளவிலான கல்வி, அவர்களின் உரிமைகள், சட்டங்கள் மற்றும் குறைந்த சுயமரியாதை பற்றிய விழிப்புணர்வு போன்ற வேலைகளை எடுக்க அவர்களை கட்டாயப்படுத்துகிறது. இதில் இந்த வர்க்க மக்கள் கையேடு தோட்டக்காரர்களின் வேதனையைக் காணத் தவறிவிடுகிறார்கள். சமூகத்தின் இந்த பிரிவு ஒழுங்கமைக்கப்படவில்லை & அரசாங்கத்தில் குறிப்பிடத்தக்க குரல் எதுவும் இல்லை. அவற்றின் குரல் கேட்கப்படாததாக இருக்கும் கட்டமைப்புகள்.",
               "schemeEligiiblity":"கையேடு தோட்டி, 'கையேடு தோட்டக்காரர்களாக வேலைவாய்ப்பு தடை மற்றும் அவர்களின் மறுவாழ்வு சட்டம், 2013' இன் கீழ் வரையறுக்கப்பட்டுள்ளது மற்றும் அவர்களின் சார்புடையவர்கள், அவர்களின் வருமானத்தைப் பொருட்படுத்தாமல், திட்டத்தின் கீழ் உதவிக்கு தகுதியுடையவர்கள்.",
               "schemeTargetGroup":"ஒவ்வொரு தனிப்பட்ட கையேடு தோட்டி மற்றும் அவரது / அவள் மனைவி அல்லது 18 வயது மற்றும் அதற்கு மேற்பட்ட குழந்தைகள், வேலை செய்யாத (கையேடு தோட்டி தவிர) உதவி வழங்கப்படும். பயிற்சியின் நோக்கத்திற்காக, தகுதியுள்ளவர்களின் வயது பயிற்சியின் காலத்தால் குறைக்கப்படும், இதனால் பயிற்சி பெற்ற உடனேயே அவர் / அவள் 18 வயதை அடைந்த உடனேயே பிற உதவிகளை வழங்க முடியும்.",
               "schemeMiscDetails":"அடையாளம் காணப்பட்ட கையேடு தோட்டக்காரர்கள், ஒவ்வொரு குடும்பத்திலிருந்தும் ஒருவர், ரூ. அடையாளம் காணப்பட்ட உடனேயே 40,000 ரூபாய். பயனாளி மாதாந்திர தவணைகளில் அதிகபட்சமாக ரூ. 7,000. அவர் / அவள் மூலதன மானியம், வட்டி மானியம் மற்றும் பயிற்சிக்கு தகுதிபெறுவார்கள். கையேடு தோட்டக்காரர்களைச் சார்ந்தவர்கள் ஆரம்ப பண உதவிக்கு தகுதி பெற மாட்டார்கள்.",
               "schemeDepartments":"சமூக நீதி மற்றும் அதிகாரமளித்தல் துறை"
            },
            {
               "schemeUiId":"M_0036_S_006",
               "schemeName":"பிரதான் மந்திரி ஆதர்ஷ் கிராம யோஜனா (PMAGY): மாதிரி கிராமம்",
               "schemeObj":"சமூகத்தின் அனைத்து பிரிவுகளின் குறைந்தபட்ச தேவைகள் முழுமையாக பூர்த்தி செய்யப்படுவதற்கும் ஏற்றத்தாழ்வுகள் குறைந்தபட்சமாக குறைக்கப்படுவதற்கும் கிராமத்தை ஒரு ‘ஆதர்ஷ் கிராமமாக’ உருவாக்குவதே திட்டத்தின் பார்வை.",
               "schemeDesc":"தாழ்த்தப்பட்ட பிரிவுகளின் அதிகாரமளிப்பதற்கான இந்திய அரசின் முன்முயற்சியான பிரதான் மந்திரி ஆதர்ஷ் கிராம யோஜனா (பி.எம்.ஏ.ஜி.ஒய்), தொடர்புடைய அனைத்து மத்திய மற்றும் மாநில திட்டங்களையும் ஒன்றிணைத்து செயல்படுத்துவதன் மூலம் தேர்ந்தெடுக்கப்பட்ட கிராமங்களின் ஒருங்கிணைந்த வளர்ச்சியை அடைவதை நோக்கமாகக் கொண்டுள்ளது. 50% க்கும் மேற்பட்ட எஸ்சி மக்கள்தொகை கொண்ட தலா 1000 கிராமங்களின் ஒருங்கிணைந்த வளர்ச்சிக்கான பைலட் அடிப்படையில் இந்த திட்டம் மார்ச், 2010 இல் தொடங்கப்பட்டது. முன்மொழியப்பட்ட திட்டத்தில் இரண்டு முக்கிய கூறுகள் இருக்கும். இரண்டு கூறுகளும் அவற்றின் துணை கூறுகளும் பின்வருமாறு இருக்கும்: பிராந்திய பகுதி தொடர்பான கூறு மற்றும் செயல்பாட்டு பகுதி தொடர்பான கூறுகள். ஆதர்ஷ் கிராம் (மாதிரி கிராமம்) அனைத்து வானிலை சாலையினாலும் அருகிலுள்ள முக்கிய சாலையுடன் இணைக்கப்பட வேண்டும், அனைவருக்கும் நிலையான குடிநீரை நிலையான அடிப்படையில் அணுகலாம். எல்லா வீடுகளுக்கும் மின்சாரம் இருக்க வேண்டும், ஒரு அங்கன்வாடி மையம் மற்றும் பொருத்தமான நிலைகளைக் கொண்ட பள்ளிகள் இருக்க வேண்டும், 3-6 வயதுக்குட்பட்ட அனைத்து குழந்தைகளும் சேர்க்கப்பட வேண்டும், மேலும் தொடர்ந்து அங்கன்வாடியில் கலந்து கொள்ள வேண்டும், 6-14 வயதுக்குட்பட்ட அனைத்து குழந்தைகளும் இருக்க வேண்டும் பள்ளியில் சேருதல், தவறாமல் பள்ளியில் சேருதல், பொது மதுபானம் அல்லது வேறு எந்த போதைப்பொருட்களும் இருக்கக்கூடாது, பொதுவாக அவை பயன்படுத்தப்படுவதை ஊக்கப்படுத்த வேண்டும், 100% நிறுவன விநியோகங்கள், குழந்தைகளுக்கு முழு நோய்த்தடுப்பு மருந்துகள் மற்றும் சிறிய குடும்ப விதிமுறைகளை கடைபிடிப்பது, குடியிருப்பாளர்கள் கிராமத்தின் விழிப்புணர்வு மற்றும் அவர்களின் அரசியலமைப்பு மற்றும் சட்ட உரிமைகளைப் பயன்படுத்த வேண்டும்.",
               "schemeEligiiblity":"NIL",
               "schemeTargetGroup":"பலவீனமான பிரிவுகளின் வளர்ச்சியில் சிறப்பு கவனம் செலுத்தப்படும்: பட்டியல் சாதிகள், பட்டியல் பழங்குடியினர், பெண்கள் மற்றும் குழந்தைகள், மாற்றுத்திறனாளிகள் மற்றும் ஆதரவற்றோர்.",
               "schemeMiscDetails":"தேர்ந்தெடுக்கப்பட்ட ஒவ்வொரு புதிய கிராமத்திற்கும், இந்த திட்டம் மொத்தம் ரூ. இதில் 21 லட்சம் ரூ .20.00 லட்சம் 'இடைவெளி நிரப்புதல்' கூறுக்கும், ரூ .1.00 லட்சம் 1: 1: 1: 2 என்ற விகிதத்தில் மையம், மாநிலம், மாவட்டம் மற்றும் கிராம மட்டத்தில் 'நிர்வாக செலவினங்களுக்காக' . ஆரம்பத்தில், ஏற்றுக்கொள்ளக்கூடிய மானியத்தில் 50% அதாவது புதிய கிராமத்திற்கு ரூ .10.40 லட்சம் (‘இடைவெளி நிரப்புவதற்கு ரூ .10 லட்சம் மற்றும்‘ நிர்வாக செலவினங்களுக்கு ’ரூ .40,000 உட்பட) மாநில அரசுக்கு வெளியிடப்படும். PMAGY மூலமாகவோ அல்லது SCA திட்டத்தின் SCC திட்டத்தின் உள்கட்டமைப்பு கூறு மூலமாகவோ அல்லது இரண்டும்.",
               "schemeDepartments":"சமூக நீதி மற்றும் அதிகாரமளித்தல் துறை"
            },
            {
               "schemeUiId":"M_0036_S_007",
               "schemeName":"மருந்து தேவை குறைப்புக்கான தேசிய செயல் திட்டம் (2018- 2023)",
               "schemeObj":"தனிநபர், குடும்பம், பணியிடங்கள் மற்றும் சமுதாயத்தில் போதைப்பொருள் துஷ்பிரயோகத்தின் மோசமான விளைவுகள் குறித்து விழிப்புணர்வை ஏற்படுத்துதல் மற்றும் அவர்களுக்கு சமூகத்தில் மீண்டும் ஒருங்கிணைப்பதற்காக மருந்துகள் சார்ந்த குழுக்கள் மற்றும் தனிநபர்களுக்கு எதிரான களங்கம் மற்றும் பாகுபாட்டைக் குறைத்தல், அபிவிருத்தி செய்தல் மனித வளங்கள் மற்றும் இந்த நோக்கங்களை நோக்கி செயல்படுவதற்கான திறனை உருவாக்குதல், மேற்கூறிய குறிக்கோள்களை வலுப்படுத்த ஆராய்ச்சி, பயிற்சி, ஆவணங்கள், புதுமை மற்றும் தொடர்புடைய தகவல்களை சேகரித்தல், அடையாளம் காணல், உந்துதல், ஆலோசனை, டி- ஆகியவற்றிற்கான முழு அளவிலான சமூக அடிப்படையிலான சேவைகளை வழங்குதல். போதைப்பொருள், போதைப்பொருட்களின் முழு நபர் மீட்பு (WPR) க்கான பராமரிப்பு மற்றும் மறுவாழ்வுக்குப் பிறகு, போதைப்பொருள் தேவைக் குறைப்புக்கான பன்முக அணுகுமுறையைப் பயன்படுத்தி விரிவான வழிகாட்டுதல்கள், திட்டங்கள் மற்றும் திட்டங்களை வகுத்து செயல்படுத்துதல், அனைத்து வகையான போதைப்பொருட்களையும் நிவர்த்தி செய்வதற்கான போதைப்பொருள் கோரிக்கை குறைப்பு முயற்சிகளை மேற்கொள்ளுங்கள், தனிநபர்கள், குடும்பம் மற்றும் சமூகம் மத்தியில் போதைப்பொருள் சார்ந்திருப்பதன் விளைவுகள்.",
               "schemeDesc":"சமூக நீதி மற்றும் அதிகாரமளித்தல் அமைச்சகம் நாட்டில் போதைப்பொருள் மற்றும் போதைப் பொருள் துஷ்பிரயோகம் தொடர்பான பிரச்சினைகளைத் தீர்ப்பதற்கான ஐந்தாண்டு செயல் திட்டத்தை உருவாக்கியுள்ளது, இந்த விஷயத்தில் நீண்டகாலமாக நிலுவையில் உள்ள வரைவுக் கொள்கையை கைவிட்டுள்ளது. பிரச்சினைக்கு தீர்வு காண, பாதிக்கப்பட்ட நபர்கள் மற்றும் அவர்களது குடும்பங்களின் கல்வி, அடிமையாதல் மற்றும் மறுவாழ்வு ஆகியவற்றை உள்ளடக்கிய பலதரப்பட்ட மூலோபாயத்தை பயன்படுத்துவதை இது நோக்கமாகக் கொண்டுள்ளது. தேசிய செயல் திட்டத்தின் கீழ், மயக்க மருந்துகள், வலி நிவாரணி மருந்துகள் மற்றும் தசை தளர்த்தும் மருந்துகளின் விற்பனையை கட்டுப்படுத்துவதற்கும், சைபர் செல் மூலம் கடுமையான கண்காணிப்பு மூலம் மருந்துகளின் ஆன்லைன் விற்பனையை சரிபார்க்கவும் அமைச்சகம் பல நடவடிக்கைகளைத் திட்டமிட்டுள்ளது. பாடசாலைகள், கல்லூரிகள், பல்கலைக்கழகங்கள், பணியிடங்கள் மற்றும் பொலிஸ் செயல்பாட்டாளர்கள், துணை ராணுவப் படைகள், சட்ட அமலாக்க முகவர், நீதித்துறை அதிகாரிகள் மற்றும் பார் கவுன்சில் போன்றவற்றில் விழிப்புணர்வு உருவாக்கும் திட்டங்களை நடத்துதல் இதில் அடங்கும். போதைப்பொருள் தடுப்புக்கான தேசிய கட்டணமில்லா ஹெல்ப்லைனை வலுப்படுத்துவதோடு, சமூக, அச்சு, டிஜிட்டல் மற்றும் ஆன்லைன் ஊடகங்கள் மற்றும் பிரபலங்களின் ஈடுபாடு ஆகியவற்றின் மூலம் விழிப்புணர்வை உருவாக்குவதற்கான திட்டங்களும் தொடங்கப்பட்டுள்ளன. வளாகத்திற்குள் / அருகிலுள்ள மருந்துகள் எதுவும் விற்கப்படுவதில்லை என்பதை உறுதிப்படுத்த கல்வி நிறுவனங்களின் அதிபர்கள், இயக்குநர்கள், துணைவேந்தர்கள் ஆகியோரை வற்புறுத்தவும் இது அழைப்பு விடுத்துள்ளது. தேசிய பின்தங்கிய வகுப்புகள் நிதி மற்றும் பிற மேம்பாட்டுக் கழகங்கள் மூலம் கணக்கெடுப்பு, திறன் மேம்பாடு, தொழிற்பயிற்சி மற்றும் முன்னாள் போதைக்கு அடிமையானவர்களின் வாழ்வாதார ஆதரவு ஆகியவற்றின் அடிப்படையில் பாதிக்கப்படக்கூடிய பகுதிகளை அடையாளம் காண்பது மற்றும் போதைப்பொருள் பயன்பாட்டு முறை குறித்த தொடர்ச்சியான ஆராய்ச்சி ஆகியவை இதில் அடங்கும்.",
               "schemeEligiiblity":"பஞ்சாயத்து ராஜ் நிறுவனங்கள் (பி.ஆர்.ஐ), நகர்ப்புற உள்ளாட்சி அமைப்புகள் (யு.எல்.பி), மாநில / மத்திய அரசு அல்லது ஒரு உள்ளாட்சி அமைப்பால் முழுமையாக நிதியளிக்கப்பட்ட அல்லது நிர்வகிக்கப்படும் நிறுவனங்கள் / நிறுவனங்கள், நேரு யுவ கேந்திர சங்கதன் (என்.ஒய்.கே.எஸ்), தேசிய சேவை திட்டம் (என்.எஸ்.எஸ்), பல்கலைக்கழகங்கள், சமூக பணி நிறுவனங்கள், பிற புகழ்பெற்ற கல்வி நிறுவனங்கள், இந்திய பல்கலைக்கழகங்களின் சங்கம், கேந்திரியா வித்யாலய சங்கதன் (கே.வி.எஸ்), என்.சி.இ.ஆர்.டி, எஸ்.சி.இ.ஆர்.டி, பிராந்திய வள பயிற்சி மையங்கள் (ஆர்.ஆர்.டி.சி) மற்றும் சமூக நீதி மற்றும் அதிகாரமளித்தல் அமைச்சின் ஐ.ஆர்.சி.ஏ. செயல்திறன், குடிப்பழக்கம் மற்றும் பொருள் (போதைப்பொருள்) துஷ்பிரயோகம் ஆகியவற்றைத் தடுக்கும் துறையில் சிறந்த சேவைகளுக்காக தேசிய விருதுகளை வழங்கிய விருது பெற்றவர்களுடன் தொடர்புடைய நிறுவனங்கள் / நிறுவனங்கள், திட்ட முகாமைத்துவக் குழுவால் பொருத்தமாகவும் பொருத்தமானதாகவும் கருதப்படும் வேறு எந்த அமைப்பு / நிறுவனம்.",
               "schemeTargetGroup":"NIL",
               "schemeMiscDetails":"NIL",
               "schemeDepartments":"சமூக நீதி மற்றும் அதிகாரமளித்தல் துறை"
            },
            {
               "schemeUiId":"M_0036_S_008",
               "schemeName":"வரிஷ்ட ஓய்வூதிய பீமா யோஜனா",
               "schemeObj":"நிச்சயமற்ற சந்தை நிலைமைகள் காரணமாக அவர்களின் வட்டி வருமானத்தில் எதிர்கால வீழ்ச்சிக்கு எதிராக 60 வயது மற்றும் அதற்கு மேற்பட்ட வயதானவர்களுக்கு வருமான பாதுகாப்பை வழங்குவதை நோக்கமாகக் கொண்டுள்ளது. வரிஷ்டா ஓய்வூதிய பிமா யோஜனா 2017 10 ஆண்டுகளுக்கு 8 சதவீத வருவாய் உத்தரவாத விகிதத்தின் அடிப்படையில் உறுதிப்படுத்தப்பட்ட ஓய்வூதியத்தை வழங்கும்.",
               "schemeDesc":"வரிஷ்ட ஓய்வூதிய பீமா யோஜனா என்பது மூத்த குடிமக்களுக்காக வடிவமைக்கப்பட்ட ஒரு திட்டமாகும். இது ஒரு தூய்மையான ஓய்வூதியத் திட்டமாகும், இது ஓய்வூதியதாரருக்கு உடனடி வருடாந்திர வடிவத்தில் வாழ்நாள் ஓய்வூதியத்தை வழங்குகிறது. வருடாந்திரம் என்பது ஒரு இடைவெளியில் வழக்கமான இடைவெளியில் செலுத்தப்படும் தொடர் கொடுப்பனவுகள் ஆகும். அண்மைய காலங்களில் இந்தத் திட்டத்தின் பிரபலத்தை நிதி அமைச்சகம் தெளிவாகக் கூறியதால், இந்தத் திட்டம் 2014-2015 ஆம் ஆண்டில் இந்திய அரசால் புதுப்பிக்கப்பட்டது. வரிஷ்ட ஓய்வூதிய பீமா யோஜனா திட்டம் 95 6095 கோடி மற்றும் 3.16 லட்சம் பாலிசிகளை விற்றது. மூத்த குடிமக்களுக்கு இது இருப்பதால், குறைந்தபட்ச நுழைவு வயது 60 ஆண்டுகள் மற்றும் பிரீமியம் செலுத்தும் முறை ஒற்றை ஊதியம். ஓய்வூதியதாரர் வரிஷ்ட ஓய்வூதிய பீமா யோஜனாவின் கீழ் எந்தவொரு திட்டத் திட்டத்தையும் வாங்க வேண்டும். ஓய்வூதியத் திட்டம் ஓய்வூதியதாரர்களுக்கு மாதாந்திர, காலாண்டு, அரை ஆண்டு மற்றும் வருடாந்திர முறையில் நீட்டிக்கப்படுகிறது. மாதாந்திர: ஒரு மாத செலுத்துதலுக்கு, குறைந்தபட்ச முதலீட்டு வரம்பு ரூ. 66,665 மற்றும் ரூ. 6.66 லட்சம். காலாண்டு: ஒரு வருடத்தில் ஒவ்வொரு மூன்று மாதங்களுக்கும் அல்லது நான்கு மாதங்களுக்கும் ஒரு வருடாந்திரம் வழங்கப்படும். முதலீட்டு விலை வரம்பு ரூ. 66,170; இது ரூ. 6,61,690. அரை வருடாந்திர: அரை வருடாந்திர அடிப்படையில் வருடாந்திரத்தைப் பெறுவதற்கு, ஓய்வூதியம் பெறுபவர் ரூ. 65,430 மற்றும் ரூ. 6,54,275. வருடாந்திரம்: இந்த வருடாந்திரம் பாலிசிதாரருக்கு வருடாந்திர செலுத்துதல் அடிப்படையில் ஒரு பெரிய தொகையைப் பெற வழங்குகிறது. முதலீடு ரூ. 63,960 மற்றும் ரூ. 6,39,610.",
               "schemeEligiiblity":"நீங்கள் 60 வயதிற்கு மேற்பட்டவராக இருந்தால், இந்த திட்டத்திற்கு நீங்கள் தகுதியுடையவர்கள், மருத்துவ பரிசோதனைக்கு குறிப்பிட்ட தேவை இல்லை.",
               "schemeTargetGroup":"அறுபது வயதுக்கு மேற்பட்ட மூத்த குடிமக்கள்.",
               "schemeMiscDetails":"ஸ்டேட் பாங்க் ஆப் இந்தியா அல்லது எஸ்பிஐ தற்போது 5 முதல் 10 வயது வரை முதிர்ச்சியுடன் நிலையான வைப்புகளில் மூத்த குடிமக்களுக்கு 7 சதவீத வட்டி விகிதத்தை செலுத்துகிறது. ஐந்து வயது மூத்தவர்களுக்கு ஒரு சிறிய சேமிப்பு திட்டமான மூத்த குடிமக்கள் சேமிப்பு திட்டம், தற்போது 8.5 சதவீத வட்டியை வழங்குகிறது, மேலும் முதலீடு செய்ய முடியாத அதிகபட்சம் ரூ .15 லட்சம். ஆனால் ஒட்டுமொத்த வட்டி வீத ஆட்சி குறைந்து, மூத்த குடிமக்கள் சேமிப்பு திட்டத்தின் வட்டி விகிதமும் எதிர்காலத்தில் மேலும் வீழ்ச்சிக்கு தயாராக உள்ளது.",
               "schemeDepartments":"சமூக நீதி மற்றும் அதிகாரமளித்தல் துறை"
            },
            {
               "schemeUiId":"M_0036_S_009",
               "schemeName":"உள்ளடக்கிய இந்தியா முயற்சி",
               "schemeObj":"குறைபாடுகள் உள்ளவர்களை பிரதான நீரோட்டத்திலும், சமூக வாழ்க்கையின் அனைத்து முக்கிய அம்சங்களான கல்வி, வேலைவாய்ப்பு போன்றவற்றிலும் சேர்ப்பதே பிரதிபலிப்பின் நோக்கம்.",
               "schemeDesc":"சமூக பங்காளிகள் மற்றும் அதிகாரமளித்தல் அமைச்சகம் முக்கிய பங்காளிகளுடன் இணைந்து அறிவுசார் மற்றும் வளர்ச்சி குறைபாடுகள் (ஐடிடி) நிவர்த்தி செய்வதற்காக உள்ளடக்கிய இந்தியா முன்முயற்சி: ஒரு உள்ளடக்கிய இந்தியாவை நோக்கி ஒரு மாநாட்டை ஏற்பாடு செய்திருந்தன. ‘உள்ளடக்கிய இந்தியா முயற்சி’ என்பது தேசிய அறக்கட்டளையின் முன்முயற்சி. அறிவார்ந்த மற்றும் வளர்ச்சி குறைபாடுகள் உள்ளவர்களைப் பூர்த்தி செய்வதே இந்த முயற்சி. இந்த முயற்சி அணுகுமுறைகளில் மாற்றத்தைக் கொண்டுவர முயற்சிக்கிறது, மேலும் சம வாய்ப்புகளை உணரவும், உரிமைகளைப் பாதுகாக்கவும் மற்றும் குறைபாடுகள் உள்ளவர்களின் முழு பங்களிப்பையும் எளிதாக்க முயற்சிக்கிறது. மாநாட்டில் ‘உள்ளடக்கிய இந்தியா முன்முயற்சி’ குறித்த பார்வை ஆவணம் வெளியிடப்பட்டது. ஒரு சில புரிந்துணர்வு ஒப்பந்தங்கள் முக்கிய பங்காளிகளுடன் தேசிய அறக்கட்டளையால் கையெழுத்திடப்பட்டன. இந்த முயற்சியின் மூன்று முக்கிய மையங்கள் உள்ளடக்கிய கல்வி, உள்ளடக்கிய வேலைவாய்ப்பு மற்றும் உள்ளடக்கிய சமூக வாழ்க்கை. உள்ளடக்கிய கல்வியின் களத்தில், பெரிய அளவிலான விழிப்புணர்வு பிரச்சாரங்கள் பான்-இந்தியா அடிப்படையில் செயல்படுத்தப்படும், இது அறிவுசார் குறைபாடுகள் உள்ள குழந்தைகள் மற்றும் பெரியவர்களுக்கு பள்ளிகளையும் கல்லூரிகளையும் உள்ளடக்கியதாக மாற்றும். தேவையான இயக்கம் உதவி வழங்குவதன் மூலம், உதவி சாதனங்கள், அணுகக்கூடிய தகவல்கள் மற்றும் சமூக ஆதரவை வழங்குவதன் மூலம் கல்வி நிறுவனங்களின் உள்கட்டமைப்பை அணுகக்கூடியதாகவும், அனைத்தையும் உள்ளடக்கியதாகவும் மாற்றுவதற்காக அரசு மற்றும் தனியார் நிறுவனங்களுடனான தொடர்பு ஆராயப்படும்.",
               "schemeEligiiblity":"NIL",
               "schemeTargetGroup":"இந்த முயற்சி குறைந்தது 2000 கார்ப்பரேட் துறை நிறுவனங்களை ஈடுபடுத்தும்; பொது மற்றும் தனியார், நடப்பு நிதியாண்டில், அறிவுசார் குறைபாடுகள் உள்ளவர்களுக்கு உள்ளடக்கிய வேலைவாய்ப்பு குறித்த விழிப்புணர்வை ஏற்படுத்துவதற்காக.",
               "schemeMiscDetails":"திவ்யாங்ஜான்களின் நலனில் தேசிய அறக்கட்டளை முக்கிய பங்கு வகிக்கிறது. இப்போது, ​​திவாங்ஜான்களுக்கு இந்தியாவிலும் வெளிநாட்டிலும் படிப்பதற்கான உதவித்தொகை வழங்கப்படுகிறது. அவர்களுக்கு நாடு தழுவிய முகாம்கள் மூலம் எய்ட்ஸ் மற்றும் உதவி சாதனங்கள் வழங்கப்பட்டு வருகின்றன, இதுவரை 5300 முகாம்களை அவரது அமைச்சகம் ஏற்பாடு செய்துள்ளது, அங்கு எய்ட்ஸ் மற்றும் உதவி சாதனங்கள் ரூ. திவ்யாங்ஜான்களுக்கு 500 கோடி வழங்கப்பட்டுள்ளது.",
               "schemeDepartments":"மாற்றுத்திறனாளிகளின் அதிகாரமளித்தல் துறை"
            },
         ]
      },
         ]
      },
   