{
   "ListOfMinistries":[
      {
         "ministryId":1,
         "ministryName":"Ministry of Social Justice and Empowerment",
         "ministrySchemesList":[
            {
               "schemeUiId":"M_0036_S_001",
               "schemeName":"Swachhta Udyami Yojana",
               "schemeObj":"The Swachhta Udyami Yojana has a twin objective of cleanliness and providing a livelihood to Safai Karamcharis and liberated Manual Scavengers.",
               "schemeDesc":"The National Safai Karamcharis Finance and Development Corporation (NSKFDC), an Apex Corporation of the Ministry of Social Justice and Empowerment has launched Swachhta Udyami Yojana. This scheme aims at two objectives, viz. cleanliness and providing a livelihood to Safai Karamcharis (Cleaners) and liberated Manual Scavengers. This is achieved through financial assistance for Constructing, Operating and Maintaining the Pay and Use Community Toilets and Procurement and Operation of Sanitation related Vehicles. Swachhta Udyami Yojana is part of the Swachh Bharat Abhiyan, a nationwide campaign in India to promote cleanliness by providing the necessary infrastructure in cities, towns and rural areas. NSKFDC(National Safai Karamcharis Finance & Development Corporation ) provides the funds for the scheme on the condition of loans through the banks mentioned in the guidelines of NSKFDC. The loan provided by the NSKFDC covers 90% of the project cost and the remaining 10% covered by the State government or beneficiary. NSKFDC provides an option to postpone the repayment for a duration of six months (including the implementation period of six months) for both Pay and use in PPP mode and Sanitation related Vehicles schemes.NSKFDC promotes the scheme and assists the entrepreneurs financially by providing subsidies in both Pay and use in PPP mode and Sanitation related Vehicles schemes. NSKFDC provides a maximum subsidy of Rs.3.25 lakhs.",
               "schemeEligiiblity":"Individual beneficiaries/ self-help groups, through State Channelizing Agencies (SCAs), in partnership with reputed organisations. Target group of Manual scavengers / Safai Karamcharis. Maximum subsidy of Rs.3.25 lacs in case of manual Scavengers under Self Employment Scheme for Rehabilitation of Manual Scavengers (SRMS) in accordance with the 'Prohibition of Employment as Manual Scavengers and their Rehabilitation Act, 2013'.",
               "schemeTargetGroup":"The goal of the scheme is to facilitate a decent livelihood to Safai Karamcharis and liberated Manual Scavengers through financial assistance by involving them in Construction, Operation and Maintenance of Pay and Use Community Toilets and Procurement and Operation of Sanitation related Vehicles.",
               "schemeMiscDetails":"Pay and use in PPP mode	Up to Rs.25 lakhs for setting up of a unit of 10 seated toilet. Sanitation-related Vehicles	Up to Rs.15 lakhs.",
               "schemeDepartments":"Department of Social Justice and Empowerment"
            },
           {
               "schemeUiId":"M_0036_S_002",
               "schemeName":"Deendayal Disabled Rehabilitation Scheme (DDRS)",
               "schemeObj":"To create an enabling environment to ensure equal opportunities, equity, social justice and empowerment of persons with disabilities. To encourage voluntary action for ensuring effective implementation of the People with Disabilities (Equal Opportunities and Protection of Rights) Act of 1995.",
               "schemeDesc":"Ministry of Social Justice and Empowerment, Department of Empowerment of Persons with Disabilities has implemented a scheme called ‘Deendayal Disabled Rehabilitation Scheme (DDRS). The project is a Central Government Scheme that provides financial assistance to NGOs involved in the education and rehabilitation of individuals with disabilities. The approach of this Scheme is to provide financial assistance to voluntary organizations to make available the whole range of services necessary for rehabilitation of PwD. The list of model projects which have been optimized, includes, Pre-Schools, Early Intervention and Training; Special Schools for: Persons with Intellectual Disabilities, Hearing and Speech Disabilities, Visual Disabilities, Project for Cerebral Palsied children, Rehabilitation of Leprosy cured persons, Half Way Home for psycho-Social Rehabilitation of treated and controlled mentally ill persons, Home based Rehabilitation and Home Management etc. The eligible Project Implementing Agencies (NGOs),after their project is approved by the competent authority shall be entitled for 90% of amount calculated based on the cost-norms as prescribed under this revised scheme. In case of projects located in special areas,100% of the amount calculated based on revised cost norms shall be alowed. The scheme has also been revised to the extent that there has been widening of the scope of the model projects.",
               "schemeEligiiblity":"The following institutions/organisations are eligible for assistance under the scheme: Organisations that are registered under the Societies Registration Act, 1860 or relevant Act of the State/Union Territory. A public trust that is registered under the law temporarily. A charitable company that is licensed under Section 25 of the Companies Act 1958.",
               "schemeTargetGroup":"The approach of this Scheme is to provide financial assistance to voluntary organizations to make available the whole range of services necessary for rehabilitation of persons with disabilities including early intervention, development of daily living skills, education, skill-development oriented towards employability, training and awareness generation.",
               "schemeMiscDetails":"Under the scheme, every year more than 600 NGOs are provided with financial assistance for running their projects for the rehabilitation of PwD. The NGOs being funded are catering the rehabilitative services to more than 35000 to 40000 beneficiaries every year.",
               "schemeDepartments":"Department of Empowerment of Persons with Disabilities"
            },
            {
               "schemeUiId":"M_0036_S_003",
               "schemeName":"Sugamya Bharat Abhiyan/ Accessible India Campaign",
               "schemeObj":"Department of Empowerment of Persons with Disabilities (DEPwD) through Accessible India Campaign (Sugamya Bharat Abhiyan) aims to develop an inclusive society in which equal opportunities and access is provided for the growth and development of Persons with Disabilities.",
               "schemeDesc":"Accessible India Campaign (Sugamya Bharat Abhiyan) is a nation-wide Campaign launched by Department of Empowerment of Persons with Disabilities (DEPwD) of Ministry of Social Justice & Empowerment to provide universal accessibility to persons with disabilities. The campaign aims at providing equal opportunity to persons with disabilities to participate in all the aspects of life and live independently. The Sugamya Bharat Abhiyan focuses on developing accessible physical environment, transportation system and Information & communication ecosystem. India is a signatory to the UN Convention on the Rights of Persons with Disabilities (UNCRPD). Article 9 of UNCRPD casts an obligation on all the signatory governments to take appropriate measures to ensure to persons with disabilities access, on an equal basis with others, to the physical environment, to transportation, to information and communications, including information and communications technologies and systems, and to other facilities and services open or provided to the public, both in urban and in rural areas. It also proposes the establishment of a university that conducts courses for these people. Additionally, it promises to provide people with 70-90% disability a free motorised motorcycle for easier mobility. The types of disabilities have been increased from existing 7 to 21 and the Central Government has the power to add more types of disabilities.",
               "schemeEligiiblity":"NIL",
               "schemeTargetGroup":"The campaign targets three verticals in the first phase. These include the built-up environment, information & communication eco-system, and transportation eco-system.",
               "schemeMiscDetails":"As for the Central government buildings maintained by the Central Public Works Department, 211 CPWD buildings have been made accessible. About 354 crores rupees have been released to make more than a thousand public buildings accessible across the country. All 34 international and 48 domestic airports in the country now have accessibility features like ramps, toilets and lifts with Braille symbols. However, only about 9% of public buses have been made accessible so far.",
               "schemeDepartments":"Department of Empowerment of Persons with Disabilities"
            },
            {
               "schemeUiId":"M_0036_S_004",
               "schemeName":"Rashtriya Vayoshri Yojana",
               "schemeObj":"To provide senior citizens, belonging to BPL category and suffering from age related disabilities/ infirmities, with such physical aids and assisted living devices which can restore near normalcy in their bodily functions.",
               "schemeDesc":"Rashtriya Vayoshri Yojana (RVY) is a scheme for providing Physical Aids and Assisted-living Devices for Senior citizens belonging to BPL category. This is a Central Sector Scheme, fully funded by the Central Government. The expenditure for implementation of the scheme will be met from the 'Senior Citizens Welfare Fund'. The Scheme will be implemented through the sole implementing agency - Artificial Limbs Manufacturing Corporation (ALIMCO), a PSU under the Ministry of Social Justice and Empowerment. Under the Scheme, aids & assisted living devices viz. walking sticks, elbow crutches, walkers/ crutches, tripods/ quad pods, hearing aids, wheelchairs, artificial dentures and spectacles are distributed free of cost to the eligible senior citizens beneficiaries. The Scheme is entirely funded from the Senior Citizens’ Welfare Fund (SCWF), established vide Senior Citizens’ Welfare Fund Rules, 2016. Under the scheme the beneficiaries in each district are identified by a team of doctors/technicians/other professionals to assess their needs and to prescribe the requisite Assisted Living Devices in the Assessment Camps organized by ALIMCO in collaboration with the respective District Administration. The State Government/UT Administration/District Level Committee can also utilize the data of BPL beneficiaries receiving Old Age Pension under the NSAP or any other Scheme of the State/UT for identification of senior citizens belonging to BPL category. The devices are then distributed to the identified beneficiaries in the camp mode. Further, regular communications are made from this Ministry to respective States/UTs Governments for extending cooperation to ALIMCO in organizing these Camps. As far as possible, 30% of the beneficiaries in each district shall be women.",
               "schemeEligiiblity":"Senior Citizens, belonging to BPL category and suffering from any of the age related disability/infirmity viz. Low vision, Hearing impairment, Loss of teeth and Locomotor disability will be provided with such assisted-living devices which can restore near normalcy in their bodily functions, overcoming the disability/infirmity manifested. The Scheme is expected to benefit all Senior Citizens across the country.",
               "schemeTargetGroup":"The Scheme is expected to benefit all Senior Citizens across the country.",
               "schemeMiscDetails":"At present, a total of 325 Districts have been selected for the implementation of Rashtriya Vayoshri Yojana. The assessment camps to identify the beneficiaries have been completed in 135 districts of which (as on 25.01.2019), 77 distribution camps have been organised benefitting 70939 senior citizens belonging to BPL Category.",
               "schemeDepartments":"Department of Social Justice and Empowerment"
            },
           {
               "schemeUiId":"M_0036_S_005",
               "schemeName":"Self-Employment Scheme for the Rehabilitation of Manual Scavengers",
               "schemeObj":"The objective of the scheme is to assist the manual scavengers, identified during various surveys, for their rehabilitation in alternative occupations.",
               "schemeDesc":"The Self Employment Scheme for Rehabilitation of Manual Scavengers (SRMS) was introduced in January, 2007 with the objective of rehabilitating the remaining manual scavengers and their dependents in alternative occupations by March, 2009. As per the updated number, reported by States/UTs, after launch of the Scheme, 1.18 lakh manual scavengers and their dependents in 18 States/UTs were identified for implementation of the Scheme. After the enactment of ‘Prohibition of Employment as Manual Scavengers and their Rehabilitation Act, 2013’, SRMS was revised in synchronization with the provision of the Act. As per the revised Scheme, identified manual scavengers, one from each family, are provided one-time cash assistance. The identified manual scavengers and their dependents are provided project based back-ended capital subsidy up to Rs. 3,25,000 and concessional loan for undertaking self-employment ventures. Beneficiaries are also provided training for skill development for a period up to two years, during which a stipend of Rs. 3,000 per month is also provided. Scavenging is occupation imposed upon certain citizens of country by society, which later on continued as traditional occupation among Scheduled Castes. This class of citizens of India is known as Manual Scavengers. Manual scavenging exists primarily because of absence of water borne latrines. House-listing & Housing Census, 2011 reported that there are about 26 lakh insanitary latrines in country. Low level of education, awareness about their rights, laws & low self-esteem force them to take such work. wherein these class of people fail to see agony of manual scavengers.These section of society are not organized & don’t have any significant voice in govt. structures which cause their voice being unheard.",
               "schemeEligiiblity":"Manual Scavengers, as defined under the “Prohibition of Employment as Manual Scavengers and their Rehabilitation Act, 2013”  and their dependents, irrespective of their income, are eligible for assistance under the Scheme.",
               "schemeTargetGroup":"Each individual manual scavenger and his/her spouse or children who are of 18 years of age and above, who are not employed (other than manual scavengers) will be provided assistance. For the purpose of training, the age of dependent to be eligible would be reduced by the duration of the training so that immediately after getting the training he/she can be provided other assistance immediately after attaining the age of 18 years.",
               "schemeMiscDetails":"The identified manual scavengers, one from each family, would be eligible for receiving Cash Assistance of Rs. 40,000 immediately after identification. The beneficiary would be allowed to withdraw the amount in monthly installments of maximum of Rs. 7,000. He/she would also be eligible for Capital Subsidy, Interest Subsidy and Training with stipend at the rates prescribed under the scheme. The dependents of manual scavengers would not be eligible for initial Cash Assistance.",
               "schemeDepartments":"Department of Social Justice and Empowerment"
            },
            {
               "schemeUiId":"M_0036_S_006",
               "schemeName":"Pradhan Mantri Adarsh Gram Yojana (PMAGY): Model village",
               "schemeObj":"The vision of the Scheme is to develop the village into an ‘Adarsh Gram’ wherein people have access to various basic services so that the minimum needs of all the sections of the society are fully met and disparities are reduced to minimum.",
               "schemeDesc":"Pradhan Mantri Adarsh Gram Yojana (PMAGY), a Government of India initiative for the empowerment of deprived sections, aims to achieve integrated development of selected villages through convergent implementation of all relevant Central and State schemes. The scheme was launched in March, 2010 on a pilot basis for the integrated development of 1000 villages each with more than 50% SC population. The proposed scheme will have two main components. The two components and their sub-components will be as follows: Territorial Area-related Component and Functional Area-related Components. Adarsh Gram (Model village) Should be connected to the nearest major road by an all-weather road, Access for all to safe drinking water on a sustainable basis. All houses should have electricity, Should have an Anganwadi centre and schools of appropriate levels, All children in the age-group of 3-6 should be enrolled in, and regularly attend the Anganwadi, All children in the 6-14 age group should be enrolled in, and regularly attend school, There should be no public consumption of liquor or any other intoxicating substances, and their use in general should be discouraged, 100% institutional deliveries, full immunization of children, and observance of the small family norm, Residents of the village should be aware of and exercise their constitutional and legal rights.",
               "schemeEligiiblity":"NIL",
               "schemeTargetGroup":"Special focus will be on development of weaker sections like: Scheduled Castes, Scheduled Tribes, Women and children, Persons with disability, and The destitute.",
               "schemeMiscDetails":"For every new village selected, the Scheme provides for a total of Rs. 21 lakh of which Rs.20.00 lakh is for the ‘Gap-filling’ component and Rs.1.00 lakh is meant for ‘administrative expenses’ at the Centre, State, District and Village level in the ratio of 1:1:1:2. Initially, 50% of the admissible grant i.e. Rs.10.40 lakh per new village (including Rs. 10 lakh for ‘Gap-filling’ and Rs. 40, 000 for ‘administrative expenses’) will be released to the State Govt. either through PMAGY or through the infrastructure component of the Scheme of SCA to SCSP, or both.",
               "schemeDepartments":"Department of Social Justice and Empowerment"
            },
            {
               "schemeUiId":"M_0036_S_007",
               "schemeName":"NATIONAL ACTION PLAN FOR DRUG DEMAND REDUCTION (2018- 2023)",
               "schemeObj":"Create awareness and educate people about the ill-effects of drugs abuse on the individual, family, workplace and the society at large and reduce stigmatization of and discrimination against, groups and individuals dependent on drugs in order to integrate them back into the society, Develop human resources and build capacity for working towards these objectives, Facilitate research, training, documentation, innovation and collection of relevant information to strengthen the above mentioned objectives, Provide for a whole range of community based services for the identification, motivation, counselling, de-addiction, after care and rehabilitation for Whole Person Recovery (WPR) of addicts, Formulate and implement comprehensive guidelines, schemes, and programmes using a multiagency approach for drug demand reduction, Undertake drug demand reduction efforts to address all forms of drug abuse, Alleviate the consequences of drug dependence amongst individuals, family and society at large.",
               "schemeDesc":"The Ministry of Social Justice and Empowerment has drafted a five-year action plan for addressing the problem of drug and substance abuse in the country, dumping a long-pending draft policy on the matter. It aims to employ a multi-pronged strategy — involving education, de-addiction and rehabilitation of affected individuals and their families — to address the issue. The ministry has planned several measures for controlling sale of sedatives, painkillers and muscle relaxant drugs, and checking online sale of drugs by stringent monitoring by cyber cell, under the national action plan. It includes holding awareness generation programmes at schools, colleges, universities, workplaces and for police functionaries, paramilitary forces, law enforcement agencies, judicial officers and Bar council, among others. Plans are also afoot for awareness generation through social, print, digital and online media, and engagement of celebrities, besides strengthening the national toll-free helpline for drug prevention. It also calls for persuading principals, directors, vice chancellors of educational institutions to ensure that no drugs are sold within/nearby the campus. It also includes identification of vulnerable areas based on survey, skill development, vocational training and livelihood support of ex-drug addicts through National Backward Classes Finance and other Development Corporations and continuous research on drug use pattern.",
               "schemeEligiiblity":"Panchayati Raj Institutions (PRIs), Urban Local Bodies (ULBs), organizations/institutions fully funded or managed by State/ Central Government or a local body, Nehru Yuva Kendra Sangathan (NYKS), National Service Scheme (NSS), Universities, Social Work Institutions, other reputed educational institutions, Association of Indian Universities, Kendriya Vidyalaya Sangathan (KVS), NCERT, SCERT, Regional Resource Training Centres (RRTCs) and IRCAs of Ministry of Social Justice and Empowerment working in the field of drug demand reduction with good track in performance, Organizations/Institutions associated with Awardees who have been conferred National Awards for outstanding services in the field of prevention of alcoholism and substance (drugs) abuse, Any other organization/institution considered fit and appropriate by the Project Management Committee. ",
               "schemeTargetGroup":"NIL",
               "schemeMiscDetails":"NIL",
               "schemeDepartments":"Department of Social Justice and Empowerment"
            },
            {
               "schemeUiId":"M_0036_S_008",
               "schemeName":"Varishtha Pension BimaYojana",
               "schemeObj":"It is aimed at providing income security to elderly persons aged 60 years and above against a future fall in their interest income due to uncertain market conditions. Varishtha Pension Bima Yojana 2017 will provide an assured pension based on a guaranteed rate of return of 8 per cent for 10 years.",
               "schemeDesc":"Varishtha Pension Bima Yojana is a plan designed specifically for senior citizens. It is a pure retirement plan which provides lifetime pension in the form of immediate annuity to the pensioner. An annuity is a series of payments made to an annuitant over regular intervals. This plan was revived by the Government of India in 2014-2015 as the finance ministry clearly stated the popularity of this plan in the recent past. The Varishtha Pension Bima Yojana plan attracted a sellout of ₹6095 crore plus 3.16 lakhs policies. Since it for senior citizens, the minimum age of entry is 60 years and the mode of premium payment is single pay. The pensioner should purchase any plan scheme under the Varishtha Pension Bima Yojana. Pension plan is extended to the pensioners at monthly, quarterly, semi-annually, and yearly manner. Monthly: For a monthly payout, the minimum range of investment starts from Rs. 66,665 and goes up to Rs. 6.66 lakhs. Quarterly: An annuity will be provided every three months or four months in a year. Investment price range starts from Rs. 66,170; it could be as high as Rs. 6,61,690. Semi- Annually: For obtaining the annuity on a semi-annual basis, the pensioner has to make investments at a price ranging between Rs. 65,430 and Rs. 6,54,275. Yearly: This annuity provides the policyholder to get a large sum of money on an annual payout basis. The investment could range between Rs. 63,960 and Rs. 6,39,610.",
               "schemeEligiiblity":"If you are 60 plus, you are eligible for this plan and there is no specific requirement of a medical checkup.",
               "schemeTargetGroup":"Senior citizens above sixty years old.",
               "schemeMiscDetails":"The State Bank of India or SBI currently pays 7 per cent interest rate to senior citizens on fixed deposits with maturity between 5 to 10 years. Senior Citizen Savings Scheme, which is a small savings scheme for seniors of five years, currently offers 8.5 per cent interest and the maximum cannot that can be invested is Rs 15 lakh. But overall interest rate regime heading lower, the interest rate on Senior Citizen Savings Scheme is also poised for further fall in the future. ",
               "schemeDepartments":"Department of Social Justice and Empowerment"
            },
            {
               "schemeUiId":"M_0036_S_009",
               "schemeName":"Inclusive India Initiative",
               "schemeObj":"The objective of the imitative is to include people with disabilities in the mainstream as well as in all important aspects of social life, namely education, employment etc.",
               "schemeDesc":"Ministry of Social Justice & Empowerment in collaboration with key partners had organised a conference called Inclusive India Initiative: Towards an Inclusive India, for addressing intellectual and developmental disabilities (IDDs). The ‘Inclusive India Initiative’ is an initiative of National Trust. The initiative aims to cater to the persons with intellectual and developmental disabilities. The initiative attempts to bring about change in attitudes, and attempt to facilitate the realisation of equal opportunities, protection of rights and full participation of people with disabilities. A vision document on ‘Inclusive India Initiative’ was released in the conference. A few MoUs were signed by the National Trust with key partners.The three core focus areas of the initiative are Inclusive Education, Inclusive Employment and Inclusive Community Life. In the domain of Inclusive Education, large-scale awareness campaigns would be executed on pan-India basis, making the schools and colleges inclusive for the children and adults with intellectual disabilities. Association with government and private organisations will be explored for making the infrastructure of educational institutes accessible and inclusive, by providing necessary mobility aids, assistive devices, accessible information and social support.",
               "schemeEligiiblity":"NIL",
               "schemeTargetGroup":"The initiative will engage at least 2000 corporate sector organisations; public and private, for creating awareness towards inclusive employment for persons with intellectual disabilities, during the current financial year.",
               "schemeMiscDetails":"The National Trust is playing an important role in the welfare of Divyangjans. Now, the Divangjans are being provided scholarships for studying in India and abroad both. They are being provided Aids and Assistive devices through nationwide camps and so far more than them 5300 camps have been organised by his Ministry where Aids and Assistive devices worth Rs. 500 crores have been distributed to Divyangjans.",
               "schemeDepartments":"Department of Empowerment of Persons with Disabilities"
            },
         ]
      },
         ]
      },

