{
   "ListOfMinistries":[
      {
         "ministryId":1,
         "ministryName":"ஜவுளி அமைச்சகம்",
         "ministrySchemesList":[
       {
               "schemeUiId":"M_0034_S_001",
               "schemeName":"ஒருங்கிணைந்த டெக்ஸ்டைல் பார்க் (SITP) க்கான திட்டம்",
               "schemeObj":"உலகத் தரம் வாய்ந்த அனைத்து உள்கட்டமைப்பு அம்சங்களுடனும் ஜவுளி அலகுகளை நிர்மாணிக்க தனியார் தொழில்முனைவோருக்கு நிதி வழங்குவதற்காக இந்த திட்டம் செயல்படுகிறது. ஜவுளி அலகுகள் புவியியல், சமூக மற்றும் சர்வதேச தரங்களை பூர்த்தி செய்ய நன்கு வளர்ந்த இடத்தை அடையாளம் காணவும். ஏற்றுமதி விகிதத்தில் கணிசமான வளர்ச்சியைக் கொண்டு வாருங்கள். மிகப்பெரிய வேலை வாய்ப்புகளை உருவாக்குங்கள்.",
               "schemeDesc":"ஒருங்கிணைந்த ஜவுளி பூங்காக்களுக்கான திட்டம் (எஸ்ஐடிபி) 2005 ஆம் ஆண்டில் தொழில்துறைக்கு அவர்களின் ஜவுளி அலகுகளை அமைப்பதற்கான நவீன உலகத்தரம் வாய்ந்த உள்கட்டமைப்பு வசதிகளை வழங்குவதற்காக தொடங்கப்பட்டது. SITP சாத்தியமான வளர்ச்சி மையங்களில் சர்வதேச தரத்தின் புதிய பூங்காக்களை உருவாக்கும். இந்த திட்டம் திட்ட அடையாளம் மற்றும் செயல்படுத்தலுக்கான தொழில்முறை நிறுவனங்களின் குழுவில் ஈடுபடுவதை நோக்கமாகக் கொண்டுள்ளது. திட்டத்தின் கீழ் ஒவ்வொரு ஒருங்கிணைந்த ஜவுளி பூங்கா (ஐ.டி.பி) பொதுவாக 50 அலகுகளைக் கொண்டிருக்கும். தொழில்துறை கிளஸ்டர்களை குறிவைக்கும் தந்திரோபாய விவாதங்களில் இந்த திட்டம் தீவிரமாக ஈடுபட்டுள்ளது. இத்திட்டம் உள்கட்டமைப்பு, உற்பத்திக்கான கட்டிடம் மற்றும் பிற துணை நடவடிக்கைகளை உள்ளடக்கும். ஐ.டி.பி கீழே உள்ள முக்கிய கூறுகளை உள்ளடக்கியது: எஸ்.பி.வி அவர்களின் பெயரில் பதிவு செய்யப்பட்ட நிலத்தை வைத்திருக்க வேண்டும். வடிகால், நீர், கூட்டுச் சுவர், மின்சாரம், கழிவு சுத்திகரிப்பு உள்ளிட்ட உள்கட்டமைப்பு. ஐ.டி.பி.யின் திறமையான உற்பத்திக்கான தாவரங்கள் மற்றும் இயந்திரங்கள். கட்டிடம்: உபகரணங்கள், பயிற்சி மையங்கள், கேண்டீன், விடுதி, அலுவலகங்கள், பொழுதுபோக்கு, சந்தைப்படுத்தல் ஆதரவு கொண்ட ஆய்வகங்கள். ஜவுளி அமைச்சகம், மாநில தொழில்துறை மேம்பாட்டுக் கழகம் (எஸ்.ஐ.டி.சி) மற்றும் தொழில்துறை திட்ட மேலாண்மை ஆலோசகர் (ஐ.பி.எம்.சி) ஆகியோரால் இந்த நிதிகள் வங்கி கடன்கள் மற்றும் மானியம் / பங்கு வடிவத்தில் வெளியிடப்படுகின்றன. இந்திய அரசு ரூ .40 கோடி நிதியை அல்லது திட்ட பட்ஜெட்டில் 40% தொகையை வெளியிடுகிறது, எது குறைவானது. அதேசமயம், அருணாச்சல், அசாம், மணிப்பூர், மேகாலயா, மிசோரம், நாகாலாந்து, திரிபுரா, சிக்கிம், இமாச்சல, உத்தரகண்ட் மாநிலங்களில் முதல் இரண்டு திட்டங்களுக்கு (ஒவ்வொன்றும்) ரூ .40 கோடி உச்சத்திற்கு உட்பட்ட திட்ட செலவில் 90% உடன் GOI ஆதரிக்கிறது. மற்றும் ஜே & கே. எஸ்.பி.வி - பூங்காவின் வேட்பாளர் மத்திய அரசின் பொறுப்பு.",
               "schemeEligiiblity":"தொழில்துறை சங்கங்கள். தொழில் முனைவோர் சங்கம். ஒருங்கிணைந்த ஜவுளி பூங்காக்களின் (ஐ.டி.பி) முக்கிய ஊக்குவிப்பாளர்களிடம் வரும் மாநில அரசு நிறுவனங்கள். நிறுவனங்கள் சட்டத்தின் கீழ் பதிவுசெய்யப்பட்ட ஒரு பெருநிறுவன அமைப்பான சிறப்பு நோக்கம் வாகனம் (எஸ்.பி.வி) ஐ.டி.பி. ஒவ்வொரு ஐ.டி.பி-யிலும் உள்ளூர் தொழில் (ஆர்.எல்.ஐ), மாநில தொழில்துறை மற்றும் உள்கட்டமைப்பு கழகம் (எஸ்.ஐ.ஐ.சி) மற்றும் GOI இன் பிற அமைப்புகளால் ஒரு சிறப்பு நோக்கம் வாகனம் (எஸ்.பி.வி) உருவாக்கப்படுகிறது. ஒவ்வொரு விளம்பரதாரரின் நிகர மதிப்பு திட்டத்தில் முன்மொழியப்பட்ட மொத்த பங்குகளின் 1.5 மடங்கிற்கும் குறைவாக இருக்கக்கூடாது.",
               "schemeTargetGroup":"இந்த திட்டம் தொழில்துறை கொத்துகள் / உயர் வளர்ச்சி திறன் கொண்ட இடங்களை குறிவைக்கிறது, இது உலகத்தரம் வாய்ந்த உள்கட்டமைப்பு ஆதரவை வழங்குவதன் மூலம் மூலோபாய தலையீடுகள் தேவைப்படுகிறது. திட்ட செலவு பொதுவான உள்கட்டமைப்பு மற்றும் உற்பத்தி / ஆதரவு நடவடிக்கைகளுக்கான கட்டிடங்கள் (ஜவுளி பொறியியல், பாகங்கள். பேக்கேஜிங் உட்பட), ஐ.டி.பி.யின் தேவைகளைப் பொறுத்து இருக்கும்.",
               "schemeMiscDetails":"வருடாந்திர செலவில் 2% ஐ தாண்டாத பட்ஜெட் இதர நோக்கங்களுக்காக வழங்கப்படும். நிர்வாகச் செலவுகள், மதிப்பீடு, ஆய்வுகள், ஆராய்ச்சி மற்றும் கருத்தரங்குகள், தகவல் கசிவைத் தவிர்ப்பது, விளம்பரங்கள் மற்றும் தகவல் தொழில்நுட்பத்தால் இயக்கப்பட்ட கண்காணிப்பு பொறிமுறையைப் பயன்படுத்துதல் போன்றவை.",
               "schemeDepartments":"NIL"
            },
           {
               "schemeUiId":"M_0034_S_002",
               "schemeName":"சில்க் தொழில்துறையின் மேம்பாட்டிற்கான ஒருங்கிணைந்த திட்டம்",
               "schemeObj":"உணவு தாவரங்கள், பட்டுப்புழு இனங்கள் மற்றும் பட்டுப்புழு விதை உற்பத்தி நுட்பங்களை மேம்படுத்துவதற்கும் மேம்படுத்துவதற்கும் ஆராய்ச்சி மற்றும் மேம்பாட்டு (ஆர் & டி) நடவடிக்கைகள் மேற்கொள்ளப்படுகின்றன மற்றும் பட்டுப்புழு வளர்ப்பிற்கான நடைமுறைகளை மேம்படுத்துகின்றன. பிந்தைய கூக்கூன் தொழில்நுட்பங்களின் பயன்பாட்டை வளர்ப்பதற்கு பிந்தைய கூக்கூன் நடவடிக்கைகள் மேற்கொள்ளப்படுகின்றன. மாநில தேவை உற்பத்தி அலகுகளுக்கு சொந்தமான கரு மற்றும் அடிப்படை விதைகளை வழங்குவதற்காக நான்கு அடுக்கு விதை பெருக்கல் நெட்வொர்க் பராமரிக்கப்படுகிறது. அரசு மற்றும் தனியார் பிரிவுகளுக்கு தர சான்றிதழ் வழங்கப்பட உள்ளது. மாநில விதை உற்பத்தி பிரிவுகளுக்கு அனைத்து வகையான தொழில்நுட்ப ஆதரவும் வழங்கப்படுகிறது. இறக்குமதி மற்றும் ஏற்றுமதி சந்தை மேம்பாட்டிற்கான புள்ளிவிவர அடிப்படையில் பட்டு உற்பத்தி பகுப்பாய்வு செய்யப்படுகிறது. மூலப்பொருட்கள் மற்றும் சி.எஸ்.பி அலகுகளின் நிதி நிர்வாகங்கள் மூலம் முகா கொக்கூன்களுக்கு விலை உறுதிப்படுத்தல் செய்யப்படுகிறது. வர்த்தகத்திற்காகப் பயன்படுத்தப்படும் பட்டுத் தரம் மற்றும் தூய்மையை உறுதிசெய்கிறது மற்றும் தூய்மையான பட்டுப் பொருட்களுக்கு பட்டு குறி மூலம் தயாரிக்கப்படுகிறது.",
               "schemeDesc":"மத்திய துறை திட்டத்தின் கீழ் பட்டு சமகிரா பட்டு தொழில் மேம்பாட்டுக்கான ஒருங்கிணைந்த திட்டத்தின் (ஐ.எஸ்.டி.எஸ்.ஐ) மத்திய பட்டு வாரியம் (சி.எஸ்.பி) மூலம் இந்திய அரசு செயல்படுத்திய மொத்த திட்டம் ரூ. தரம் மற்றும் உற்பத்தித்திறனை மேம்படுத்துவதன் மூலம் உற்பத்தியை அதிகரிக்கும் நோக்கத்துடன் நாட்டில் பட்டுத் தொழிலின் ஒட்டுமொத்த வளர்ச்சிக்கு மூன்று ஆண்டுகளுக்கு (2017-18 முதல் 2019-20 வரை) 2161.68 கோடி ரூபாய். இத்திட்டத்தில் நான்கு முக்கிய கூறுகள் உள்ளன. (i) ஆராய்ச்சி மற்றும் மேம்பாடு, பயிற்சி, தொழில்நுட்ப மற்றும் தகவல் தொழில்நுட்ப முயற்சிகள், (ii) விதை அமைப்புகள், (iii) ஒருங்கிணைப்பு மற்றும் சந்தை மேம்பாடு மற்றும் (iv) தர சான்றிதழ் அமைப்புகள் (QCS) / ஏற்றுமதி பிராண்ட் ஊக்குவிப்பு மற்றும் தொழில்நுட்ப மேம்பாடு. மல்பெரி, வான்யா மற்றும் பிந்தைய கொக்கூன் துறைகளை ஆதரிப்பதற்காக பல்வேறு பயனாளிகள் சார்ந்த கூறுகளையும் இந்த திட்டம் கொண்டுள்ளது. இந்த தலையீடுகள் முக்கிய பகுதிகளை உள்ளடக்குகின்றன. (அ) ​​புரவலன் ஆலையின் வளர்ச்சி மற்றும் விரிவாக்கம், (ஆ) பட்டுப்புழு விதை பலப்படுத்துதல் மற்றும் உருவாக்குதல் பெருக்கல் உள்கட்டமைப்பு, (இ) பண்ணை மற்றும் பிந்தைய கூக்கூன் உள்கட்டமைப்பு மேம்பாடு, (ஈ) சில்கில் ரீலிங் மற்றும் செயலாக்க தொழில்நுட்பங்களை மேம்படுத்துதல், மற்றும் ( e) திறன் மேம்பாடு / நிறுவன மேம்பாட்டுத் திட்டத்தின் மூலம் திறன் மேம்பாடு. மேற்கண்ட திட்ட தலையீடுகள் பட்டு உற்பத்தி மற்றும் உற்பத்தித்திறனை அதிகரிக்கும் / மேம்படுத்தும் என்று எதிர்பார்க்கப்படுகிறது. திட்டத்தின் எதிர்பார்க்கப்படும் முடிவுகளின் விவரங்கள் பின்வருமாறு: பட்டு உற்பத்தியை 2016-17 ஆம் ஆண்டில் 30,348 மெட்ரிக் டன் (மெட்ரிக் டன்) அளவிலிருந்து 2019-20 இறுதிக்குள் 38,500 மெட்ரிக் டன்களாக உயர்த்தவும், பிவோல்டின் இறக்குமதி மாற்று பட்டு உற்பத்தியை 8500 ஆக உயர்த்தவும் 2016-17 ஆம் ஆண்டில் 5266 மெட்ரிக் டன்களில் இருந்து எம்டிக்கள், வான்யா ரா பட்டு உற்பத்தியை 2016-17 எம்டிகளில் 9075 ல் இருந்து 11,500 மெட்ரிக் டன்களாக அதிகரித்தல், 4 ஏ மற்றும் அதற்கு மேற்பட்ட சர்வதேச கிரேடு பட்டு உற்பத்தி செய்ய, இறக்குமதியை குறைந்தபட்சமாகக் குறைக்க, கூடுதல் வேலைவாய்ப்பை சுமார் 15 லட்சம் வரை 2016-17 ஆம் ஆண்டில் 85.10 லட்சம் நபர்களின் மட்டத்திலிருந்து 2020 மார்ச் இறுதிக்குள் 100 லட்சம் நபர்களை சென்றடைதல்.",
               "schemeEligiiblity":"சில்க் சமக்ராவின் கீழ் பயனாளி சார்ந்த கூறுகளை செயல்படுத்த மத்திய பட்டு வாரியம் அந்தந்த மாநில அரசுகளுக்கு ஆதரவளிக்கும். பயனாளிகள் அந்தந்த மாநில பட்டு வளர்ப்புத் துறைகளால் அடையாளம் காணப்படுகிறார்கள், மேலும் தேவையான இடங்களில் சி.எஸ்.பி., தேவையான இடங்களில், நிலம் வைத்திருத்தல், பட்டு வளர்ப்புக்கு ஏற்றது, அனுபவம், உள்கட்டமைப்பு வசதி போன்ற விவரங்களை கவனத்தில் கொண்டு ஒரு எளிய செயல்முறை மூலம் விரிவாக்கும்.",
               "schemeTargetGroup":"",
               "schemeMiscDetails":"",
               "schemeDepartments":"NIL"
            },
            {
               "schemeUiId":"M_0034_S_003",
               "schemeName":"பவர்டெக்ஸ் இந்தியா திட்டம்",
               "schemeObj":"பவர்டெக்ஸ் இந்தியா திட்டம் நாட்டில் பொதுவான உள்கட்டமைப்பு மற்றும் பவர்லூம் துறையை நவீனமயமாக்குவதை நோக்கமாகக் கொண்டுள்ளது.",
               "schemeDesc":"பவர்டெக்ஸ் இந்தியா என்பது அனைத்தையும் உள்ளடக்கிய ஒரு திட்டமாகும், இது மின் தறித் துறையின் வளர்ச்சிக்காக உருவாக்கப்பட்டுள்ளது, இது மின் தறித் துறையின் கேள்விப்படாத தேவைகளை மேலும் நிவர்த்தி செய்கிறது. மத்திய ஜவுளி அமைச்சர் திரு. பவர் டெக்ஸ் இந்தியா திட்டத்தின் கீழ் பின்னல் மற்றும் பின்னலாடைத் துறையை வளர்ப்பதற்கான திட்டத்தை ஸ்மிருதி இரானி தொடங்கினார். ஏற்கனவே அறிமுகப்படுத்தப்பட்ட திட்டங்கள் இப்போது கூடுதல் கூறுகளுடன் மாற்றியமைக்கப்பட்டுள்ளன, மேலும் இந்த துறையை மேலும் மேம்படுத்தும் முயற்சியில் புதிய திட்டங்களும் சேர்க்கப்படுகின்றன. இது ஜவுளி அமைச்சகத்தால் தொடங்கப்பட்டது. இது நாட்டின் 45 க்கும் மேற்பட்ட இடங்களில் ஒரே நேரத்தில் பவர்லூம் துறை மேம்பாட்டுக்கான ஒரு விரிவான திட்டமாகும். இது இரண்டு திட்டங்களைக் கொண்டுள்ளது: பவர்லூம் நெசவாளர்களுக்கான பிரதான் மந்திரி கடன் திட்டம் (பிஎம்சிஎஸ்) மற்றும் பவர்லூம்களுக்கான சூரிய ஆற்றல் திட்டம் (எஸ்இசி). பவர்டெக்ஸ் இந்தியா திட்டத்தின் கூறுகள்: எளிய மின் தறிகள், குழு பணித்தாள் திட்டம், நூல் வங்கி திட்டம், பொது வசதி மையம், மின் தறிகளுக்கான பிரதான் மந்திரி கடன் திட்டம், மின் தறிகளுக்கான சூரிய ஆற்றல் திட்டம், சந்தை மேம்பாடு, வசதி, தகவல் தொழில்நுட்பம், பவர் லூம் திட்டங்களுக்கான விழிப்புணர்வு மற்றும் விளம்பரம், டெக்ஸ் வென்ச்சர் கேபிடல் ஃபண்ட், கிராண்ட்-இன்-எய்ட் மற்றும் நவீனமயமாக்கல் மற்றும் பவர் லூம் சேவை மையங்களின் (பி.எஸ்.சி) மேம்படுத்தல். 2013 ஆம் ஆண்டில் மேற்கொள்ளப்பட்ட ஒரு பவர்லூம் கணக்கெடுப்பின்படி, பரவலாக்கப்பட்ட துறையில் 24.86 லட்சம் பவர்லூம்கள் உள்ளன, அவற்றில் 1.03 லட்சம் (4.1%) விண்கலம் இல்லாத தறிகள். இது மொத்த துணி உற்பத்தியில் 57% க்கும் அதிகமாக உள்ளது மற்றும் கிட்டத்தட்ட 44.86 லட்சம் பேருக்கு வேலைவாய்ப்பு வழங்குகிறது. பவர்லூம்களால் தயாரிக்கப்படும் சுமார் 60% துணிகள் மற்றும் ஆடைகள் ஏற்றுமதி செய்யப்படுகின்றன.",
               "schemeEligiiblity":"பதிவு செய்ய விண்ணப்பதாரர் பின்வரும் விவரங்களை பூர்த்தி செய்ய வேண்டும்: நிறுவன விவரம், தொடர்பு நபர் விவரங்கள், கடித விவரங்கள், சரிபார்ப்புக் குறியீடு.",
               "schemeTargetGroup":"இது 12 வது ஐந்தாண்டு திட்டத்தில் 1 லட்சம் வெற்று பவர்லூம்களை இலக்காகக் கொண்டு தர மேம்பாட்டிற்கான கூடுதல் இணைப்புகளுடன் பொருத்தப்பட்டது.",
               "schemeMiscDetails":"இது 2017-18 முதல் மூன்று ஆண்டுகளுக்கு ரூ.487 கோடி ரூபாய்.",
               "schemeDepartments":"NIL"
            },
            {
               "schemeUiId":"M_0034_S_004",
               "schemeName":"திட்டம் SU.RE (நிலையான தீர்மானம்)",
               "schemeObj":"இந்திய பேஷன் தொழிலுக்கு ஒரு நிலையான பாதையை அமைப்பது இந்தியாவின் ஆடைத் துறையின் உறுதிப்பாடாகும். இது ஒரு சுத்தமான சூழலுக்கு பங்களிக்கும் ஃபேஷன் நோக்கி ஆடைத் தொழிலை நகர்த்த முயல்கிறது.",
               "schemeDesc":"மத்திய ஜவுளித்துறை அமைச்சர் ஸ்மிருதி ஜூபின் இரானி திட்ட SURE ஐ தொடங்கினார். தூய்மையான சூழலுக்கு பங்களிக்கும் நிலையான பேஷனை நோக்கி நகர்வதை இந்த திட்டம் நோக்கமாகக் கொண்டுள்ளது. தொழிற்துறையின் முக்கியமான நிலைத்தன்மையின் குறிக்கோள்களை நிறுவுவதற்கான ஒரு பரந்த கட்டமைப்பை படிப்படியாக அறிமுகப்படுத்துவதற்கான ஆடைத் துறையின் முதல் முழுமையான முயற்சி இது. இந்த திட்டம் முன்னணி தொழில்துறை சங்கமான சி.எம்.ஏ.ஐ மற்றும் நிலையான பேஷன் ஐ.எம்.ஜி ரிலையன்ஸ் நிறுவனத்துடன் இயக்கப்படுகிறது. ஐந்து அம்ச நிலையான தீர்மானம் பின்வருமாறு: உற்பத்தி செய்யப்படும் தற்போதைய ஆடைகளின் சுற்றுச்சூழல் தாக்கத்தை புரிந்துகொள்வது, சூழல் நட்பு மூலப்பொருட்களின் ஆதாரம் இது தொடர்பான கொள்கையை உருவாக்குதல், நுகர்வோர் மற்றும் ஊடகங்களுடன் எங்கள் நிலைத்தன்மை முயற்சிகளை திறம்பட தொடர்புகொள்வது, இந்த நடவடிக்கைகளின் மூலம், எங்கள் விநியோகச் சங்கிலியின் கணிசமான சதவீதத்தை 2025 ஆம் ஆண்டளவில் நிலையான சங்கிலியாக மாற்றவும். எதிர்கால குழுமம், ஆதித்யா பிர்லா சில்லறை போன்ற சிறந்த பேஷன் மற்றும் சில்லறை பிராண்டுகள் , ஷாப்பர்ஸ் ஸ்டாப், அரவிந்த் பிராண்ட்ஸ், மேக்ஸ், லைஃப்ஸ்டைல், ரேமண்ட், ஹவுஸ் ஆஃப் அனிதா டோங்ரே, வெஸ்டைட், ஸ்பைக்கர், லெவிஸ், பெஸ்ட்செல்லர்ஸ் மற்றும் டிரெண்ட்ஸ் ஆகியவை இந்த திட்டத்தில் கையொப்பமிட்டவை. இந்த கையொப்பமிடப்பட்ட ஃபேஷன் மற்றும் சில்லறை பிராண்டுகள் 2025 ஆம் ஆண்டளவில் நிலையான மூலப்பொருட்கள் மற்றும் செயல்முறைகளைப் பயன்படுத்தி அவற்றின் மொத்த நுகர்வுகளில் கணிசமான பகுதியை ஆதாரமாக அல்லது பயன்படுத்த உறுதி அளித்துள்ளன. இன்று எடுக்கப்பட்ட நடவடிக்கை பொறுப்புள்ள வணிகத்திற்கு மட்டுமல்ல, ஸ்மார்ட் வணிகத்திற்கும் உதவுகிறது. தயாரிப்புகளைத் தேர்ந்தெடுக்கும்போது நுகர்வோர் கருத்தில் கொள்ளும் 4 வது அளவுகோல் நிலைத்தன்மை என்று நிலைத்தன்மை அறிக்கை 2018 கூறுகிறது.",
               "schemeEligiiblity":"NIL",
               "schemeTargetGroup":"தொழிற்துறைக்கான முக்கியமான நிலைத்தன்மையின் குறிக்கோள்களை நிறுவுவதற்கான ஒரு பரந்த கட்டமைப்பை படிப்படியாக அறிமுகப்படுத்துவதற்கான ஆடைத் துறையின் முதல் முழுமையான முயற்சியாக இந்த திட்டம் இருக்கும். இந்த கட்டமைப்பானது தொழில்துறையின் கார்பன் உமிழ்வைக் குறைக்கவும், வள செயல்திறனை அதிகரிக்கவும், கழிவு மற்றும் நீர் நிர்வாகத்தை சமாளிக்கவும், நீண்டகால நிலைத்தன்மை இலக்குகளை அடைய சாதகமான சமூக தாக்கத்தை உருவாக்கவும் உதவும்.",
               "schemeMiscDetails":"இதற்கு முன்னர் இந்தியாவின் மிகப்பெரிய பிராண்டுகள் 16 பூமியைக் காப்பாற்ற ஒன்றிணைந்ததில்லை. தீர்மானத்திற்கு கையெழுத்திட்ட 16 பேரின் ஒருங்கிணைந்த தொழில் மதிப்பு சுமார் 30,000 கோடி ரூபாய்",
               "schemeDepartments":"NIL"
            },
           {
               "schemeUiId":"M_0034_S_005",
               "schemeName":"டெக்ஸ்டைல்ஸ் செக்டர்-சமாரத்தில் திறன் மேம்பாட்டிற்கான திட்டம்",
               "schemeObj":"ஒழுங்கமைக்கப்பட்ட ஜவுளி மற்றும் தொடர்புடைய துறைகளில் வேலைவாய்ப்புகளை உருவாக்குவதில் தொழில்துறையின் முயற்சிகளை ஊக்குவிப்பதற்காக தேவை உந்துதல், வேலைவாய்ப்பு சார்ந்த திறன் திட்டத்தை வழங்குவதே திட்டத்தின் நோக்கங்கள்; ஜவுளி அமைச்சின் அந்தந்த துறை பிரிவுகள் / அமைப்புகள் மூலம் பாரம்பரிய துறைகளில் திறன் மற்றும் திறனை மேம்படுத்துதல்; மற்றும் நாடு முழுவதும் சமூகத்தின் அனைத்து பிரிவுகளுக்கும் வாழ்வாதாரத்தை வழங்குதல்.",
               "schemeDesc":"ஜவுளித் துறையில் (எஸ்.சி.பி.டி.எஸ்) திறன் மேம்பாட்டுக்கான திட்டத்திற்கு மத்திய அரசின் மத்திய அமைச்சரவை ஒப்புதல் அளித்துள்ளது. பின்னர், இந்த திட்டம் ஒழுங்கமைக்கப்பட்ட ஜவுளி மற்றும் பிற தொடர்புடைய துறைகளில் வேலைகளை வழங்க திறன் மேம்பாட்டு பயிற்சி அளிக்கும். அதன்படி, அரசு இந்த திட்டத்திற்காக 2017-18 முதல் 2019-20 வரையிலான காலத்திற்கு 1300 கோடி ரூபாய் செலவிடப்படும். இந்த திட்டத்தின் கீழ், மத்திய அரசு தேசிய திறன் தகுதி கட்டமைப்பிற்கு (NSQF) இணங்க பல்வேறு பயிற்சி வகுப்புகளை வழங்கும். இந்த படிப்புகளுக்கான நிதி திறன் மேம்பாடு மற்றும் தொழில் முனைவோர் அமைச்சகம் (எம்.எஸ்.டி.இ) குறிப்பிட்டுள்ள விதிமுறைகளின்படி இருக்கும். இது பாரம்பரிய துறைகளில் திறமை மற்றும் திறனை மேம்படுத்துவதை அந்தந்த துறை பிரிவுகள் / ஜவுளி அமைச்சின் அமைப்புகள் மூலம் ஊக்குவிக்கவும் நாடு முழுவதும் சமூகத்தின் அனைத்து பிரிவுகளுக்கும் வாழ்வாதாரத்தை வழங்கவும் முயல்கிறது. ஜவுளித் தொழில் / அலகுகள், புகழ்பெற்ற பயிற்சி நிறுவனங்கள் மற்றும் ஜவுளித் துறை அமைச்சகம் / மாநில அரசுகள் மூலம் ஜவுளித் தொழில் / அலகுகளுடன் வேலைவாய்ப்பு இணைப்புகளைக் கொண்ட திறன் திட்டங்கள் செயல்படுத்தப்படும். இந்த திட்டத்தின் மூலம் ஜவுளித் துறையின் பல்வேறு பிரிவுகளில் 10 லட்சம் பேர் திறமையானவர்கள் மற்றும் சான்றிதழ் பெறுவார்கள் என்று எதிர்பார்க்கப்படுகிறது, அவர்களில் 1 லட்சம் பேர் பாரம்பரிய துறைகளில் இருப்பார்கள்.",
               "schemeEligiiblity":"துறை பிந்தைய பயிற்சியில் பெண்களின் உயர் மட்ட வேலைவாய்ப்பை ஒப்புக் கொண்டு, அனைத்து கூட்டாளர் நிறுவனங்களும் பணியிடங்களில் பெண்களை பாலியல் துன்புறுத்தல் (தடுப்பு, தடை மற்றும் குறைத்தல்) சட்டம், 2013 இன் கீழ் அமைக்கப்படவுள்ள உள் புகார்கள் குழு தொடர்பான வழிகாட்டுதல்களை பின்பற்ற வேண்டும். திட்டத்தின் கீழ் நிதியுதவி பெற தகுதியுடையவர்.",
               "schemeTargetGroup":"இந்தத் திட்டத்தின் கீழ், 10.84 லட்சம் பேருக்கு பயிற்சி அளிப்பதே இலக்கு, அதில் 10.12 லட்சம் மதிப்பீடு செய்யப்பட்டு 8.05 லட்சம் வைக்கப்பட்டுள்ளது.",
               "schemeMiscDetails":"10 லட்சத்துக்கும் மேற்பட்டவர்களுக்கு பயிற்சி அளிக்கப்பட்டுள்ளது, அதில் 70% க்கும் அதிகமான பெண்கள். இந்த திட்டத்தின் கீழ் ஒரு முக்கிய பிரிவான ஆடைத் தொழில் பெரும்பாலும் பெண்களைப் பயன்படுத்துகிறது (சுமார் 70%) என்பதைக் கருத்தில் கொண்டு, புதிய திட்டத்தில் போக்கு தொடர வாய்ப்புள்ளது.",
               "schemeDepartments":"NIL"
            },
            {
               "schemeUiId":"M_0034_S_006",
               "schemeName":"மேம்படுத்தப்பட்ட தொழில்நுட்ப மேம்பாட்டு நிதி திட்டம் (ATUFS)",
               "schemeObj":"ஆடை மற்றும் ஆடைத் தொழிலை ஊக்குவிப்பதன் மூலம் வேலைவாய்ப்பு உருவாக்கம் மற்றும் ஏற்றுமதி, இது குறிப்பாக பெண்களுக்கு வேலைவாய்ப்பை வழங்கும் மற்றும் உலகளாவிய ஏற்றுமதியில் இந்தியாவின் பங்கை அதிகரிக்கும். ஏற்றுமதி மற்றும் வேலைவாய்ப்புக்காக சூரிய உதயத் துறையான தொழில்நுட்ப ஜவுளி ஊக்குவித்தல். தரம் மற்றும் உற்பத்தித்திறனை மேம்படுத்துவதற்காக இருக்கும் தறிகளை சிறந்த தொழில்நுட்ப தறிகளாக மாற்றுவதை ஊக்குவித்தல். பதப்படுத்தும் துறையில் சிறந்த தரத்தை ஊக்குவித்தல் மற்றும் ஆடைத் துறையால் துணிகளை இறக்குமதி செய்வதன் அவசியத்தை சரிபார்க்கவும்.",
               "schemeDesc":"தொழில்நுட்ப மேம்பாட்டு நிதி திட்டம் (TUFS) என்பது இந்தியாவில் நவீன மற்றும் துடிப்பான ஜவுளித் தொழிலை உருவாக்குவதை நோக்கமாகக் கொண்ட ஜவுளி அமைச்சின் முதன்மை திட்டமாகும். TUFS திட்டம் முதலில் 1999 ஆம் ஆண்டில் அறிமுகப்படுத்தப்பட்டது மற்றும் பல ஆண்டுகளாக மாற்றியமைக்கப்பட்ட தொழில்நுட்ப மேம்பாட்டு நிதி திட்டம் (MTUFS), மறுசீரமைக்கப்பட்ட தொழில்நுட்ப மேம்பாட்டு நிதி திட்டம் (RTUFS), திருத்தப்பட்ட மறுசீரமைக்கப்பட்ட தொழில்நுட்ப மேம்பாட்டு நிதி திட்டம் (RRTUFS) மற்றும் இறுதியாக இப்போது திருத்தப்பட்ட தொழில்நுட்ப மேம்பாடு என உருவாகியுள்ளது நிதி திட்டம் (ATUFS). திருத்தப்பட்ட TUFS திட்டத்திற்கு மொத்தம் ரூ .17822 கோடி ஒப்புதல் அளிக்கப்பட்டுள்ளது, அதில் ATUFS திட்டத்தை அறிமுகப்படுத்துவதற்கு முன்பு TUFS திட்டங்களின் கீழ் செய்யப்படும் பொறுப்பை ஆதரிக்க ரூ .12671 கோடி பயன்படுத்தப்படும். ATUFS திட்டத்தின் கீழ் விண்ணப்பதாரர்களுக்கு மொத்தம் ரூ .5151 கோடி ஒதுக்கப்பட்டுள்ளது. ATUFS இன் கீழ், தகுதிவாய்ந்த பெஞ்ச்மார்க் செய்யப்பட்ட இயந்திரங்களுக்கு ஒரு முறை மூலதன மானியத்தை ஆடைகளுக்கு 15% என்ற விகிதத்தில் வழங்கப்படுகிறது. இந்தத் திட்டம் கடன் இணைக்கப்பட்டதாக இருக்கும், மேலும் கடன் வழங்கும் ஏஜென்சிகளால் அனுமதிக்கப்பட்ட கால கடனின் வரையறுக்கப்பட்ட வரம்பால் தொழில்நுட்ப மேம்பாட்டிற்கான திட்டங்கள் ATUFS இன் கீழ் நன்மை வழங்க மட்டுமே தகுதியுடையதாக இருக்கும். 10% கூடுதல் ஊக்கத்தொகை ஆடை மற்றும் தயாரிக்கப்படும் இரண்டிற்கும் வழங்கப்படும் ATUFS இன் கீழ் பதிவுசெய்யப்பட்ட வேலைவாய்ப்புகளை அடைவதற்கு பதிவுசெய்யப்பட்ட அலகுகள்.",
               "schemeEligiiblity":"பின்வரும் துறைகளின் கீழ் வரும் அந்த உரிமைகள் மட்டுமே விண்ணப்பிக்க தகுதியுடையவை: நெசவு, நெசவு தயாரிப்பு மற்றும் பின்னல், இழைகள், நூல்கள், துணிகள், ஆடைகள் மற்றும் பதப்படுத்தப்பட்டவை, கைத்தறி துறை, பட்டுத் துறை, சணல் துறை, கார்மெட் / தயாரிக்கப்பட்ட உற்பத்தி, தொழில்நுட்பம் ஜவுளி.",
               "schemeTargetGroup":"NIL",
               "schemeMiscDetails":"திருத்தப்பட்ட TUFS திட்டத்தின் கீழ், இரண்டு பரந்த பிரிவுகள் இருக்கும்: ஆடை, ஆடை மற்றும் தொழில்நுட்ப ஜவுளி, அங்கு மூலதன முதலீட்டில் 15% மானியம் வழங்கப்படும், இது ஐந்து ஆண்டுகளுக்கு தொழில்முனைவோருக்கு 30 கோடி ரூபாய் உச்சவரம்புக்கு உட்பட்டது.",
               "schemeDepartments":"NIL"
            },
            {
               "schemeUiId":"M_0034_S_007",
               "schemeName":"தீன்தயால் ஹஸ்த்கலா சங்குல்",
               "schemeObj":"தீன்தயால் ஹஸ்த்கலா சங்குல் வர்த்தக வசதி மையம் கிராமப்புறங்களின் தள்ளுபடிகள் மற்றும் கைவினைஞர்களுக்கு அவர்களின் திறமை மற்றும் கைவினைப்பொருட்களை வெளிப்படுத்த உதவும். இந்த மையம் கலைஞர்களுக்கு ஒரு சிறந்த வாழ்க்கை முறையை வழங்க உதவும், ஏனெனில் அவர்கள் ஒரு பெரிய வாடிக்கையாளர் தளத்தைப் பெற வேண்டும். இந்த கைவினைப்பொருட்கள் சுற்றுலா திறனை மேம்படுத்துவதோடு வாரணாசியின் பொருளாதாரத்தையும் உயர்த்தும். இது பட்டு பொருட்கள், கை தறிகள் மற்றும் கைவினைப்பொருட்களை ஊக்குவிக்கும். இந்த உள்ளூர் தயாரிப்புகள் உலகம் முழுவதும் பிரபலமடைய இது உதவும்.",
               "schemeDesc":"தீன்தயால் ஹஸ்த்கலா சங்குல் (வர்த்தக மையம் மற்றும் அருங்காட்சியகம்) என்பது ஒரு நவீன மற்றும் ஒருங்கிணைந்த வசதி ஆகும். வாரணாசி மற்றும் அருகிலுள்ள பகுதிகளின் கைத்தறி மற்றும் கைவினைத் துறையை ஆதரிப்பதற்காக, வர்த்தக மேம்பாட்டிற்கான தளத்தை வழங்குவதன் மூலமும், உள்நாட்டு மற்றும் சர்வதேச வாங்குபவர்களுக்கு வசதி செய்வதன் மூலமும், வாரணாசி பிராந்தியத்தின் கைத்தறி மற்றும் கைவினைப் பொருட்களின் வளமான மரபுகளை முன்னெடுத்துச் செல்வதன் மூலமும். இந்த வளாகம் தோராயமாக ஒரு தொடர்ச்சியான நிலத்தில் உருவாக்கப்பட்டுள்ளது. 7.93 ஏக்கர், வாரணாசியின் படா லல்பூரில். இந்த திட்டம் தோராயமாக வளர்ந்த பகுதியை உள்ளடக்கியது. 43,450 சதுர மீட்டர், கடைகள், உணவு கியோஸ்க்கள், உணவகங்கள், மார்ட்ஸ் / அலுவலகங்கள், வங்கி மற்றும் ஏடிஎம், வெளிநாட்டு நாணய மாற்று அலுவலகம், விருந்தினர் அறைகள், தங்குமிடங்கள், ஸ்டால்கள் / கியோஸ்க்கள், 500 க்கும் மேற்பட்ட கார்களுக்கான பார்க்கிங் வசதி, கலாச்சார மற்றும் சமூக செயல்பாடுகளுக்கான இடம் , கைத்தறி மற்றும் கைவினைக் கண்காட்சிகள், கைவினை அருங்காட்சியகம் மற்றும் ஆம்பிதியேட்டர் மற்றும் நினைவு பரிசு கடை. தீண்டயால் ஹஸ்த்கலா சங்குல் (வர்த்தக மையம் மற்றும் அருங்காட்சியகம்) இல் வழங்கப்படும் கலை வசதிகளின் நிலை, தானியங்கி கட்டிட மேலாண்மை அமைப்புகள் (பி.எம்.எஸ்), மத்திய ஏர் கண்டிஷனிங் மற்றும் காற்றோட்டம் அமைப்புகள், மின் காப்புப்பிரதி, தீ பாதுகாப்பு மற்றும் பொது முகவரி அமைப்புகள், லிஃப்ட் / எஸ்கலேட்டர்கள் அனைத்து மட்டங்களிலும் பொது நடமாட்டத்தை எளிதாக்குதல் மற்றும் பாதுகாப்பு மற்றும் பாதுகாப்பிற்காக மையமாக கண்காணிக்கப்படும் சி.சி.டி.வி அமைப்பு. துணை உள்கட்டமைப்பு மேற்பரப்பு மற்றும் அடித்தள பார்க்கிங் வசதிகளை உள்ளடக்கியது.",
               "schemeEligiiblity":"விண்ணப்பதாரர் பின்வரும் குறைந்தபட்ச தகுதிகளை பூர்த்தி செய்ய வேண்டும்: விண்ணப்பதாரர் இந்த ஆர்.எஃப்.பியின் கால தாளில் வரையறுக்கப்பட்டுள்ளபடி வாரணாசி மாவட்டத்திலோ அல்லது அருகிலுள்ள மாவட்டங்களிலோ ஏற்கனவே நிறுவப்பட்டிருக்க வேண்டும்.",
               "schemeTargetGroup":"NIL",
               "schemeMiscDetails":"இந்த திட்டம் 7.93 ஏக்கர் பரப்பளவில் உள்ளது, 43,450 சதுர மீட்டர் பரப்பளவு கொண்டது",
               "schemeDepartments":"NIL"
            },
            {
               "schemeUiId":"M_0034_S_008",
               "schemeName":"சாதி (சிறு அளவிலான தொழில்களுக்கு உதவ திறமையான ஜவுளி தொழில்நுட்பத்தின் நிலையான மற்றும் விரைவான தத்தெடுப்பு)",
               "schemeObj":"பவர்லூம் துறையில் எரிசக்தி திறமையான ஜவுளி தொழில்நுட்பங்களை ஏற்றுக்கொள்வதையும், அத்தகைய தொழில்நுட்பத்தைப் பயன்படுத்துவதால் செலவு சேமிப்பையும் தக்க வைத்துக் கொள்ளவும்.",
               "schemeDesc":"சாதி (சிறு தொழில்களுக்கு உதவ திறமையான ஜவுளி தொழில்நுட்பங்களின் நிலையான மற்றும் விரைவான தத்தெடுப்பு) என்ற புதிய முயற்சியைத் தொடங்க மின் மற்றும் ஜவுளி அமைச்சகங்கள் கைகோர்த்துள்ளன. இந்த முயற்சியின் கீழ், எரிசக்தி அமைச்சின் நிர்வாக கட்டுப்பாட்டின் கீழ் உள்ள பொதுத்துறை நிறுவனமான எரிசக்தி திறன் சேவைகள் லிமிடெட் (ஈஇஎஸ்எல்) எரிசக்தி திறன் கொண்ட பவர்லூம்கள், மோட்டார்கள் போன்றவற்றை மொத்தமாக வாங்குவதோடு சிறிய மற்றும் நடுத்தர பவர்லூம் அலகுகளுக்கு எந்தவொரு வெளிப்படையான செலவும் இல்லாமல் வழங்கும் . இந்த திறமையான உபகரணங்களைப் பயன்படுத்துவது யூனிட் உரிமையாளருக்கு ஆற்றல் சேமிப்பு மற்றும் செலவு சேமிப்பு ஆகியவற்றை ஏற்படுத்தும், மேலும் அவர் 4 முதல் 5 ஆண்டு காலப்பகுதியில் EESL க்கு தவணைகளில் திருப்பிச் செலுத்துவார். எல்.ஈ.டி பல்புகள், ஸ்மார்ட் மீட்டர் மற்றும் மின்சார வாகனங்கள் போன்ற பல துறைகளில் ஈ.இ.எஸ்.எல் வெற்றிகரமாக பயன்படுத்தப்பட்ட திரட்டல், மொத்த கொள்முதல் மற்றும் நிதி மாதிரி இது. இந்தியாவில் பவர்லூம் துறை முக்கியமாக ஒரு அமைப்புசாரா துறையாகும், மேலும் ஏராளமான மைக்ரோ மற்றும் சிறிய அலகுகளைக் கொண்டுள்ளது, இது நாட்டின் மொத்த துணியில் 57 சதவீதத்தை உற்பத்தி செய்கிறது. இந்த நாட்டில் 24.86 லட்சம் பவர்லூம் அலகுகள் உள்ளன, அவற்றில் பெரும்பாலானவை வழக்கற்றுப்போன தொழில்நுட்பத்தைப் பயன்படுத்துகின்றன. தொழில்நுட்பத்தை மேம்படுத்தும் நோக்கில், எளிய பவர்லூம்களை மேம்படுத்துவதை இந்திய அரசு செயல்படுத்தி வருகிறது. சாதி முன்முயற்சியைத் தவிர, பல்கலைக்கழகங்கள் மற்றும் ஐ.ஐ.டி போன்றவற்றில் சிறப்பாக செயல்படும் 100 துறைகளுக்கு கூடுதல் நிதி 2020 ஆம் ஆண்டில் அவர்களின் ஆராய்ச்சி வசதிகளை உலகளாவிய வரையறைகளுக்கு மேம்படுத்துவதற்காக வழங்கப்படும். இந்த ஆதரவு துறைகளின் ஆராய்ச்சி முயற்சிகள் உற்பத்தி, கழிவு பதப்படுத்துதல், தூய்மையான எரிசக்தி மற்றும் நீர் மற்றும் ஸ்டார்ட்-அப் இந்தியா போன்றவற்றில் சிறந்து விளங்கும் தேசிய முன்னுரிமைகளுடன் ஒத்ததாக இருக்கும்.",
               "schemeEligiiblity":"NIL",
               "schemeTargetGroup":"செயல்படுத்தலைத் தொடங்க, ஈரோட், சூரத், இச்சல்கரஞ்சி போன்ற முக்கிய கிளஸ்டர்களில் கொத்து வாரியான ஆர்ப்பாட்டத் திட்டங்கள் மற்றும் பட்டறைகள் ஏற்பாடு செய்யப்படும்.",
               "schemeMiscDetails":"1.70 லட்சம் வெற்று மின்சக்தித் திட்டங்கள் அரசாங்க மானியத்தை வழங்குவதன் மூலம் மேம்படுத்தப்படுகின்றன",
               "schemeDepartments":"NIL"
            },
         ]
      },
         ]
      },
   