{
   "ListOfMinistries":[
      {
         "ministryId":1,
         "ministryName":"Ministry of Textiles",
         "ministrySchemesList":[
            {
               "schemeUiId":"M_0034_S_001",
               "schemeName":"SCHEME FOR INTEGRATED TEXTILE PARK (SITP)",
               "schemeObj":"The scheme operates to provide funding for private entrepreneurs to construct textile units with all the world-class infrastructure features. Identify the well-groomed location for the Textile Units to meet the geographical, social and international standards. Bring considerable growth in the export rate. Generate huge employment opportunities.",
               "schemeDesc":"The Scheme for Integrated Textile Parks (SITP) was launched in 2005 to provide the industry with State of the art world-class infrastructure facilities for setting up their textile units. SITP would create new parks of international standards at potential growth centres. This scheme envisages engaging of a panel of professional agencies for project identification and execution. Each Integrated Textile Park (ITP) under the scheme would normally have 50 units. The Scheme actively involves in the tactical discussions targeting the Industrial Clusters. The Scheme will cover infrastructure, building for production and other supporting activities. The ITP includes the key elements below: SPV should have the land registered under their name. Infrastructure including drainage, water, compound wall, power, waste treatments etc. Plants & Machinery for the efficient production of ITP. Building :labs with equipment, training centres, canteen, hostel, offices, recreation, marketing support. The Funds are released in the form of Bank Loans and Grant/Equity by the Ministry of Textiles, State Industrial Development Corporation (SIDC) and Industrial Project Management Consultant (IPMC). The Government of India releases the fund of Rs.40 Crores or the amount of 40% of the project budget, whichever is lesser. Whereas, GOI supports with 90% of the project cost subject to a ceiling of Rs.40 crores for first two projects (each) in the States of Arunachal, Assam, Manipur, Meghalaya, Mizoram, Nagaland, Tripura, Sikkim, Himachal, Uttarakhand and J & K. The nominee of the SPV – Park is the responsibility of the Central Government.",
               "schemeEligiiblity":"Industrial Associations. Entrepreneurs Association. State Government Agencies that fall into the main promoters of the Integrated Textile Parks (ITP). The Special Purpose Vehicle (SPV), a corporate body registered under the Companies Act, is assigned for the execution of the ITP. A Special Purpose Vehicle (SPV) is formed at each ITP by the Representatives of Local Industry (RLI), State Industrial and Infrastructural Corporation (SIIC) and other bodies of GOI. The net worth of each promoter should not be less than 1.5 times their total equity proposed in the project.",
               "schemeTargetGroup":"The scheme targets industrial clusters/locations with high growth potential, which require strategic interventions by way of providing world-class infrastructure support. The project cost will cover common infrastructure and buildings for production/support activities (including textiles engineering, accessories. packaging), depending on the needs of the ITP.",
               "schemeMiscDetails":"A budget not exceeding 2% of the yearly cost shall be issued for the Miscellaneous purposes. For Administrative expenditure, Evaluation, Studies, Research & Seminars, Avoiding Information Leakage, Advertisements and Employing an IT-enabled monitoring mechanism, etc.",
               "schemeDepartments":"NIL"
            },
           {
               "schemeUiId":"M_0034_S_002",
               "schemeName":"INTEGRATED SCHEME FOR DEVELOPMENT OF SILK INDUSTRY",
               "schemeObj":"Research and Development (R&D) activities are undertaken for developing and improvising food plants, silkworm breeds, and silkworm seed production techniques and improve the practices for silkworm rearing. Post cocoon operations are carried out for developing the utilization of post cocoon technologies. Four-tier seed multiplication network is maintained for the supply of nucleus and basic seeds to own state need production units. Quality certification to be given for the State and private units. All types of technical support are provided for the State seed production units. Silk production is analysed on a statistical basis for import and export market development. Price stabilization is made for Muga cocoons through raw materials, and financial managements of CSB units. Ensures the quality and purity of silk which is used for trading and promotion is made for pure silk products through silk mark.",
               "schemeDesc":"Under the Central Sector Scheme Silk Samagra an Integrated Scheme for Development of Silk Industry (ISDSI) implemented by Government of India through Central Silk Board (CSB) with a total outlay of Rs. 2161.68 crore for three years (2017-18 to 2019-20) for the overall development of silk industry in the Country with an objective to scale up production by improving the quality and productivity.  The scheme comprises four major components viz. (i) Research & Development, Training, Transfer of Technology and Information Technology Initiatives, (ii) Seed Organizations, (iii) Coordination and Market Development and (iv) Quality Certification Systems (QCS) / Export Brand Promotion and Technology Up-gradation. The scheme also comprises of various beneficiary oriented components to support Mulberry, Vanya and Post Cocoon Sectors. These interventions cover the major areas viz. (a) Development and expansion of host plant, (b) Strengthening and creation of Silkworm seed Multiplication infrastructure, (c) Development of farm and post-cocoon infrastructure, (d) Up-gradation of reeling and processing technologies in Silk, and (e) Capacity Building through Skill development / Enterprise Development Programme.  The above scheme interventions are expected to increase /improve the production and productivity of silk. The details of expected outcome of the scheme are as under: Increase the Silk production from the level of 30,348 MTs (Metric Tonne) during 2016-17 to 38,500 MTs by end of 2019-20, Increase the production of Bivoltine Import Substitute Silk to 8500 MTs from 5266 MTs in 2016-17, Increasing Vanya Raw Silk production to 11,500 MTs from 9075 in 2016-17 MTs, To produce International Grade Silk of 4A and above to minimize the import to bare  minimum, To generate additional employment to about 15 lakh person by reaching 100 lakh persons by end of March,2020 from the level of 85.10 lakh persons in 2016-17.",
               "schemeEligiiblity":"The Central Silk Board will support the respective State Governments for implementation of beneficiary oriented components under Silk Samagra. The beneficiaries are identified by respective State Sericulture Departments, and CSB will extend required assistance for this, wherever necessary, through a simple process after taking into consideration details like land holding, suitability for Sericulture, experience, infrastructure facility available etc. ",
               "schemeTargetGroup":"Increasing production of bivoltine silk to around 8500M < Ts p.a until 2020, Efficient use of R&D for improvement in production of silk per hectare from 100kg/hectare to 11kg/hectare, Cent.govt will provide improved reeling mechanism for mulberry and vanya silk.",
               "schemeMiscDetails":"82562 villages under 455 districts in 26 silk producing states have been covered under the scheme “Silk Samagra”.",
               "schemeDepartments":"NIL"
            },
            {
               "schemeUiId":"M_0034_S_003",
               "schemeName":"POWERTEX INDIA SCHEME",
               "schemeObj":"The PowerTex India scheme aims to boost common infrastructure and modernisation of the powerloom sector in the country.",
               "schemeDesc":"PowerTex India is an all-inclusive scheme that’s made for the development of the power loom sector which further addresses the unheard needs of the power loom sector. The Union Textiles Minister Shri. Smriti Irani had launched the scheme for developing the knitting and knitwear sector under the PowerTex India Scheme. The already introduced schemes are now modified with additional components, and new schemes are also added in an attempt to develop the sector further. It was launched by the Ministry of textiles.It is a comprehensive scheme for powerloom sector development, simultaneously at over 45 locations in the country. It has two schemes: Pradhan Mantri Credit Scheme (PMCS) for powerloom weavers and Solar energy scheme (SEC) for powerlooms. Components of The PowerTex India Scheme: In-situ Upgradation of Plain Power looms, Group Workshed Scheme, Yarn Bank Scheme, Common Facility Centre, Pradhan Mantri Credit Scheme for Power looms, Solar Energy Scheme for Power looms, Market Development, Facilitation, IT, Awareness, and Publicity for Power loom Schemes, Tex Venture Capital Fund, Grant-in-Aid and Modernisation & Upgradation of Power loom Service Centres (PSCs). According to a powerloom survey carried out in 2013, there are 24.86 lakh powerlooms in the decentralized sector, out of which 1.03 lakh (4.1%) are shuttleless looms. It accounts for more than 57% of the total cloth production and provides employment to nearly 44.86 lakh persons. Around 60% of fabrics and garments manufactured by powerlooms are exported.",
               "schemeEligiiblity":"The following details need to be filled by the applicant to register: Enterprise Detail, Contact Person Details, Correspondence Details, Verification Code.",
               "schemeTargetGroup":"It was launched in the 12th five year plan with a target of 1lakh plain powerlooms to be fitted with additional attachments for quality improvement.",
               "schemeMiscDetails":"It has outlay of Rs. 487 crores for three years from 2017-18.",
               "schemeDepartments":"NIL"
            },
            {
               "schemeUiId":"M_0034_S_004",
               "schemeName":"PROJECT SU.RE(Sustainable Resolution)",
               "schemeObj":"It is commitment by India’s apparel industry to set a sustainable pathway for Indian fashion industry. It also seeks to move apparel industry towards fashion that contributes to a clean environment.",
               "schemeDesc":"Union Minister for Textiles Smriti Zubin Irani launched Project SURE. The project aims to move towards sustainable fashion that contributes to a clean environment. It is first holistic effort by the apparel industry towards gradually introducing a broader framework for establishing critical sustainability goals for the industry. This project is driven by leading industry association CMAI, along with leader in sustainable fashion IMG Reliance.The five-point Sustainable Resolution is as follows: Understanding of the environmental impact of the current garments that are being produced, Sourcing of eco-friendly raw materials developing a policy related to it, Communicate our sustainability initiatives effectively to consumers and media, Through these actions, shift a significant percentage of our supply chain to a sustainable chain by the year 2025. Top fashion and retail brands like Future Group, Aditya Birla Retail, Shoppers Stop, Arvind Brands, Max, Lifestyle, Raymond, House of Anita Dongre, Westside, Spykar, Levis, Bestsellers and Trends are signatories to the project. These signatory fashion and retail brands have pledged to source or utilise substantial portion of their total consumption using sustainable raw materials and processes by 2025. The step taken today makes for not only responsible business but also smart business. The Sustainability Report 2018 states that sustainability is the 4th criterion considered by consumers while choosing products.",
               "schemeEligiiblity":"NIL",
               "schemeTargetGroup":"The project will be first holistic effort by the apparel industry towards gradually introducing a broader framework for establishing critical sustainability goals for the industry. This framework would help the industry reduce its carbon emissions, increase resource efficiency, tackle waste and water management, and create a positive social impact to achieve long-term sustainability targets.",
               "schemeMiscDetails":"Never before have 16 of the biggest brands of India come together to save the earth. The combined industry value of the the 16 signatories to the resolution is around 30,000 crore rupees. ",
               "schemeDepartments":"NIL"
            },
           {
               "schemeUiId":"M_0034_S_005",
               "schemeName":"SCHEME FOR CAPACITY BUILDING IN TEXTILES SECTOR -SAMARTH",
               "schemeObj":"The objectives of the scheme are to provide demand driven, placement oriented skilling programme to incentivize the efforts of the industry in creating jobs in the organized textile and related sectors; to promote skilling and skill up-gradation in the traditional sectors through respective Sectoral Divisions/organizations of Ministry of Textiles; and to provide livelihood to all sections of the society across the country.",
               "schemeDesc":"Union Cabinet of Central government approves Scheme for Capacity Building in Textile Sector (SCBTS). Subsequently, this scheme will provide skill development training to provide jobs in organized textile and other related sectors. Accordingly, govt. will spend Rs 1300 crore for this scheme for the period 2017-18 to 2019-20. Under this scheme, the central govt. will provide various training courses compliant to National Skill Qualification Framework (NSQF). The funds for these courses will be as per the norms specified by the Ministry of Skill Development and Entrepreneurship (MSDE). It also seeks to promote skilling and skill up-gradation in traditional sectors through respective Sectoral Divisions/organizations of Ministry of Textiles and also provide livelihood to all sections of society across the country. The skilling programmes will be implemented through textile Industry/Units, reputed training institutions and Institutions of Ministry of Textiles/State Governments having placement tie-ups with textile industry/units. 10 lakh people are expected to be skilled and certified in various segments of Textile Sector through the scheme, out of which 1 lakh will be in traditional sectors.",
               "schemeEligiiblity":"Acknowledging the high levels of employment of women in the sector post training, all partner institutions will be required to comply with the guidelines regarding Internal Complaints Committee to be constituted under the Sexual Harassment of Women at Workplace (Prevention, Prohibition & Redressal) Act, 2013 to become eligible for funding under the scheme.",
               "schemeTargetGroup":"Under this scheme, a target is to provide training to 10.84 lakh people will get training and out of which 10.12 lakh have been appraised and 8.05 lakhs have been placed.",
               "schemeMiscDetails":"More than 10 lakh people have been trained of which more than 70% were women. Considering that the apparel industry, a major segment to be covered under the scheme, employs majorly women (about 70%), the trend is likely to be continued in the new scheme.",
               "schemeDepartments":"NIL"
            },
            {
               "schemeUiId":"M_0034_S_006",
               "schemeName":"AMENDED TECHNOLOGY UPGRADATION FUND SCHEME (ATUFS)",
               "schemeObj":"Employment generation and export by encouraging the apparel and garment industry, which will provide employment to women in particular and increase India’s share in global exports. Promotion of Technical Textiles, a sunrise sector, for export and employment. Promoting the conversion of existing looms to better technology looms for improvement in quality and productivity. Encouraging better quality in the processing industry and checking the need for import of fabrics by the garment sector.",
               "schemeDesc":"Technology Upgradation Fund Scheme (TUFS) is the flagship scheme of the Ministry of Textiles aimed at creating a modern and vibrant textile industry in India. TUFS Scheme was originally introduced in the year 1999 and has evolved over the years as Modified Technology Upgradation Fund Scheme (MTUFS), Restructured Technology Upgradation Fund Scheme (RTUFS), Revised Restructured Technology Upgradataion Fund Scheme (RRTUFS) and finally now as Amended Technology Upgradation Fund Scheme (ATUFS). A total of Rs.17822 crores has been approved for the Amended TUFS Scheme, out of which Rs.12671 crores would be used for supporting the liability committed under TUFS Schemes prior to the introduction of ATUFS scheme. For applicants under the ATUFS scheme, a total of Rs.5151 crores has been allocated. Under ATUFS, there is a provision of a one-time capital subsidy for eligible benchmarked machinery at the rate of 15% for garments. The scheme will be credit linked and projects for technology upgradation covered by a prescribed limit of term loan sanctioned by the lending agencies will only be eligible for grant of benefit under ATUFS.The additional incentive of 10% will be provided to both the garmenting and made-ups units registered under ATUFS on achievement of employment projected by them.",
               "schemeEligiiblity":"Only those entitites that fall under the following sectors are eligible to apply: Weaving, Weaving Preparatory and Knitting, Processing of fibres, yarns, fabrics, garments and made up, Handloom Sector, Silk Sector, Jute Sector, Garmet/Made up manufacturing, Technical textiles.",
               "schemeTargetGroup":"NIL",
               "schemeMiscDetails":"Under the Amended TUFS scheme, there will be two broad categories: Apparel, Garment and Technical Textiles, where 15% subsidy would be provided on capital investment, subject to a ceiling of 30 crore rupees for entrepreneurs over a period of five years.",
               "schemeDepartments":"NIL"
            },
            {
               "schemeUiId":"M_0034_S_007",
               "schemeName":"Deendayal Hastkala Sankul",
               "schemeObj":"The DeenDayal Hastkala Sankul trade facilitation center would help the waivers and artisans of rural area to showcase their skills and handicrafts. This center would help to provide a better lifestyle to the artists as they must get a larger customer-base. These handicrafts would enhance the tourism potential and boost the economy of Varanasi. It would promote the silk products, hand-looms and handicrafts. It also would help these local products to be famous throughout the world.",
               "schemeDesc":"Deendayal Hastkala Sankul (Trade Centre & Museum) is a modern and integrated facility developed by Ministry of Textiles, Govt. of India to support Handloom and Handicraft sector of Varanasi and nearby areas, by providing platform for trade enhancement, facilitation to both domestic and international buyers and carry forward the rich traditions of Handloom and Handicrafts of Varanasi region. The complex has been developed over a contiguous land of approx. 7.93 acres, at Bada Lalpur, Varanasi. The project encompasses a developed area of approx. 43,450 square meter, with subcomponents including Shops, Food Kiosks, Restaurants, Marts / Offices, Bank and ATM, Foreign Currency Exchange Office, Guest Rooms, Dormitories, Stalls / Kiosks, parking facility for more than 500 cars, space for cultural and social functions, Handloom and Handicraft exhibitions, Craft Museum along with Amphitheatre and Souvenir Shop. The state of the art facilities offered at Deendayal Hastkala Sankul (Trade Centre & Museum), are equipped with automated Building Management Systems (BMS), central air conditioning and ventilation systems, power backup, fire protection and public address systems, lifts/escalators for ease of public movement on all levels and centrally monitored CCTV system for safety and security. Supporting infrastructure includes surface and basement parking facilities.",
               "schemeEligiiblity":"Applicant shall meet following minimum eligibility criteria: Applicant should have existing establishment in Varanasi district or adjoining districts as defined in Term Sheet of this RFP.",
               "schemeTargetGroup":"NIL",
               "schemeMiscDetails":"The project spans 7.93 acres, with a built-up area of 43,450 square meters.",
               "schemeDepartments":"NIL"
            },
            {
               "schemeUiId":"M_0034_S_008",
               "schemeName":"SAATHI (Sustainable and Accelerated Adoption of Efficient Textiles Technology to Help Small Scale Industries)",
               "schemeObj":"To sustain and accelerate the adoption of energy efficient textile technologies in the powerloom sector and cost savings due to use of such technology.",
               "schemeDesc":"Ministries of Power  and Textiles have joined hands to launch a new initiative, SAATHI (Sustainable and Accelerated Adoption of efficient Textile technologies to Help small Industries). Under this initiative, Energy Efficiency Services Limited (EESL), a public sector entity under the administrative control of Ministry of Power, would procure energy efficient Powerlooms, motors etc. in bulk and provide them to the small and medium Powerloom units at no upfront cost. The use of these efficient equipment would result in energy savings and cost savings to the unit owner and he would repay in installments to EESL over a 4 to 5 year period.  This is the aggregation, bulk procurement and financing model that EESL has successfully deployed in several sectors like LED bulbs, Smart Meters and Electric Vehicles. The Powerloom sector in India is predominantly an unorganized sector and has a large number of micro and small units which produce 57 percent of the total cloth in the country.  There are 24.86 lakhs Powerloom units in this country, most of whom use obsolete technology. With a view to upgrading the technology, the Government of India has been implementing the in-situ upgradation of  plain Powerlooms. Besides the SATHI initiative, extra funds to 100 top-performing departments in universities and IITs etc will be provided in 2020 for augmentation of their research facilities to global benchmarks. The research efforts of these supported departments will be in sync with the national priorities of excellence in manufacturing, waste processing, clean energy and water, and Start-up India, etc.",
               "schemeEligiiblity":"NIL",
               "schemeTargetGroup":"To kick start the implementation, cluster wise demonstration projects and workshops will be organised in key clusters such as Erode, Surat, Ichalkaranji, etc.",
               "schemeMiscDetails":"1.70 lakhs plain powerlooms are upgraded under the scheme by providing government subsidy.",
               "schemeDepartments":"NIL"
            },
         ]
      },
         ]
      },

