{
   "ListOfMinistries":[
      {
         "ministryId":1,
         "ministryName":"Ministry of Tourism",
         "ministrySchemesList":[
            {
               "schemeUiId":"M_0026_S_001",
               "schemeName":"Swadeshdarshan scheme",
               "schemeObj":"Identify and develop theme-based tourist circuits based on interest, sustainability and competitiveness, by integrating resources and local participation of state and local communities. The duration of Swadesh Darshan Scheme is till the 14th Finance Commission Period i.e. March 2020.",
               "schemeDesc":"India's rich cultural, historical, religious and natural heritage provides a huge potential for development of tourism and job creation in the country. There is a great scope and need to develop tourist circuits on specific themes to attract the tourists having special interest in visiting such places. The scheme was completely funded by the central government of India. There are 13 cities that are under consideration of development. These 13 cities are all pilgrimage sites. There are 13 tourist circuits that are proposed and started under the scheme. Under these 13 circuits there are many cities and sites are added for the visitors to get down there and enjoy their holiday. The scheme is a joint venture by the Central Government and Ministry of Tourism. By launching the scheme both the ministry will be able to develop the heritage cities of the nation and conserve them for the tourists from across the globe.Swadesh Darshan scheme is envisioned to synergise with other Government of India schemes like Swachh Bharat Abhiyan, Skill India, Make in India etc. Tourist Circuit is defined as a route having at least three major tourist destinations which are distinct and apart. Circuits should have well defined entry and exit points. A tourist who enters should get motivated to visit most of the places identified in the circuit. A Circuit could be confined to a State or could be a regional circuit covering more than one State/Union Territory. These circuits may have one dominant theme and other sub-themes. Projects under the scheme shall be under the following identified themes; Eco-tourism, Wildlife, Buddhist, Desert, Spiritual, Ramayana, Krishna, Coastal, Northeast, Rural, Himalayan, Tribal and Heritage.",
               "schemeEligiiblity":"The Implementing agency shall follow all codal formalities while awarding contracts for works/material/equipment procurement and ensure complete transparency in its transactions. E-tendering/ e-procurement will be compulsorily followed for all tenders.",
               "schemeTargetGroup":"The focus of tourism development plans is now on integrated development of enabling infrastructure through effective partnership with various stakeholders. ",
               "schemeMiscDetails":"In the 2016-17 Budget, according to the information available, the funds sanctioned under Swadesh Darshan include: The Himalayan Circuit: Rs 569.19 crore, The Coastal Circuit: Rs 414.26 crore, The Tribal Circuit: Rs 116.55 crore, The North-East Circuit: Rs 194.45 crore.",
               "schemeDepartments":"NIL"
            },
           {
               "schemeUiId":"M_0026_S_002",
               "schemeName":"Adopt A Heritage/Apni Dharohar Apnipehchan Project",
               "schemeObj":"Provide world class tourist facilities at various natural and cultural heritage sites, monuments and other tourist sites. Make these selected sites tourist friendly, enhance their tourist potential and cultural importance in planned and phased manner across the country.",
               "schemeDesc":"The ‘Adopt a Heritage: Apni Dharohar, Apni Pehchaan’ scheme is an initiative of the Ministry of Tourism, in collaboration with the Ministry of Culture and the Archaeological Survey of India. It was launched in September 2017 on World Tourism Day by President Ram Nath Kovind. The Project aims to develop synergy among all partners to effectively promote “responsible tourism”. It aims to involve public sector companies, private sector companies and corporate citizens/individuals to take up the responsibility for making our heritage and tourism more sustainable through development, operation and maintenance of world-class tourist infrastructure and amenities at ASI/ State heritage sites and other important tourist sites in India. The project primarily focusses on providing basic amenities that includes cleanliness, public conveniences, drinking water, ease of access for differently abled and senior citizens, standardized signage. Under the project a total of 31 agencies, (referred as Monument Mitras) have been approved, so far, to adopt a total of 95 Monuments/ tourist sites located across India. ‘The Adopt a Heritage’ is essentially a non-revenue generating project. It is part of responsible tourism where the ‘Monument Mitra’ essentially spends his CSR funds for upkeep and maintenance etc., and gets limited visibility.",
               "schemeEligiiblity":"The process for selection of the Monument Mitra, Heritage / tourist sites for adoption and the facilities/amenities for each site have been designed in a collaborative fashion so that necessary inputs from all stakeholders are 11 incorporated and procedures for required approvals are facilitated. ",
               "schemeTargetGroup":"The aim is enhancement of tourist experience and promotion of the incredible heritage sites to bring them on tourism map. The project primarily focusses on providing basic amenities that includes cleanliness, public conveniences, drinking water, ease of access for differently abled and senior citizens, standardized signage, illumination and advanced amenities such as surveillance system, night viewing facilities, tourism facilitation center and an enhanced tourism experience that will result in more tourist footfalls, both domestic and foreign.",
               "schemeMiscDetails":"NIL",
               "schemeDepartments":"NIL"
            },
            {
               "schemeUiId":"M_0026_S_003",
               "schemeName":"PRASAD scheme",
               "schemeObj":"To enhance tourism attractiveness in a sustainable manner. To harness pilgrimage tourism so that it directly affects and multiplies the employment generation and economic development. To promote local art and culture, handicraft and cuisines etc.",
               "schemeDesc":"Union Government has included Gangotri and Yamunotri in Uttrarakhand, Amarkantak in Madhya Pradesh and Parasnath in Jharkhand under Pilgrimage Rejuvenation and Spiritual, Heritage Augmentation Drive (PRASAD) to develop pilgrimage and heritage destinations in the country. With the new additions, the the number of sites under PRASAD has now reached to 41 in 25 states. It was launched in 2014-15 by Union Ministry of Tourism. It aims at integrated development of pilgrimage destinations in planned, prioritised and sustainable manner to provide complete religious tourism experience. It focuses on the development and beautification of the identified pilgrimage destinations. Infrastructure developments under PRASAD scheme such as roads, highways, rail network, near tourist spots pave the way for more hotels, restaurants, food and beverage shops, shopping malls and entertainment centres. The holistic development not only adds to tourism revenue but would also improves employment opportunities.A mission directorate, responsible for implementation of development plans, has been established under the Ministry of Tourism (MoT) that provides the financial assistance to various States and Union Territories (UTs) for aesthetic development and rejuvenation of these sites. A total Rs 100 crore were allocated for the scheme in the Union Budget 2017-18.",
               "schemeEligiiblity":"NIL",
               "schemeTargetGroup":"Focuses on identifying and developing the pilgrim sites across the country to enrich the religious tourism experience.",
               "schemeMiscDetails":"The Budget provision of rupees.15.60 crore was made in revised estimates 2014 – 2015. The first instalment of rupees.85.78 lakh was released under this scheme for the development of basic facilities at Vishnupad Temple, Gaya in Bihar.",
               "schemeDepartments":"NIL"
            },
            {
               "schemeUiId":"M_0026_S_004",
               "schemeName":"Hunar se rozgartak programme",
               "schemeObj":"The basic objective was to reduce, through this initiative, the skill gap that affected the hospitality and tourism sector. Another objective was to put in place a dispensation to ensure that the economic benefit of a growing tourism reached the poor.",
               "schemeDesc":"The Ministry of Tourism has launched a Skill Development Programme with an emphasis on the employability of the skills acquired. Hunar Se Rozgar Programme was started on 19th June 2009 and it is conducted by the Institute of Hotel Management, Shillong. Initially, the initiative covered only two trades, namely Food Production and Food and Beverage services. Trades namely Housekeeping and Bakery were added later. The training programmes relating to hospitality trades are largely conducted by the hospitality institutes sponsored by the MoT, by other institutes enlisted by and through the State Governments / UT Administration, and by star classified hotels. A class will have a minimum of 25 trainees and a maximum of 30. However, the programme will have an inclusive nature. In case the number of eligible candidates exceeds the requirement of a batch and there is a requirement of additional batches. In case of phasing the scheduling of candidates between batches will be on first-cum-first admitted basis. The trainees with minimum attendance of 90% will be required to appear in and end of the course test and those test and those pass it successfully will be awarded joint certificate of the NCHMCT/Institute concerned. The Principal will have the discretion for the reasons to be recorded to relax the attendance norm by 10% for the purpose of stipend and appearance in test. The Program will be funded under the MoT’s Scheme of Capacity Building for Service Providers under SuoMotu Initiatives.The MoT and the implementing Institute will be make conscious effort to facilitate employment of the pass-outfrom this Programme. Possibilities will also be explored for their employment at Mega Tourist Destinations. Efforts will also be made to organize campus recruitments by the stake holders in the Trade.",
               "schemeEligiiblity":"The minimum qualification for admission is 8th Class pass excluding graduates.",
               "schemeTargetGroup":"The training programmes will be open to 8th pass youth in the age group of 18 to 28 years.",
               "schemeMiscDetails":"A trainee who acquired with an attendance of 80% will be paid stipend of Rs. 1,500/- in respect of Food & Beverage Service Steward, Room Attendant and Front Office Associate course, Heritage Tour Guides and Tour Guide and Rs.2,000/- in respect of the Multi Cuisine Cook, Craft Baker and Unarmed Security Guard courses.",
               "schemeDepartments":"NIL"
            },
         ]
      },
         ]
      },

