{
   "ListOfMinistries":[
      {
         "ministryId":1,
         "ministryName":"சுற்றுலா அமைச்சகம்",
         "ministrySchemesList":[
       {
               "schemeUiId":"M_0026_S_001",
               "schemeName":"சுதேஷ்டர்ஷன் திட்டம்",
               "schemeObj":"வளங்கள் மற்றும் மாநில மற்றும் உள்ளூர் சமூகங்களின் உள்ளூர் பங்களிப்பை ஒருங்கிணைப்பதன் மூலம் ஆர்வம், நிலைத்தன்மை மற்றும் போட்டித்திறன் ஆகியவற்றின் அடிப்படையில் தீம் சார்ந்த சுற்றுலா சுற்றுகளை அடையாளம் கண்டு உருவாக்குங்கள். சுதேஷ் தரிசனத் திட்டத்தின் காலம் 14 வது நிதி ஆணைய காலம் அதாவது மார்ச் 2020 வரை.",
               "schemeDesc":"இந்தியாவின் வளமான கலாச்சார, வரலாற்று, மத மற்றும் இயற்கை பாரம்பரியம் நாட்டில் சுற்றுலா வளர்ச்சிக்கும் வேலைவாய்ப்பை உருவாக்குவதற்கும் பெரும் ஆற்றலை வழங்குகிறது. இதுபோன்ற இடங்களுக்குச் செல்வதில் சிறப்பு ஆர்வமுள்ள சுற்றுலாப் பயணிகளை ஈர்க்க ஒரு குறிப்பிட்ட நோக்கம் மற்றும் குறிப்பிட்ட கருப்பொருள்களில் சுற்றுலா சுற்றுகளை உருவாக்க வேண்டும். இத்திட்டத்திற்கு இந்திய மத்திய அரசு முழு நிதியுதவி அளித்தது. 13 நகரங்கள் அபிவிருத்தி பரிசீலனையில் உள்ளன. இந்த 13 நகரங்கள் அனைத்தும் புனித யாத்திரை தளங்கள். இந்த திட்டத்தின் கீழ் 13 சுற்றுலா சுற்றுகள் முன்மொழியப்பட்டு தொடங்கப்பட்டுள்ளன. இந்த 13 சுற்றுகளின் கீழ் பல நகரங்கள் உள்ளன மற்றும் பார்வையாளர்கள் அங்கு இறங்கி அவர்களின் விடுமுறையை அனுபவிக்க தளங்கள் சேர்க்கப்படுகின்றன. இந்த திட்டம் மத்திய அரசு மற்றும் சுற்றுலா அமைச்சின் கூட்டு முயற்சியாகும். இத்திட்டத்தைத் தொடங்குவதன் மூலம் அமைச்சின் இரு நாடுகளும் நாட்டின் பாரம்பரிய நகரங்களை அபிவிருத்தி செய்து உலகெங்கிலும் உள்ள சுற்றுலாப் பயணிகளுக்காக அவற்றைப் பாதுகாக்க முடியும். சுதேஷ் தரிசனம் திட்டம் இந்திய அரசு திட்டங்களான ஸ்வச் பாரத் அபியான், ஸ்கில் இந்தியா, மேக் இன் இந்தியா போன்றவை. சுற்றுலா சுற்று என்பது குறைந்தது மூன்று முக்கிய சுற்றுலாத் தலங்களைக் கொண்ட ஒரு பாதையாக வரையறுக்கப்படுகிறது. சுற்றுகள் நன்கு வரையறுக்கப்பட்ட நுழைவு மற்றும் வெளியேறும் புள்ளிகளைக் கொண்டிருக்க வேண்டும். நுழைந்த ஒரு சுற்றுலாப் பயணி சுற்று வட்டாரத்தில் அடையாளம் காணப்பட்ட பெரும்பாலான இடங்களைப் பார்வையிட உந்துதல் பெற வேண்டும். ஒரு சுற்று ஒரு மாநிலத்துடன் மட்டுப்படுத்தப்படலாம் அல்லது ஒன்றுக்கு மேற்பட்ட மாநில / யூனியன் பிரதேசங்களை உள்ளடக்கிய பிராந்திய சுற்றுகளாக இருக்கலாம். இந்த சுற்றுகளில் ஒரு மேலாதிக்க தீம் மற்றும் பிற துணை கருப்பொருள்கள் இருக்கலாம். திட்டத்தின் கீழ் உள்ள திட்டங்கள் பின்வரும் அடையாளம் காணப்பட்ட கருப்பொருள்களின் கீழ் இருக்கும்; சுற்றுச்சூழல் சுற்றுலா, வனவிலங்கு, ப Buddhist த்த, பாலைவனம், ஆன்மீகம், ராமாயணம், கிருஷ்ணா, கடலோர, வடகிழக்கு, கிராமப்புற, இமயமலை, பழங்குடி மற்றும் பாரம்பரியம்.",
               "schemeEligiiblity":"செயல்பாடுகள் / பொருள் / உபகரணங்கள் கொள்முதல் செய்வதற்கான ஒப்பந்தங்களை வழங்கும்போது, ​​அதன் பரிவர்த்தனைகளில் முழுமையான வெளிப்படைத்தன்மையை உறுதி செய்யும் போது செயல்படுத்தும் நிறுவனம் அனைத்து கோடல் முறைகளையும் பின்பற்றும். அனைத்து டெண்டர்களுக்கும் இ-டெண்டரிங் / இ-கொள்முதல் கட்டாயமாக பின்பற்றப்படும்.",
               "schemeTargetGroup":"சுற்றுலா மேம்பாட்டுத் திட்டங்களின் கவனம் இப்போது பல்வேறு பங்குதாரர்களுடன் பயனுள்ள கூட்டாண்மை மூலம் உள்கட்டமைப்பை செயல்படுத்துவதற்கான ஒருங்கிணைந்த வளர்ச்சியில் உள்ளது.",
               "schemeMiscDetails":"2016-17 வரவுசெலவுத் திட்டத்தில், கிடைத்த தகவல்களின்படி, சுதேஷ் தரிசனத்தின் கீழ் அனுமதிக்கப்பட்ட நிதிகள் பின்வருமாறு: இமயமலை சுற்று: ரூ. 569.19 கோடி, கடலோர சுற்று: ரூ .414.26 கோடி, பழங்குடியினர் சுற்று: ரூ .116.55 கோடி, வடகிழக்கு சுற்று : ரூ .194.45 கோடி.",
               "schemeDepartments":"NIL"
            },
           {
               "schemeUiId":"M_0026_S_002",
               "schemeName":"ஒரு பாரம்பரியம் / அப்னி தரோகர் அப்னிபெச்சன் திட்டத்தை ஏற்றுக்கொள்ளுங்கள்",
               "schemeObj":"பல்வேறு இயற்கை மற்றும் கலாச்சார பாரம்பரிய தளங்கள், நினைவுச்சின்னங்கள் மற்றும் பிற சுற்றுலா தளங்களில் உலகத்தரம் வாய்ந்த சுற்றுலா வசதிகளை வழங்குதல். இந்த தேர்ந்தெடுக்கப்பட்ட தளங்களை சுற்றுலா நட்புறவாக மாற்றவும், நாடு முழுவதும் திட்டமிடப்பட்ட மற்றும் கட்டமாக அவர்களின் சுற்றுலா திறனை மற்றும் கலாச்சார முக்கியத்துவத்தை மேம்படுத்தவும்.",
               "schemeDesc":"‘ஒரு பாரம்பரியத்தை ஏற்றுக்கொள்: அப்னி தரோஹர், அப்னி பெச்சான்’ திட்டம் சுற்றுலா அமைச்சின் ஒரு முன்முயற்சி ஆகும், இது கலாச்சார அமைச்சகம் மற்றும் இந்திய தொல்பொருள் ஆய்வுத் துறையுடன் இணைந்து செயல்படுகிறது. இது உலக சுற்றுலா தினத்தன்று செப்டம்பர் 2017 இல் ஜனாதிபதி ராம் நாத் கோவிந்தால் தொடங்கப்பட்டது. 'பொறுப்புள்ள சுற்றுலாவை' திறம்பட மேம்படுத்துவதற்காக அனைத்து கூட்டாளர்களிடையேயும் சினெர்ஜியை வளர்ப்பதே இந்த திட்டத்தின் நோக்கம். ஏ.எஸ்.ஐ / மாநில பாரம்பரிய தளங்களில் உலகத் தரம் வாய்ந்த சுற்றுலா உள்கட்டமைப்பு மற்றும் வசதிகளின் வளர்ச்சி, செயல்பாடு மற்றும் பராமரிப்பு ஆகியவற்றின் மூலம் நமது பாரம்பரியம் மற்றும் சுற்றுலாவை இன்னும் நிலையானதாக மாற்றுவதற்கான பொறுப்பை பொதுத்துறை நிறுவனங்கள், தனியார் துறை நிறுவனங்கள் மற்றும் கார்ப்பரேட் குடிமக்கள் / தனிநபர்கள் ஏற்றுக்கொள்வது இதன் நோக்கமாகும். இந்தியாவில் உள்ள மற்ற முக்கியமான சுற்றுலா தளங்கள். இந்த திட்டம் முதன்மையாக தூய்மை, பொது வசதிகள், குடிநீர், மாற்றுத்திறனாளிகள் மற்றும் மூத்த குடிமக்களுக்கான அணுகல் எளிமை, தரப்படுத்தப்பட்ட கையொப்பம் ஆகியவற்றை உள்ளடக்கிய அடிப்படை வசதிகளை வழங்குவதில் கவனம் செலுத்துகிறது. இந்த திட்டத்தின் கீழ் மொத்தம் 31 ஏஜென்சிகள் (நினைவுச்சின்னம் மித்ராஸ் என அழைக்கப்படுகின்றன), இந்தியா முழுவதும் அமைந்துள்ள மொத்தம் 95 நினைவுச்சின்னங்கள் / சுற்றுலா தளங்களை ஏற்க இதுவரை ஒப்புதல் அளிக்கப்பட்டுள்ளது. ‘ஒரு பாரம்பரியத்தை ஏற்றுக்கொள்’ என்பது அடிப்படையில் வருவாய் ஈட்டும் திட்டமாகும். இது பொறுப்பான சுற்றுலாவின் ஒரு பகுதியாகும், அங்கு ‘நினைவுச்சின்னம் மித்ரா’ தனது சி.எஸ்.ஆர் நிதியை பராமரித்தல் மற்றும் பராமரிப்பு போன்றவற்றிற்காக செலவழிக்கிறது, மேலும் குறைந்த அளவிலான தெரிவுநிலையைப் பெறுகிறது.",
               "schemeEligiiblity":"நினைவுச்சின்னம் மித்ரா, தத்தெடுப்பதற்கான பாரம்பரிய / சுற்றுலாத் தளங்கள் மற்றும் ஒவ்வொரு தளத்துக்கான வசதிகள் / வசதிகள் ஆகியவற்றைத் தேர்ந்தெடுப்பதற்கான செயல்முறை ஒரு கூட்டு பாணியில் வடிவமைக்கப்பட்டுள்ளது, இதனால் அனைத்து பங்குதாரர்களிடமிருந்தும் தேவையான உள்ளீடுகள் 11 இணைக்கப்பட்டு தேவையான ஒப்புதல்களுக்கான நடைமுறைகள் எளிதாக்கப்படுகின்றன.",
               "schemeTargetGroup":"சுற்றுலா அனுபவத்தை மேம்படுத்துவதும், நம்பமுடியாத பாரம்பரிய தளங்களை சுற்றுலா வரைபடத்தில் கொண்டு வருவதும் ஊக்குவிப்பதே இதன் நோக்கம். இந்த திட்டம் முதன்மையாக தூய்மை, பொது வசதிகள், குடிநீர், மாற்றுத்திறனாளிகள் மற்றும் மூத்த குடிமக்களுக்கான அணுகல் எளிமை, தரப்படுத்தப்பட்ட கையொப்பம், வெளிச்சம் மற்றும் கண்காணிப்பு அமைப்பு, இரவு பார்க்கும் வசதிகள், சுற்றுலா வசதி மையம் மற்றும் மேம்பட்ட வசதிகள் போன்ற அடிப்படை வசதிகளை வழங்குவதில் கவனம் செலுத்துகிறது. சுற்றுலா அனுபவம் உள்நாட்டு மற்றும் வெளிநாட்டு சுற்றுலா பயணிகளை அதிகப்படுத்தும்.",
               "schemeMiscDetails":"NIL",
               "schemeDepartments":"NIL"
            },
            {
               "schemeUiId":"M_0026_S_003",
               "schemeName":"பிரசாத் திட்டம்",
               "schemeObj":"சுற்றுலா கவர்ச்சியை நிலையான முறையில் மேம்படுத்துதல். புனித யாத்திரை சுற்றுலாவைப் பயன்படுத்துவதன் மூலம் வேலைவாய்ப்பு உருவாக்கம் மற்றும் பொருளாதார வளர்ச்சியை நேரடியாக பாதிக்கிறது மற்றும் பெருக்கும். உள்ளூர் கலை மற்றும் கலாச்சாரம், கைவினைப்பொருட்கள் மற்றும் உணவு வகைகள் போன்றவற்றை மேம்படுத்துவதற்காக.",
               "schemeDesc":"நாட்டில் புனித யாத்திரை புத்துணர்ச்சி மற்றும் ஆன்மீக, ஹெரிடேஜ் ஆக்மென்டேஷன் டிரைவ் (பிரசாத்) ஆகியவற்றின் கீழ் நாட்டில் யாத்திரை மற்றும் பாரம்பரிய இடங்களை அபிவிருத்தி செய்வதற்காக மத்திய அரசு உத்தரகண்டில் கங்கோத்ரி மற்றும் யமுனோத்ரி, மத்திய பிரதேசத்தில் அமர்கண்டக் மற்றும் ஜார்க்கண்டில் பராஸ்நாத் ஆகியவற்றை உள்ளடக்கியுள்ளது. புதிய சேர்த்தல்களுடன், PRASAD இன் கீழ் உள்ள தளங்களின் எண்ணிக்கை இப்போது 25 மாநிலங்களில் 41 ஆக உயர்ந்துள்ளது. இது 2014-15 ஆம் ஆண்டில் மத்திய சுற்றுலா அமைச்சகத்தால் தொடங்கப்பட்டது. முழுமையான மத சுற்றுலா அனுபவத்தை வழங்குவதற்காக திட்டமிடப்பட்ட, முன்னுரிமை மற்றும் நிலையான முறையில் புண்ணிய தலங்களின் ஒருங்கிணைந்த வளர்ச்சியை இது நோக்கமாகக் கொண்டுள்ளது. இது அடையாளம் காணப்பட்ட புண்ணிய தலங்களின் வளர்ச்சி மற்றும் அழகுபடுத்துவதில் கவனம் செலுத்துகிறது. சாலைகள், நெடுஞ்சாலைகள், ரயில் நெட்வொர்க், சுற்றுலா இடங்களுக்கு அருகிலுள்ள பிரசாட் திட்டத்தின் கீழ் உள்கட்டமைப்பு மேம்பாடுகள் அதிக ஹோட்டல்கள், உணவகங்கள், உணவு மற்றும் குளிர்பான கடைகள், வணிக வளாகங்கள் மற்றும் பொழுதுபோக்கு மையங்களுக்கு வழி வகுக்கின்றன. முழுமையான வளர்ச்சி சுற்றுலா வருவாயை அதிகரிப்பது மட்டுமல்லாமல் வேலை வாய்ப்புகளையும் மேம்படுத்துகிறது. பல்வேறு மாநிலங்கள் மற்றும் யூனியன் பிரதேசங்களுக்கு நிதி உதவி வழங்கும் சுற்றுலா அமைச்சகத்தின் (MoT) கீழ் ஒரு திட்ட இயக்குநரகம் நிறுவப்பட்டுள்ளது. UT கள்) இந்த தளங்களின் அழகியல் வளர்ச்சி மற்றும் புத்துணர்ச்சிக்காக. 2017-18 மத்திய பட்ஜெட்டில் இத்திட்டத்திற்காக மொத்தம் ரூ .100 கோடி ஒதுக்கீடு செய்யப்பட்டது.",
               "schemeEligiiblity":"NIL",
               "schemeTargetGroup":"மத சுற்றுலா அனுபவத்தை வளப்படுத்த நாடு முழுவதும் உள்ள யாத்ரீக இடங்களை அடையாளம் கண்டு வளர்ப்பதில் கவனம் செலுத்துகிறது.",
               "schemeMiscDetails":"பீகார் கயாவின் விஷ்ணுபாத் கோயிலில் அடிப்படை வசதிகளை மேம்படுத்துவதற்காக இந்த திட்டத்தின் கீழ் முதல் தவணை ரூபாய் 85.78 லட்சம் ரூபாய் ரூபாய் பட்ஜெட் ஒதுக்கீடு செய்யப்பட்டது.",
               "schemeDepartments":"NIL"
            },
            {
               "schemeUiId":"M_0026_S_004",
               "schemeName":"ஹுனார் செரோஸ்கார்டக் திட்டம்",
               "schemeObj":"இந்த முன்முயற்சியின் மூலம், விருந்தோம்பல் மற்றும் சுற்றுலாத் துறையை பாதிக்கும் திறன் இடைவெளியைக் குறைப்பதே அடிப்படை நோக்கமாக இருந்தது. மற்றொரு நோக்கம் வளர்ந்து வரும் சுற்றுலாவின் பொருளாதார நன்மை ஏழைகளுக்கு சென்றடைவதை உறுதி செய்வதற்கான ஒரு விநியோகத்தை வைப்பதாகும்.",
               "schemeDesc":"சுற்றுலா அமைச்சகம் ஒரு திறன் மேம்பாட்டு திட்டத்தை அறிமுகப்படுத்தியுள்ளது. ஹுனார் சே ரோஸ்கர் திட்டம் 19 ஜூன் 2009 அன்று தொடங்கப்பட்டது, இது ஷில்லாங்கின் ஹோட்டல் மேனேஜ்மென்ட் நிறுவனத்தால் நடத்தப்படுகிறது. ஆரம்பத்தில், இந்த முயற்சி உணவு உற்பத்தி மற்றும் உணவு மற்றும் பான சேவைகள் என்ற இரண்டு வர்த்தகங்களை மட்டுமே உள்ளடக்கியது. ஹவுஸ் கீப்பிங் மற்றும் பேக்கரி போன்ற வர்த்தகங்கள் பின்னர் சேர்க்கப்பட்டன. விருந்தோம்பல் வர்த்தகம் தொடர்பான பயிற்சித் திட்டங்கள் பெரும்பாலும் MoT ஆல் வழங்கப்படும் விருந்தோம்பல் நிறுவனங்களாலும், மாநில அரசுகள் / யூடி நிர்வாகத்தினாலும், மற்றும் நட்சத்திர வகைப்படுத்தப்பட்ட ஹோட்டல்களாலும் பட்டியலிடப்பட்ட பிற நிறுவனங்களால் நடத்தப்படுகின்றன. ஒரு வகுப்பில் குறைந்தபட்சம் 25 பயிற்சியாளர்களும் அதிகபட்சமாக 30 பேரும் இருக்க வேண்டும். இருப்பினும், இந்த திட்டம் உள்ளடக்கிய தன்மையைக் கொண்டிருக்கும். தகுதியான வேட்பாளர்களின் எண்ணிக்கை ஒரு தொகுதியின் தேவையை மீறுகிறது மற்றும் கூடுதல் தொகுதிகள் தேவைப்பட்டால். தொகுதிகளுக்கு இடையில் வேட்பாளர்களின் திட்டமிடல் கட்டம் கட்டப்பட்டால், முதல்-முதல்-அனுமதிக்கப்பட்ட அடிப்படையில் இருக்கும். 90% குறைந்தபட்ச வருகை உள்ள பயிற்சியாளர்கள் பாடநெறி தேர்வில் தோன்றி முடிவடைய வேண்டும் மற்றும் அந்த சோதனை மற்றும் வெற்றிகரமாக தேர்ச்சி பெற்றவர்களுக்கு சம்பந்தப்பட்ட NCHMCT / நிறுவனத்தின் கூட்டு சான்றிதழ் வழங்கப்படும். உதவித்தொகை மற்றும் சோதனையில் தோற்றமளிக்கும் நோக்கத்திற்காக வருகை விதிமுறையை 10% தளர்த்த பதிவு செய்யப்பட வேண்டிய காரணங்களுக்காக அதிபருக்கு விருப்பம் இருக்கும். இந்த திட்டத்திற்கு SuoMotu முன்முயற்சிகளின் கீழ் சேவை வழங்குநர்களுக்கான MoT இன் திறன் மேம்பாட்டுத் திட்டத்தின் கீழ் நிதியுதவி வழங்கப்படும். இந்தத் திட்டத்திலிருந்து தேர்ச்சி பெறுவோர் வேலைவாய்ப்பை எளிதாக்க MoT மற்றும் செயல்படுத்தும் நிறுவனம் நனவான முயற்சியை மேற்கொள்ளும். மெகா சுற்றுலாத் தலங்களில் அவர்கள் வேலை செய்வதற்கான சாத்தியங்களும் ஆராயப்படும். வர்த்தகத்தில் பங்குதாரர்களால் வளாக ஆட்சேர்ப்புகளை ஏற்பாடு செய்ய முயற்சிகள் மேற்கொள்ளப்படும்.",
               "schemeEligiiblity":"சேர்க்கைக்கான குறைந்தபட்ச தகுதி பட்டதாரிகளைத் தவிர 8 ஆம் வகுப்பு தேர்ச்சி.",
               "schemeTargetGroup":"பயிற்சி திட்டங்கள் 18 முதல் 28 வயதுக்குட்பட்ட 8 வது தேர்ச்சி இளைஞர்களுக்கு திறந்திருக்கும்.",
               "schemeMiscDetails":"80% வருகையுடன் வாங்கிய ஒரு பயிற்சியாளருக்கு ரூ. 1,500 / - உணவு மற்றும் பான சேவை சேவை ஸ்டீவர்ட், அறை உதவியாளர் மற்றும் முன்னணி அலுவலக அசோசியேட் பாடநெறி, பாரம்பரிய சுற்றுலா வழிகாட்டிகள் மற்றும் சுற்றுலா வழிகாட்டி மற்றும் மல்டி கியூசின் குக், கிராஃப்ட் பேக்கர் மற்றும் நிராயுதபாணியான பாதுகாப்பு காவலர் படிப்புகளுக்கு ரூ .2,000 / -.",
               "schemeDepartments":"NIL"
            },
         ]
      },
         ]
      },
   