{
   "ListOfMinistries":[
      {
         "ministryId":1,
         "ministryName":"இளைஞர் விவகாரங்கள் மற்றும் விளையாட்டு அமைச்சகம்",
         "ministrySchemesList":[
       {
               "schemeUiId":"M_0027_S_001",
               "schemeName":"ராஷ்டிரிய யுவ சாஷக்திகாரன் காரியக்ரம் (ரைஸ்க்)",
               "schemeObj":"இந்தத் திட்டம் இளைஞர்களின் ஆளுமை மற்றும் தலைமைப் பண்புகளை வளர்ப்பது மற்றும் தேசத்தைக் கட்டியெழுப்பும் நடவடிக்கைகளில் ஈடுபடுவதை நோக்கமாகக் கொண்டுள்ளது.",
               "schemeDesc":"ராஷ்டிரிய யுவ சாஷ்திகாரன் காரியக்ரம் திட்டம் இளைஞர் விவகாரங்கள் மற்றும் விளையாட்டு அமைச்சின் மத்திய துறை திட்டமாகும், இது 12 வது ஐந்தாண்டு திட்டத்திலிருந்து தொடர்கிறது. இளைஞர்களின் அபிவிருத்தி மற்றும் வலுவூட்டலுக்கான பல திட்டங்களை இளைஞர் விவகார திணைக்களம் இயக்கி வருகிறது. திட்டங்களின் மறுசீரமைப்பு 2014 ஆம் ஆண்டில் அவற்றின் செயல்திறனை மேம்படுத்துவதற்காக செய்யப்பட்டது. இந்த செயல்பாட்டில் 8 திட்டங்கள் ஒன்றிணைக்கப்பட்டு 01.04.2016 முதல் நடைமுறைக்கு வரும் வகையில் ராஷ்டிரிய யுவ சாஷ்திகாரன் காரியக்ரம் (ஆர்.ஒய்.எஸ்.கே) எனப்படும் குடை திட்டத்தை உருவாக்கியது. இது இளைஞர்களை மேம்படுத்துவதற்கான திணைக்களத்தின் முதன்மை திட்டமாகும், இளைஞர் விவகாரங்கள் மற்றும் விளையாட்டு அமைச்சகம் இளைஞர்களின் திறனை உணர உதவுகிறது. எட்டு திட்டங்கள் ராஷ்டிரிய யுவ சஷக்திகரன் காரியக்ரம் (RYSK) என்ற புதிய 'குடை' திட்டத்தில் இணைக்கப்பட்டுள்ளன, இது புதிய குடைத் திட்டமாகும், இது நேரு யுவ கேந்திர சங்கதன் NYKS), தேசிய இளைஞர் படைகள் (NYC), இளைஞர் மற்றும் இளம்பருவத்திற்கான தேசிய திட்டம் .",
               "schemeEligiiblity":"தேசிய இளைஞர் கொள்கை, 2014 இல் 'இளைஞர்கள்' என்ற வரையறைக்கு ஏற்ப, இந்த திட்டம் 15-29 வயதுக்குட்பட்ட இளைஞர்களுக்கு தகுதியானது. குறிப்பாக இளம் பருவத்தினருக்கான திட்டக் கூறுகளின் விஷயத்தில், வயது 10 -19 ஆண்டுகள்.",
               "schemeTargetGroup":"இந்தியாவின் இளைஞர்கள்",
               "schemeMiscDetails":"2015-16 ஆம் ஆண்டுக்கான மொத்த பட்ஜெட் ஒதுக்கீடு (திட்டம்) ரூ .384 கோடியாக இருந்தது, இது 2015-16 ஆம் ஆண்டில் ரூ .369.38 கோடியாக இருந்தது. 2016-17 ஆம் ஆண்டில் நிதி ஒதுக்கீடு அதிகரிக்கப்பட்டு ரூ. 500 கோடி. இந்த திட்டம் 2017-18 முதல் 2019-2020 வரை ரூ .1160 கோடி பட்ஜெட் செலவினத்துடன் தொடரப்பட உள்ளது.",
               "schemeDepartments":"இளைஞர் விவகாரங்கள் துறை"
            },
           {
               "schemeUiId":"M_0027_S_002",
               "schemeName":"தேசிய சேவை திட்டம்",
               "schemeObj":"தேசிய சேவை திட்டத்தின் (என்எஸ்எஸ்) முக்கிய நோக்கங்கள்: அவர்கள் பணிபுரியும் சமூகத்தைப் புரிந்து கொள்ளுங்கள், தங்கள் சமூகம் தொடர்பாக தங்களைப் புரிந்து கொள்ளுங்கள், சமூகத்தின் தேவைகளையும் சிக்கல்களையும் அடையாளம் கண்டு பிரச்சினைகளைத் தீர்ப்பதில் அவர்களை ஈடுபடுத்துங்கள், தங்களுக்குள் ஒரு உணர்வை வளர்த்துக் கொள்ளுங்கள் சமூக மற்றும் குடிமைப் பொறுப்பு, தனிநபர் மற்றும் சமூகப் பிரச்சினைகளுக்கு நடைமுறைத் தீர்வுகளைக் கண்டறிவதில் அவர்களின் அறிவைப் பயன்படுத்துதல், குழு வாழ்வு மற்றும் பொறுப்புகளைப் பகிர்வதற்குத் தேவையான திறனை வளர்த்துக் கொள்ளுதல், சமூக பங்களிப்பை அணிதிரட்டுவதில் திறன்களைப் பெறுதல், தலைமைத்துவ குணங்கள் மற்றும் ஜனநாயக அணுகுமுறைகளைப் பெறுதல், அவசரநிலைகளைச் சந்திக்கும் திறனை உருவாக்குதல் மற்றும் இயற்கை பேரழிவுகள் மற்றும் தேசிய ஒருங்கிணைப்பு மற்றும் சமூக நல்லிணக்கத்தை கடைப்பிடிக்கவும்.",
               "schemeDesc":"தேசிய சேவைத் திட்டம் (என்எஸ்எஸ்) காந்தி நூற்றாண்டு ஆண்டில் செப்டம்பர் 24, 1969 அன்று பிறந்தது. சமூக சேவையின் மூலம் மாணவர்களின் ஆளுமையை வளர்ப்பதே என்.எஸ்.எஸ்ஸின் நோக்கம். என்எஸ்எஸ்ஸின் குறிக்கோள் அல்லது கண்காணிப்புச் சொல் “நான் அல்ல நீ தான்”. 40,000 மாணவர்களைக் கொண்ட 37 பல்கலைக்கழகங்களில் இந்த திட்டம் முதன்முதலில் தொடங்கப்பட்டது. இன்று என்எஸ்எஸ் +2 நிலை முதல் கல்லூரி மற்றும் பல்கலைக்கழக மட்டம் வரையிலான உறுப்பினர்களைக் கொண்ட நாட்டின் மிகப்பெரிய மாணவர்களின் அமைப்பாக மாறியுள்ளது. தன்னார்வலர்களின் வலிமை இப்போது 30 லட்சத்திற்கும் அதிகமாக அதிகரித்துள்ளது, இது என்எஸ்எஸ் உலகின் மிகப்பெரிய மாணவர் சக்திகளில் ஒன்றாகும். சமூக சொத்துக்களை கட்டியெழுப்புவதற்கான அதன் திட்டங்களை செயல்படுத்துவதில், கல்வி மற்றும் சமூக சேவைகளின் மூலம் வறிய மக்களுக்கு உதவுவதில் என்எஸ்எஸ் பல்வேறு அரசு நிறுவனங்கள் மற்றும் அரசு சாரா நிறுவனங்களுடன் நல்ல உறவைக் கொண்டுள்ளது. மாணவர்களின் ஆளுமையின் வளர்ச்சிக்கு மட்டுமல்லாமல், பல்வேறு புவியியல் மற்றும் சமூக-கலாச்சார பின்னணிகளைச் சேர்ந்த இளைஞர்களை ஒன்றிணைப்பதன் மூலம் தேசத்தின் ஒற்றுமையையும் ஒருமைப்பாட்டையும் மேம்படுத்தவும் இது உதவுகிறது. தேசிய சேவை திட்டம் (என்எஸ்எஸ்) 1969 முதல் ஜாதவ்பூர் பல்கலைக்கழகத்தில் செயல்படத் தொடங்கியது, இந்தத் திட்டத்தின் செயல்திறன் மிகவும் திருப்திகரமாக உள்ளது. பதிவு செய்யப்பட்ட மூவாயிரத்துக்கும் மேற்பட்ட மாணவர் தன்னார்வலர்கள் திட்ட அலுவலர்கள் மற்றும் திட்ட ஒருங்கிணைப்பாளரின் மேற்பார்வையில் வழக்கமான மற்றும் சிறப்பு முகாம் திட்டங்களில் பல்வேறு நடவடிக்கைகளில் ஈடுபட்டு வருகின்றனர்.",
               "schemeEligiiblity":"யுஜிசி / மாநில அரசால் அங்கீகரிக்கப்பட்ட பல்கலைக்கழகங்களுடன் இணைந்த +2 கட்டத்தில் எந்தவொரு இளங்கலை பாடத்திலும் தன்னை / தன்னை ஒரு வழக்கமான மாணவராக சேர்த்துக் கொள்ளும் எந்தவொரு நபரும். பல்கலைக்கழக மட்டத்தில் என்எஸ்எஸ் திறந்த பிரிவுக்கு மட்டுமே சமூக அக்கறை கொண்ட மற்றும் சமூக சேவைக்காக தனது / அவள் நேரத்தை ஒதுக்க விரும்பும் எந்தவொரு நபரும் தன்னை / தன்னை பதிவுசெய்ய முடியும்.",
               "schemeTargetGroup":"NI",
               "schemeMiscDetails":"இன்று என்எஸ்எஸ் 396 பல்கலைக்கழகங்கள் / +2 கவுன்சில்கள், 16,331 கல்லூரிகள் / தொழில்நுட்ப நிறுவனங்கள் மற்றும் நாடு முழுவதும் 28,621 மூத்த இடைநிலைப் பள்ளிகள் மூலம் 41,442 என்எஸ்எஸ் பிரிவுகளில் சுமார் 3.86 மில்லியன் மாணவர் இளைஞர்களை சேர்த்துள்ளது.",
               "schemeDepartments":"இளைஞர் விவகாரங்கள் துறை"
            },
            {
               "schemeUiId":"M_0027_S_003",
               "schemeName":"விளையாட்டு மேம்பாட்டிற்கான கெலோ இந்தியா தேசிய திட்டம்",
               "schemeObj":"ஒரு கட்டமைக்கப்பட்ட போட்டியின் மூலம் வருடாந்திர விளையாட்டுப் போட்டிகளில் இளைஞர்களின் பெருமளவிலான பங்கேற்பு, திறமைகளை அடையாளம் காணுதல், இருக்கும் விளையாட்டுக் கல்விக்கூடங்கள் மூலம் திறமைகளை வளர்ப்பது மற்றும் வளர்ப்பது மற்றும் மத்திய அரசு அல்லது மாநில அரசு அல்லது பிபிபி முறையில் புதியது, மொஃபுசில் விளையாட்டு உள்கட்டமைப்பை உருவாக்குதல் , தெஹ்ஸில், மாவட்டம், மாநில அளவுகள் போன்றவை. திட்டத்தின் கீழ் தேர்ந்தெடுக்கப்பட்ட ஒவ்வொரு விளையாட்டு வீரருக்கும் ஆண்டுக்கு ரூ. தொடர்ச்சியாக 8 ஆண்டுகளுக்கு 5.00 லட்சம்.",
               "schemeDesc":"'ராஜீவ் காந்தி கெல் அபியான்' (முந்தைய 'யுவ கிருதா & கெல் அபியான்'), 'நகர்ப்புற விளையாட்டு உள்கட்டமைப்பு திட்டம்' மற்றும் 'தேசிய விளையாட்டு திறமை தேடல் அமைப்பு ஆகியவற்றை இணைப்பதன் மூலம் கெலோ இந்தியா - விளையாட்டு மேம்பாட்டுக்கான தேசிய திட்டத்தை செயல்படுத்த இந்திய அரசு ஒப்புதல் அளித்துள்ளது. திட்டம் '2016-17 நிதியாண்டு முதல் மத்திய துறை திட்டமாக. இத்திட்டத்தின் முக்கிய நோக்கங்களில் ஒன்று, நாடு முழுவதிலுமிருந்து திறமையான விளையாட்டு வீரர்களைக் கண்டறிந்து வழிகாட்டுதலின் மூலம் திறமைகளை வளர்ப்பது மற்றும் உள்கட்டமைப்பு வசதிகளை மேம்படுத்துவது. இந்த சூழலில், கெலோ இந்தியா நான்கு நோக்கங்களைக் கொண்டுள்ளது: கட்டமைக்கப்பட்ட வருடாந்திர விளையாட்டுப் போட்டியை நடத்துதல் மற்றும் இளைஞர்களின் பெருமளவிலான பங்களிப்பை ஊக்குவித்தல், இந்த போட்டிகளின் மூலம் திறமைகளை அடையாளம் காணுதல், தற்போதுள்ள மற்றும் புதிய உள்கட்டமைப்பு மூலம் திறமைகளை வழிநடத்துதல் மற்றும் வளர்ப்பது, பல்வேறு மட்டங்களில் விளையாட்டு உள்கட்டமைப்பை உருவாக்குதல். இந்த நோக்கங்களை எளிதாக்க கெலோ இந்தியா நான்கு கூறுகளைக் கொண்டுள்ளது: போட்டி, ஸ்பான்சர்ஷிப், திறமை மற்றும் உள்கட்டமைப்பு. இந்த திட்டத்தின் கீழ், மாநில வாரியாக பட்ஜெட் ஒதுக்கீடு செய்யப்படவில்லை மற்றும் அவற்றின் நம்பகத்தன்மையின் அடிப்படையில் திட்டங்கள் அனுமதிக்கப்படுகின்றன. திட்ட வாரியாக நிதி வெளியிடப்படுகிறது. மேலும், கெலோ இந்தியா திட்டத்தின் ஒரு பகுதியாக கெலோ இந்தியா பள்ளி விளையாட்டுகளும் நடத்தப்படுகின்றன. கெலோ இந்தியா திட்டத்தின் ஒரு பகுதியாக இருக்கும் கெலோ இந்தியா பள்ளி விளையாட்டுக்கள் 2018 ஜனவரி 31 முதல் பிப்ரவரி 8 வரை புதுதில்லியில் நடைபெறுகின்றன. வில்வித்தை, தடகள, பூப்பந்து, கூடைப்பந்து, குத்துச்சண்டை, கால்பந்து, ஜிம்னாஸ்டிக்ஸ், ஹாக்கி, ஜூடோ, கபடி, கோ-கோ, படப்பிடிப்பு, நீச்சல், கைப்பந்து, பளு தூக்குதல், மற்றும் மல்யுத்தம்.",
               "schemeEligiiblity":"6 முதல் 12 வயதுக்கு மேற்பட்டவர்கள், 12 வயதிற்கு மேற்பட்டவர்கள், 18 வயதுக்கு மேற்பட்டவர்கள், 36 வயதிற்குட்பட்டவர்கள், 36 வயதிற்குட்பட்டவர்கள் மற்றும் 50 வயதிற்கு மேற்பட்டவர்கள் என ஐந்து வித்தியாசமான வயதுக் குழுக்கள் தொடர்பாக போட்டிகள் நடத்தப்படும். வயதுக்கு மேற்பட்ட போட்டிகள் வயது வந்தோரின் பொது சுகாதாரம் மற்றும் நல்வாழ்வை மனதில் கொண்டு 36 பேர் முன்மொழியப்பட்டுள்ளனர். இந்த தேர்ந்தெடுக்கப்பட்ட வேட்பாளர்கள் எஸ்.ஏ.ஐ (இந்திய விளையாட்டு ஆணையம்) மையங்கள் மற்றும் விளையாட்டு அகாடமிகளில் உதவித்தொகை அல்லது சேர்க்கைக்கு தகுதியுடையவர்கள். விளையாட்டு வீரர்கள் நீண்ட கால தடகள மேம்பாட்டு (எல்.டி.ஏ.டி) திட்டத்திற்கு தேர்வு செய்யப்படுகிறார்கள், அங்கு அவர்கள் அங்கீகாரம் பெற்ற கல்விக்கூடங்கள் மற்றும் எஸ்.ஏ.ஐ மையங்களில் பயிற்சி பெறுவார்கள்.",
               "schemeTargetGroup":"இந்த திட்டத்தின் முக்கிய நோக்கங்களில் ஒன்று விளையாட்டு திறமைகளை அடையாளம் காண்பது. பங்கேற்பாளர்களில் திறமையான விளையாட்டு வீரர்கள் மாவட்ட, மாநில மற்றும் தேசிய மட்டங்களில் நடத்தப்படும் போட்டிகளை 6-12 மற்றும் 12-18 வயதுக்குட்பட்டவர்களில் அடையாளம் காணப்படுகிறார்கள்.",
               "schemeMiscDetails":"நிதி கிடைப்பதில் உள்ள தடையை கருத்தில் கொண்டு, ரூ. 230 கோடி 2016-17 ஆம் ஆண்டுக்கான போட்டிகளுக்கு ஒதுக்கப்பட்டுள்ளது. கெலோ இந்தியா திட்டத்திற்கு ஒட்டுமொத்தமாக ரூ. 500 கோடி. இருப்பினும், விளையாட்டுகளை பிரபலப்படுத்துவதற்கும், தரமான போட்டிகளை ஒழுங்கமைப்பதற்கும், செலவினங்களின் அளவை குறைந்தபட்சம் ரூ. 1200 முதல் ரூ. அடுத்தடுத்த நிதியாண்டில் 1500 கோடி ரூபாய்.",
               "schemeDepartments":"விளையாட்டுத் துறை"
            },
            {
               "schemeUiId":"M_0027_S_004",
               "schemeName":"ஆலிம்பிக் போடியம் திட்டத்தை (டாப்ஸ்) குறிவைக்கவும்",
               "schemeObj":"வருடாந்த பயிற்சி மற்றும் போட்டியின் காலெண்டரின் (ஏ.சி.டி.சி) கீழ் திட்டமிடப்பட்டுள்ளதை விட, தடகள வீரர்களின் தயாரிப்புகளுக்கு கூடுதல் உத்வேகம் அளிப்பதே திட்டத்தின் முக்கிய நோக்கம். இலக்கு ஒலிம்பிக் போடியம் திட்டம் என்பது இளைஞர் விவகாரங்கள் மற்றும் விளையாட்டு அமைச்சின் ஒரு முக்கிய திட்டமாகும், இது இந்தியாவின் சிறந்த விளையாட்டு வீரர்களுக்கு உதவி வழங்கும் முயற்சியாகும். இந்த விளையாட்டு வீரர்கள் 2020 மற்றும் 2024 ஒலிம்பிக்கில் ஒலிம்பிக் பதக்கங்களை வெல்லும் வகையில் ஒரு பிரீமியத்தை சேர்க்க இந்த திட்டம் தெரிகிறது.",
               "schemeDesc":"இந்தியாவின் ஒலிம்பிக் பதக்கக் கனவை நனவாக்கும் பொருட்டு, 2016 (ரியோ) மற்றும் 2020 (டோக்கியோ) ஒலிம்பிக்கில், இளைஞர் விவகாரங்கள் மற்றும் விளையாட்டு அமைச்சகம் (மியாஸ்) இலக்கு ஒலிம்பிக் போடியம் திட்டத்தை (டாப்ஸ் அல்லது டாப் ஸ்கீம்) 2014 செப்டம்பரில் நிறுவியது. இந்த திட்டத்தின் நோக்கம், ஒலிம்பிக் மேடையை அடையக்கூடிய உயரடுக்கு விளையாட்டு வீரர்களை அடையாளம் காண ஒரு குழு (TOPS எலைட் தடகள அடையாளக் குழு) அமைக்கப்பட்டது. ‘உயர் முன்னுரிமை’ விளையாட்டுகளில் (வில்வித்தை, பூப்பந்து, குத்துச்சண்டை ஹாக்கி, படப்பிடிப்பு மற்றும் மல்யுத்தம்) பிரதிநிதித்துவத்தை உறுதி செய்வதில் முக்கியத்துவம் வாய்ந்த TOPS உறுப்பினர்களை நியமிக்க இளைஞர் விவகாரங்கள் மற்றும் விளையாட்டு அமைச்சகம் பொறுப்பாகும். குழுவின் மொத்த உறுப்பினர்களை MYAS தீர்மானிக்க வேண்டும். குழுவிற்கு குறைந்தபட்ச / அதிகபட்ச உறுப்பினர்களை TOPS அரசியலமைப்பு விதிக்கவில்லை. முதல் குழு ஸ்ரீ தலைமையில் அமைக்கப்பட்டது. அனுராக் தாக்கூர் (எம்.பி.) மற்றும் சிறந்த விளையாட்டு வீரர்கள் (புல்லெல்லா கோபிசந்த், ராகுல் திராவிட், அபிநவ் பிந்த்ரா, மற்றும் மனிஷா மல்ஹோத்ரா) மற்றும் இந்திய விளையாட்டு ஆணையம் (எஸ்.ஏ.ஐ) மற்றும் மியாஸ் [டி.ஜி எஸ்.ஏ.ஐ மற்றும் ஜே.எஸ் (விளையாட்டு)] ஆகியவற்றின் விளையாட்டு நிர்வாகிகள் அடங்குவர். மொத்தம் 62 விளையாட்டு வீரர்கள் (30 தனிப்பட்ட விளையாட்டு வீரர்கள் + 16 உறுப்பினர் ஆண்கள் ஹாக்கி அணி +16 உறுப்பினர் பெண்கள் ஹாக்கி அணி) ஏற்கனவே டோக்கியோ 2020 ஒலிம்பிக்கிற்கு தகுதி பெற்றுள்ளனர். கூடுதலாக 23 பாரா-விளையாட்டு வீரர்கள் டோக்கியோ 2020 பாராலிம்பிக்கிற்கு தகுதி பெற்றுள்ளனர். 'தேசிய விளையாட்டு கூட்டமைப்புகளுக்கான உதவி' திட்டத்தின் கீழ், அடையாளம் காணப்பட்ட நம்பிக்கைக்குரிய விளையாட்டு வீரர்கள் / அணிகள் அந்தந்த தேசிய விளையாட்டு கூட்டமைப்பு மூலம் தேவையான அனைத்து வசதிகளையும் அளிக்கின்றன, அவற்றின் தயாரிப்புகளுக்காக, ஆரோக்கியமான சத்தான உணவு, உணவு சப்ளிமெண்ட்ஸ், உபகரணங்கள், மாநிலத்தின் நிலை கலை உள்கட்டமைப்பு, உறைவிடம் மற்றும் பயண வசதிகள், புகழ்பெற்ற இந்திய மற்றும் வெளிநாட்டு பயிற்சியாளர்கள் / துணை ஊழியர்களின் சேவைகள், அறிவியல் மற்றும் மருத்துவ உதவிகள், விளையாட்டு கிட் போன்றவை. வெளிநாடுகளில் பயிற்சி பெறுவதற்கும், இந்தியாவிலும் வெளிநாட்டிலும் நடைபெறும் சர்வதேச போட்டிகளில் பங்கேற்பதற்கான நிதி உதவி. இந்திய விளையாட்டு ஆணையம் (SAI) டேபிள் டென்னிஸுக்கு 2 வெளிநாட்டு பயிற்சியாளர்கள் உட்பட 19 பயிற்சியாளர்களைக் கொண்டுள்ளது.",
               "schemeEligiiblity":"இது உலகத்தரம் வாய்ந்த வசதிகளைக் கொண்ட நிறுவனங்களில் தேர்ந்தெடுக்கப்பட்ட விளையாட்டு வீரர்களுக்கு தனிப்பயனாக்கப்பட்ட பயிற்சியையும், மேலும் உயரடுக்கு விளையாட்டு வீரர்களுக்கு தேவையான பிற உதவிகளையும் வழங்கும். இது சர்வதேச தரத்திற்கு இணையாக விளையாட்டு வீரர்களைத் தேர்ந்தெடுப்பதற்கான ஒரு அளவுகோலை வழங்கும். இதன் கீழ், மிஷன் ஒலிம்பிக் கலத்தின் (எம்ஓசி) உறுப்பினர்களான இந்திய விளையாட்டு ஆணையம் (எஸ்ஐஐ) மற்றும் கூட்டமைப்புகள், நிதியை வழங்குவதற்கான நோடல் ஏஜென்சிகளாக இருக்கும். அவர்கள் தடகள சார்பாக சம்பந்தப்பட்ட பயனாளி நபர் மற்றும் நிறுவனத்திற்கு நேரடியாக பணம் செலுத்துவார்கள்.",
               "schemeTargetGroup":"கடைசியாக நடத்தப்பட்ட ஆசிய விளையாட்டு மற்றும் காமன்வெல்த் விளையாட்டுப் போட்டிகளில் இந்தியா பதக்கங்களை வென்றுள்ள ஒலிம்பிக்கில் விளையாடிய விளையாட்டுத் துறைகளில் இந்த திட்டம் கவனம் செலுத்துகிறது அல்லது இதில் பதக்கங்களை வெல்ல இந்தியாவுக்கு நல்ல வாய்ப்பு உள்ளது. 2024 இல் பாரிஸில் நடைபெறும் ஒலிம்பிக் போட்டிகளுக்கும், 2028 இல் லாஸ் ஏஞ்சல்ஸ் விளையாட்டுக்களுக்கும் பதக்க வாய்ப்புள்ள விளையாட்டு வீரர்களின் மேம்பாட்டுக் குழுவிற்கு நிதியளிப்பதும் இந்த திட்டத்தின் யோசனையாகும்.",
               "schemeMiscDetails":"2020 ஒலிம்பிக் விளையாட்டு மற்றும் பாராலிம்பிக் போட்டிகளுக்கான இலக்கு ஒலிம்பிக் போடியம் திட்டத்தின் (டாப்ஸ்) கீழ் ஒலிம்பிக் வாய்ப்பு விளையாட்டு வீரர்களுக்கு தனிப்பயனாக்கப்பட்ட ஆதரவை இளைஞர் விவகாரங்கள் மற்றும் விளையாட்டு அமைச்சகம் (MYAS) வழங்குகிறது. மாதாந்திர உதவித்தொகை ரூ. ஒவ்வொரு விளையாட்டு வீரருக்கும் 50,000 / - டாப்ஸ் கீழ் வழங்கப்படுகிறது. டாப்ஸ் தற்போது 12 விளையாட்டு பிரிவுகளில் 87 விளையாட்டு வீரர்களுக்கு ஆதரவளித்து வருகிறது.",
               "schemeDepartments":"விளையாட்டுத் துறை"
            },
         ]
      },
         ]
      },
   