{
   "ListOfMinistries":[
      {
         "ministryId":1,
         "ministryName":"Ministry of Youth Affairs and Sports",
         "ministrySchemesList":[
            {
               "schemeUiId":"M_0027_S_001",
               "schemeName":"RASHTRIYA YUVA SASHAKTIKARAN KARYAKRAM (RYSK)",
               "schemeObj":"The Scheme aims to develop the personality and leadership qualities of the youth and to engage them in nation building activities.",
               "schemeDesc":"The Rashtriya Yuva Sashaktikaran Karyakram Scheme is a Central Sector Scheme of the Ministry of Youth Affairs & Sports and has been continuing since 12th Five Year Plan. The Department of Youth Affairs has been operating a number of Schemes for development and empowerment of youth. Restructuring of the schemes were done in 2014 in order to improve their effectiveness. In the process 8 ongoing schemes were merged to form the umbrella Scheme called Rashtriya Yuva Sashaktikaran Karyakram (RYSK) with effect from 01.04.2016. It is a flagship programme of the Department for empowerment of the youth, Ministry of youth affairs and sports to enable youth to realise their potential. Eight Schemes are merged into a new ‘umbrella’ Scheme called “Rashtriya Yuva Sashaktikaran Karyakram (RYSK) and it is the new umbrella scheme which consolidates Nehru Yuva Kendra Sangathan NYKS), National Youth Corps (NYC), National Programme for Youth & Adolescent Development (NPYAD), International Cooperation (IC), Youth Hostels (YH),Assistance to Scouting and Guiding Organisations National Discipline Scheme (NDS) and National Young Leaders Programme (NYLP).",
               "schemeEligiiblity":"The Scheme is eligible for youth in the age-group of 15-29 years, in line with the definition of 'youth' in the National Youth Policy, 2014. In case of programme components specifically meant for the adolescents, the age group is 10-19 years.",
               "schemeTargetGroup":"Youths of India",
               "schemeMiscDetails":"The total budget allocation (Plan) for BE 2015-16 was Rs.384 crore which was Rs.369.38 crore at RE 2015-16. The allocation of funds has been increased in BE 2016-17 and has been kept as Rs. 500 crore. The Scheme is to be continued during 2017-18 to 2019-2020 with budget outlay of Rs.1160 crore.",
               "schemeDepartments":"Department of Youth Affairs"
            },
           {
               "schemeUiId":"M_0027_S_002",
               "schemeName":"NATIONAL SERVICE SCHEME",
               "schemeObj":"The main objectives of National Service Scheme (NSS) are : Understand the community in which they work, Understand themselves in relation to their community, Identify the needs and problems of the community and involve them in problem-solving, Develop among themselves a sense of social and civic responsibility, Utilise their knowledge in finding practical solutions to individual and community problems, Develop competence required for group-living and sharing of responsibilities, Gain skills in mobilising community participation, Acquire leadership qualities and democratic attitudes, Develop capacity to meet emergencies and natural disasters and Practise national integration and social harmony.",
               "schemeDesc":"The National Service Scheme (NSS) had its birth on September 24, 1969, during the Gandhi centenary year. The objective of the NSS is development of the personality of students through community service. The motto or watchword of the NSS is “Not me but you”. The scheme was first launched in 37 Universities comprising 40,000 students. Today the NSS has become the largest Government organization of students in the country comprising members from the +2 level to the college and university level. The strength of volunteers has now increased to more than 30 lakhs, which makes the NSS one of the largest student forces in the world. The NSS has good relations with different government agencies and non-government organizations in implementing its programmes for building up community assets, helping the underprivileged people through education and social services. The NSS is useful not only for the development of the students' personality, but it also helps promote the unity and integrity of the nation by bringing together young people from diverse geographical and socio-cultural backgrounds. The National Service Scheme (NSS) started functioning at Jadavpur University, since 1969 and the performance of this scheme is highly satisfactory. More than three thousand recorded student volunteers are working on various activities in regular and special camping programmes under the supervision of the programme officers and programme coordinator.",
               "schemeEligiiblity":"Any person who is enroll himself / herself as a regular student in any undergraduate course at +2 stage affiliated to the Universities recognized by UGC / State Government. Only for NSS open unit at the University level any person who is socially oriented and in willing to devote his / her time for social service can enroll himself / herself .",
               "schemeTargetGroup":"NIL",
               "schemeMiscDetails":"Today NSS has about 3.86 million student youth enrolled in 41,442 NSS units spread over through 396 Universities/ +2 Councils, 16,331 Colleges/ Technical Institutions and 28,621 Senior Secondary Schools across the country.",
               "schemeDepartments":"Department of Youth Affairs"
            },
            {
               "schemeUiId":"M_0027_S_003",
               "schemeName":"KHELO INDIA National PROGRAMME FOR DEVELOPMENT OF SPORTS",
               "schemeObj":"Mass participation of youth in annual sports competitions through a structured competition, Identification of talent, Guidance and nurturing of the talent through existing sports academies and new set up either by the central Government or State Government or in PPP mode, Creation of Sports Infrastructure at mofussil, Tehsil, District, State levels, etc. Each athlete selected under the scheme shall receive an annual scholarship worth Rs. 5.00 lakh for 8 consecutive years.",
               "schemeDesc":"The government of India has approved the implementation of Khelo India – National Programme on Development of Sports by merging ‘Rajiv Gandhi Khel Abhiyan’ (erstwhile ‘Yuva Krida & Khel Abhiyan’), ‘Urban Sports Infrastructure Scheme’ and ‘National Sports Talent Search System Programme’ as Central Sector Scheme from the financial year 2016-17 onwards. One of the key objectives of the scheme is to identify talented athletes from across the country and nurture the talent through guidance and developed infrastructural facilities. In this context, Khelo India has four objectives: Conduct structured annual sports competition and encourage Mass participation of youth, Identify talent through these competitions, Guidance and nurturing of the talent through the existing and new infrastructure, Creation of Sports infrastructure at various levels. To facilitate these objectives khelo india has four components : Competition, Sponsorship, Talent and Infrastructure. Under this scheme,State wise budget allocation is not made and projects are sanctioned based on their viability. Funds are released project wise. Further,Khelo India School Games are also conducted as a part of the Khelo India programme. Khelo India School Games, which are a part of the Khelo India programme, are being held from 31st January to 8th February, 2018 in New Delhi. Under-17 athletes have been invited to participate across 16 disciplines, which are as follows: Archery, Athletics, Badminton, Basketball, Boxing, Football, Gymnastics, Hockey, Judo, Kabaddi, Kho-Kho, Shooting, Swimming, Volleyball, Weightlifting, and Wrestling.",
               "schemeEligiiblity":"The competitions will be conducted in respect of five distinct age groups, namely, age above 6 -under 12, above 12 -under 18, above 18- under 36, above 36-under 50 and above 50. The competitions above the age group of 36 are proposed keeping in mind the general health and wellbeing of adult population These selected candidates are eligible for scholarships or admission into SAI (Sports Authority of India) Centres and Sports Academies. The athletes are selected for Long Term Athlete Development (LTAD) programme, where they would receive training in the accredited academies and SAI centers.",
               "schemeTargetGroup":"One of the key purposes of the scheme is to identify sporting talent.  Talented sportspersons among the participants form the competitions conducted at District, State and National levels are identified under the age groups of 6-12 and 12-18.",
               "schemeMiscDetails":"In view of constraint of availability of funds, an amount of Rs. 230 crore is earmarked for competitions for 2016-17 with an overall allocation for the programme Khelo India at Rs. 500 crores. However, with a view to popularize sports and organize quality competitions, the scale of expenditure will have to be revised to at least Rs. 1200 to Rs. 1500 crores in subsequent financial years.",
               "schemeDepartments":"Department of Sports"
            },
            {
               "schemeUiId":"M_0027_S_004",
               "schemeName":"TARGET OLYMPIC PODIUM SCHEME (TOPS) ",
               "schemeObj":"The main objective of the Scheme is to provide added impetus towards the athlete’s preparations, over and above what is planned under the Annual Calendar of Training and Competition (ACTC). The Target Olympic Podium Scheme is a flagship program of the Ministry of Youth Affairs and Sports which is an attempt to provide assistance to India’s top athletes. The Scheme looks to add a premium to the preparations of these athletes so that they can win Olympic medals in 2020 and 2024 Olympics.",
               "schemeDesc":"In order to realize India’s Olympic medal dream, at the 2016 (Rio) and 2020 (Tokyo) Olympics, the Ministry of Youth Affairs and Sports (MYAS) established the Target Olympics Podium Scheme (TOPS or TOP Scheme) in September 2014. To fulfill the objective of this scheme, a committee (TOPS Elite Athletes’ Identification Committee) was constituted to identify the elite athletes who could achieve the Olympic podium. The Ministry of Youth Affairs & Sports is responsible for appointment of TOPS members with emphasis on ensuring representation from ‘High-Priority’ sports (Archery, Badminton, Boxing Hockey, Shooting and Wrestling). The total members of the committee are to be decided by MYAS. TOPS constitution does not stipulate minimum/maximum members for the committee. The first committee was constituted under the chairmanship of Shri. Anurag Thakur (MP) and comprised of eminent athletes (Pulella Gopichand, Rahul Dravid, Abhinav Bindra, and Manisha Malhotra) and sports administrators from Sport Authority of India (SAI) and the MYAS [DG SAI and JS (Sports)]. A total of 62 athletes (30 Individual athletes + 16 member Men’s Hockey Team +16 member Women’s Hockey Team) have already qualified for the TOKYO 2020 Olympics.  In addition 23 Para-athletes have qualified for the TOKYO 2020 Paralympics. Under the scheme of ‘Assistance to National Sports Federations’, identified promising sportspersons/teams are provided with all the requisite facilities through respective National Sports Federation for their preparations, such as wholesome nutritious diet, food supplements, equipments, state-of-the-art infrastructure, lodging & travelling facilities, services of reputed Indian and Foreign Coaches/Supporting staff, Scientific & Medical supports, Sports Kit etc. besides financial assistance for their abroad training and participation in International Competitions in India and abroad. The Sports Authority of India (SAI) has 19 Coaches, including 2 Foreign Coaches, for Table Tennis.",
               "schemeEligiiblity":"It will provide selected sportspersons customized training at institutes having world class facilities and also other necessary support is being provided to the elite athletes. It will also provide a benchmark for selection of athletes on par with international standards. Under it, Sports Authority of India (SAI) and federations, which are members of Mission Olympic Cell (MOC), will be nodal agencies for disbursal for fund. They will make payments directly to beneficiary person and institution concerned on behalf of athletes.",
               "schemeTargetGroup":"The scheme focuses on those sports disciplines played in the Olympics in which India has won medals in the last conducted Asian Games as well as Commonwealth Games or in which India has a good chance of winning medals. The idea of the Scheme is to also keep an eye on the future and fund a Developmental Group of Athletes who are medal prospects for the Olympic Games in Paris in 2024 and Los Angeles Games in 2028.",
               "schemeMiscDetails":"The Ministry of Youth Affairs and Sports (MYAS) is providing customised support to Olympic prospects athletes under the Target Olympic Podium Scheme (TOPS) for the 2020 Olympic Games and Paralympic Games. Monthly stipend of Rs. 50,000/- to each athlete is also provided under TOPS. TOPS is currently supporting 87 athletes across 12 sports disciplines.",
               "schemeDepartments":"Department of Sports"
            },
         ]
      },
         ]
      },

